{
"type": "FeatureCollection",
"name": "grat30",
"crs": { "type": "name", "properties": { "name": "urn:ogc:def:crs:ESRI::102016" } },
"features": [
{ "type": "Feature", "properties": { "ObjectID": 0, "WRLD30_ID": 1.0 }, "geometry": { "type": "Polygon", "coordinates": [ [ [ 0.000000003383511, 3347892.909822208806872 ], [ 0.000000003270905, 3236472.181952470913529 ], [ 0.000000003158282, 3125034.809107469860464 ], [ 0.000000003045643, 3013581.160408321768045 ], [ 0.000000002932987, 2902111.625084041152149 ], [ 0.000000002820316, 2790626.612004714086652 ], [ 0.00000000270763, 2679126.549189361277968 ], [ 0.000000002594929, 2567611.883289012592286 ], [ 0.000000002482213, 2456083.079045663122088 ], [ 0.000000002369484, 2344540.618727704510093 ], [ 0.000000002256742, 2232985.001542528159916 ], [ 0.000000002143987, 2121416.743027011863887 ], [ 0.000000002031219, 2009836.374416654696688 ], [ 0.00000000191844, 1898244.441994099644944 ], [ 0.00000000180565, 1786641.506417903583497 ], [ 0.000000001692849, 1675028.142032373463735 ], [ 0.000000001580038, 1563404.936159348813817 ], [ 0.000000001467218, 1451772.488372835563496 ], [ 0.000000001354389, 1340131.409757422748953 ], [ 0.000000001241552, 1228482.322151441592723 ], [ 0.000000001128708, 1116825.857375848572701 ], [ 0.000000001015857, 1005162.656449819914997 ], [ 0.000000000902999, 893493.36879413574934 ], [ 0.000000000790136, 781818.651423329836689 ], [ 0.000000000677269, 670139.168127737124451 ], [ 0.000000000564397, 558455.588646475109272 ], [ 0.000000000451522, 446768.587832485616673 ], [ 0.000000000338644, 335078.844810732582118 ], [ 0.000000000225764, 223387.04213068052195 ], [ 0.000000000112882, 111693.864914197722101 ], [ 0.0, 0.0 ], [ 0.0, 0.0 ], [ 0.0, 0.0 ], [ 0.0, 0.0 ], [ 0.0, 0.0 ], [ 0.0, 0.0 ], [ 0.0, 0.0 ], [ 0.0, 0.0 ], [ 0.0, 0.0 ], [ 0.0, 0.0 ], [ 0.0, 0.0 ], [ 0.0, 0.0 ], [ 0.0, 0.0 ], [ 0.0, 0.0 ], [ 0.0, 0.0 ], [ 0.0, 0.0 ], [ 0.0, 0.0 ], [ 0.0, 0.0 ], [ 0.0, 0.0 ], [ 0.0, 0.0 ], [ 0.0, 0.0 ], [ 0.0, 0.0 ], [ 0.0, 0.0 ], [ 0.0, 0.0 ], [ 0.0, 0.0 ], [ 0.0, 0.0 ], [ 0.0, 0.0 ], [ 0.0, 0.0 ], [ 0.0, 0.0 ], [ 0.0, 0.0 ], [ 0.0, 0.0 ], [ -55846.932457098810119, 96729.724462562648114 ], [ -111693.521065340159112, 193458.853361434070393 ], [ -167539.42240536614554, 290186.791876838018652 ], [ -223384.29391624260461, 386912.946675831917673 ], [ -279227.794323237321805, 483636.726653240097221 ], [ -335069.584063868271187, 580357.543669591541402 ], [ -390909.325711664569099, 677074.813285094685853 ], [ -446746.684397067467216, 773787.955488660023548 ], [ -502581.328224909550045, 870496.395420994493179 ], [ -558412.928687923820689, 967199.564090821426362 ], [ -614241.1610757203307, 1063896.899083247408271 ], [ -670065.7048787107924, 1160587.845259381458163 ], [ -725886.244186417199671, 1257271.855446224566549 ], [ -781702.468079673708417, 1353948.391115984879434 ], [ -837514.071016186033376, 1450616.923053884645924 ], [ -893320.753208950976841, 1547276.932013603160158 ], [ -949122.220997049007565, 1643927.909359507029876 ], [ -1004918.187208326533437, 1740569.357694836100563 ], [ -1060708.371513505000621, 1837200.791475037112832 ], [ -1116492.500771263148636, 1933821.737605463946238 ], [ -1172270.309363851323724, 2030431.736022678436711 ], [ -1228041.539522830629721, 2127030.340258648153394 ], [ -1283805.94164450513199, 2223617.117987090721726 ], [ -1339563.274594679474831, 2320191.651551327202469 ], [ -1395313.306002355879173, 2416753.538472983054817 ], [ -1451055.812542019411922, 2513302.391940921079367 ], [ -1506790.580204159719869, 2609837.841279794927686 ], [ -1562517.404553733533248, 2706359.532397723291069 ], [ -1618236.090976234059781, 2802867.128212492447346 ], [ -1673946.454911103006452, 2899360.30905583826825 ], [ -1623090.690236308379099, 2928133.116322760470212 ], [ -1571740.516414034180343, 2956013.985876988619566 ], [ -1519911.575204669032246, 2982994.424935567658395 ], [ -1467619.654205781174824, 3009066.214995396323502 ], [ -1414880.682043073000386, 3034221.41433665715158 ], [ -1361710.723518355982378, 3058452.360441949218512 ], [ -1308125.974716068711132, 3081751.672330357134342 ], [ -1254142.758069780655205, 3104112.252805774565786 ], [ -1199777.517390232300386, 3125527.290618775878102 ], [ -1145046.812856381060556, 3145990.262541392352432 ], [ -1089967.315971014788374, 3165494.93535414757207 ], [ -1034555.804482454783283, 3184035.367744754999876 ], [ -978829.157273880788125, 3201605.9121179045178 ], [ -922804.349221871700138, 3218201.216315569821745 ], [ -866498.446025681681931, 3233816.225247330963612 ], [ -809928.599008874734864, 3248446.182430199813098 ], [ -753112.039894853834994, 3262086.631437495816499 ], [ -696066.075557922129519, 3274733.417256312910467 ], [ -638808.082751430571079, 3286382.687553179450333 ], [ -581355.502814661595039, 3297030.893847512546927 ], [ -523725.836360018060077, 3306674.792592524550855 ], [ -465936.637942171655595, 3315311.446163235232234 ], [ -408005.510710779984947, 3322938.223751300945878 ], [ -349950.101048386190087, 3329552.802166386973113 ], [ -291788.093195171793923, 3335153.16654383065179 ], [ -233537.203862153925002, 3339737.610958391334862 ], [ -175215.176834515441442, 3343304.738943888805807 ], [ -116839.77756666415371, 3345853.463918584398925 ], [ -58428.787770715207444, 3347383.00951615953818 ], [ 0.000000003383511, 3347892.909822208806872 ] ] ] } },
{ "type": "Feature", "properties": { "ObjectID": 1, "WRLD30_ID": 2.0 }, "geometry": { "type": "Polygon", "coordinates": [ [ [ 0.0, 0.0 ], [ 0.0, 0.0 ], [ 0.0, 0.0 ], [ 0.0, 0.0 ], [ 0.0, 0.0 ], [ 0.0, 0.0 ], [ 0.0, 0.0 ], [ 0.0, 0.0 ], [ 0.0, 0.0 ], [ 0.0, 0.0 ], [ 0.0, 0.0 ], [ 0.0, 0.0 ], [ 0.0, 0.0 ], [ 0.0, 0.0 ], [ 0.0, 0.0 ], [ 0.0, 0.0 ], [ 0.0, 0.0 ], [ 0.0, 0.0 ], [ 0.0, 0.0 ], [ 0.0, 0.0 ], [ 0.0, 0.0 ], [ 0.0, 0.0 ], [ 0.0, 0.0 ], [ 0.0, 0.0 ], [ 0.0, 0.0 ], [ 0.0, 0.0 ], [ 0.0, 0.0 ], [ 0.0, 0.0 ], [ 0.0, 0.0 ], [ 0.0, 0.0 ], [ 0.0, 0.0 ], [ -96729.72446256261901, 55846.932457098882878 ], [ -193458.853361433983082, 111693.521065340304631 ], [ -290186.791876837902237, 167539.422405366349267 ], [ -386912.94667583174305, 223384.293916242895648 ], [ -483636.726653239922598, 279227.794323237671051 ], [ -580357.543669591308571, 335069.584063868678641 ], [ -677074.813285094453022, 390909.32571166503476 ], [ -773787.955488659674302, 446746.684397068049293 ], [ -870496.395420994143933, 502581.328224910132121 ], [ -967199.564090821077116, 558412.928687924519181 ], [ -1063896.89908324694261, 614241.161075721029192 ], [ -1160587.845259380992502, 670065.704878711607307 ], [ -1257271.855446224100888, 725886.244186418014579 ], [ -1353948.391115984413773, 781702.468079674639739 ], [ -1450616.923053884180263, 837514.071016187081113 ], [ -1547276.932013602461666, 893320.753208952140994 ], [ -1643927.909359506331384, 949122.220997050171718 ], [ -1740569.357694835402071, 1004918.18720832769759 ], [ -1837200.79147503641434, 1060708.371513506397605 ], [ -1933821.737605463014916, 1116492.500771264545619 ], [ -2030431.736022677738219, 1172270.309363852720708 ], [ -2127030.340258647687733, 1228041.539522832026705 ], [ -2223617.117987089790404, 1283805.941644506761804 ], [ -2320191.651551326271147, 1339563.274594681104645 ], [ -2416753.538472982123494, 1395313.306002357508987 ], [ -2513302.391940919682384, 1451055.812542021041736 ], [ -2609837.841279793530703, 1506790.580204161349684 ], [ -2706359.532397722359747, 1562517.404553735395893 ], [ -2802867.128212491516024, 1618236.090976236155257 ], [ -2899360.309055837336928, 1673946.454911105101928 ], [ -2869704.328552042134106, 1724292.319279851391912 ], [ -2839174.208310320973396, 1774112.94750454928726 ], [ -2807779.248101049102843, 1823393.163739220239222 ], [ -2775529.01113323867321, 1872117.956752608995885 ], [ -2742433.321141482330859, 1920272.484500758117065 ], [ -2708502.259393559768796, 1967842.078648030059412 ], [ -2673746.161619573831558, 2014812.249035232467577 ], [ -2638175.614863599184901, 2061168.688093453180045 ], [ -2601801.454258755780756, 2106897.275202291086316 ], [ -2564634.75972672784701, 2151984.080991131719202 ], [ -2526686.852602713275701, 2196415.371582163032144 ], [ -2487969.292186829727143, 2240177.612773858010769 ], [ -2448493.872223047539592, 2283257.474163613282144 ], [ -2408272.617306692060083, 2325641.833208327647299 ], [ -2367317.77922164555639, 2367317.779221647419035 ], [ -2325641.833208324853331, 2408272.617306694854051 ], [ -2283257.474163611419499, 2448493.872223048936576 ], [ -2240177.612773855216801, 2487969.292186832521111 ], [ -2196415.371582161169499, 2526686.852602714672685 ], [ -2151984.080991129856557, 2564634.759726729243994 ], [ -2106897.275202289223671, 2601801.454258757643402 ], [ -2061168.6880934513174, 2638175.614863600581884 ], [ -2014812.249035229440778, 2673746.161619576159865 ], [ -1967842.078648027963936, 2708502.25939356116578 ], [ -1920272.484500755090266, 2742433.321141484659165 ], [ -1872117.95675260713324, 2775529.011133239604533 ], [ -1823393.163739216979593, 2807779.248101051431149 ], [ -1774112.947504547191784, 2839174.208310321904719 ], [ -1724292.319279848132282, 2869704.328552043996751 ], [ -1673946.454911103006452, 2899360.30905583826825 ], [ -1618236.090976234059781, 2802867.128212492447346 ], [ -1562517.404553733533248, 2706359.532397723291069 ], [ -1506790.580204159719869, 2609837.841279794927686 ], [ -1451055.812542019411922, 2513302.391940921079367 ], [ -1395313.306002355879173, 2416753.538472983054817 ], [ -1339563.274594679474831, 2320191.651551327202469 ], [ -1283805.94164450513199, 2223617.117987090721726 ], [ -1228041.539522830629721, 2127030.340258648153394 ], [ -1172270.309363851323724, 2030431.736022678436711 ], [ -1116492.500771263148636, 1933821.737605463946238 ], [ -1060708.371513505000621, 1837200.791475037112832 ], [ -1004918.187208326533437, 1740569.357694836100563 ], [ -949122.220997049007565, 1643927.909359507029876 ], [ -893320.753208950976841, 1547276.932013603160158 ], [ -837514.071016186033376, 1450616.923053884645924 ], [ -781702.468079673708417, 1353948.391115984879434 ], [ -725886.244186417199671, 1257271.855446224566549 ], [ -670065.7048787107924, 1160587.845259381458163 ], [ -614241.1610757203307, 1063896.899083247408271 ], [ -558412.928687923820689, 967199.564090821426362 ], [ -502581.328224909550045, 870496.395420994493179 ], [ -446746.684397067467216, 773787.955488660023548 ], [ -390909.325711664569099, 677074.813285094685853 ], [ -335069.584063868271187, 580357.543669591541402 ], [ -279227.794323237321805, 483636.726653240097221 ], [ -223384.29391624260461, 386912.946675831917673 ], [ -167539.42240536614554, 290186.791876838018652 ], [ -111693.521065340159112, 193458.853361434070393 ], [ -55846.932457098810119, 96729.724462562648114 ], [ 0.0, 0.0 ] ] ] } },
{ "type": "Feature", "properties": { "ObjectID": 2, "WRLD30_ID": 3.0 }, "geometry": { "type": "Polygon", "coordinates": [ [ [ 0.0, 0.0 ], [ 0.0, 0.0 ], [ 0.0, 0.0 ], [ 0.0, 0.0 ], [ 0.0, 0.0 ], [ 0.0, 0.0 ], [ 0.0, 0.0 ], [ 0.0, 0.0 ], [ 0.0, 0.0 ], [ 0.0, 0.0 ], [ 0.0, 0.0 ], [ 0.0, 0.0 ], [ 0.0, 0.0 ], [ 0.0, 0.0 ], [ 0.0, 0.0 ], [ 0.0, 0.0 ], [ 0.0, 0.0 ], [ 0.0, 0.0 ], [ 0.0, 0.0 ], [ 0.0, 0.0 ], [ 0.0, 0.0 ], [ 0.0, 0.0 ], [ 0.0, 0.0 ], [ 0.0, 0.0 ], [ 0.0, 0.0 ], [ 0.0, 0.0 ], [ 0.0, 0.0 ], [ 0.0, 0.0 ], [ 0.0, 0.0 ], [ 0.0, 0.0 ], [ 0.0, 0.0 ], [ -111693.864914197722101, 0.000000000042763 ], [ -223387.04213068052195, 0.000000000085526 ], [ -335078.844810732582118, 0.000000000128288 ], [ -446768.587832485616673, 0.000000000171049 ], [ -558455.588646475109272, 0.00000000021381 ], [ -670139.168127737124451, 0.000000000256569 ], [ -781818.651423329836689, 0.000000000299326 ], [ -893493.36879413574934, 0.000000000342082 ], [ -1005162.656449819914997, 0.000000000384835 ], [ -1116825.857375848572701, 0.000000000427587 ], [ -1228482.322151441592723, 0.000000000470335 ], [ -1340131.409757422748953, 0.000000000513081 ], [ -1451772.488372835563496, 0.000000000555824 ], [ -1563404.936159348813817, 0.000000000598563 ], [ -1675028.142032373463735, 0.000000000641299 ], [ -1786641.506417903583497, 0.000000000684032 ], [ -1898244.441994099644944, 0.00000000072676 ], [ -2009836.374416654696688, 0.000000000769484 ], [ -2121416.743027011863887, 0.000000000812203 ], [ -2232985.001542528159916, 0.000000000854918 ], [ -2344540.618727704510093, 0.000000000897628 ], [ -2456083.079045663122088, 0.000000000940333 ], [ -2567611.883289012592286, 0.000000000983033 ], [ -2679126.549189361277968, 0.000000001025727 ], [ -2790626.612004714086652, 0.000000001068416 ], [ -2902111.625084041152149, 0.000000001111099 ], [ -3013581.160408321768045, 0.000000001153776 ], [ -3125034.809107469860464, 0.000000001196447 ], [ -3236472.181952470913529, 0.000000001239112 ], [ -3347892.909822208806872, 0.000000001281771 ], [ -3347383.00951615953818, 58428.787770717564854 ], [ -3345853.463918583933264, 116839.777566667253268 ], [ -3343304.738943888805807, 175215.176834517798852 ], [ -3339737.6109583908692, 233537.203862157010008 ], [ -3335153.16654383065179, 291788.093195174122229 ], [ -3329552.802166386973113, 349950.101048389275093 ], [ -3322938.223751300945878, 408005.510710782313254 ], [ -3315311.446163234766573, 465936.637942174682394 ], [ -3306674.792592524085194, 523725.836360020388383 ], [ -3297030.893847512081265, 581355.502814664621837 ], [ -3286382.687553178519011, 638808.082751434412785 ], [ -3274733.417256312444806, 696066.075557924457826 ], [ -3262086.631437494885176, 753112.039894856861793 ], [ -3248446.182430198881775, 809928.59900887706317 ], [ -3233816.225247330032289, 866498.446025684708729 ], [ -3218201.216315569356084, 922804.349221874028444 ], [ -3201605.912117903586477, 978829.157273883814923 ], [ -3184035.367744754068553, 1034555.804482456995174 ], [ -3165494.935354146640748, 1089967.315971017815173 ], [ -3145990.262541391886771, 1145046.812856383388862 ], [ -3125527.290618774946779, 1199777.517390235327184 ], [ -3104112.252805773168802, 1254142.758069784380496 ], [ -3081751.67233035620302, 1308125.974716070806608 ], [ -3058452.360441948287189, 1361710.723518358776346 ], [ -3034221.414336656220257, 1414880.682043075095862 ], [ -3009066.214995394460857, 1467619.654205784667283 ], [ -2982994.424935566727072, 1519911.575204671127722 ], [ -2956013.985876987688243, 1571740.516414036275819 ], [ -2928133.116322759073228, 1623090.690236310474575 ], [ -2899360.309055837336928, 1673946.454911105101928 ], [ -2802867.128212491516024, 1618236.090976236155257 ], [ -2706359.532397722359747, 1562517.404553735395893 ], [ -2609837.841279793530703, 1506790.580204161349684 ], [ -2513302.391940919682384, 1451055.812542021041736 ], [ -2416753.538472982123494, 1395313.306002357508987 ], [ -2320191.651551326271147, 1339563.274594681104645 ], [ -2223617.117987089790404, 1283805.941644506761804 ], [ -2127030.340258647687733, 1228041.539522832026705 ], [ -2030431.736022677738219, 1172270.309363852720708 ], [ -1933821.737605463014916, 1116492.500771264545619 ], [ -1837200.79147503641434, 1060708.371513506397605 ], [ -1740569.357694835402071, 1004918.18720832769759 ], [ -1643927.909359506331384, 949122.220997050171718 ], [ -1547276.932013602461666, 893320.753208952140994 ], [ -1450616.923053884180263, 837514.071016187081113 ], [ -1353948.391115984413773, 781702.468079674639739 ], [ -1257271.855446224100888, 725886.244186418014579 ], [ -1160587.845259380992502, 670065.704878711607307 ], [ -1063896.89908324694261, 614241.161075721029192 ], [ -967199.564090821077116, 558412.928687924519181 ], [ -870496.395420994143933, 502581.328224910132121 ], [ -773787.955488659674302, 446746.684397068049293 ], [ -677074.813285094453022, 390909.32571166503476 ], [ -580357.543669591308571, 335069.584063868678641 ], [ -483636.726653239922598, 279227.794323237671051 ], [ -386912.94667583174305, 223384.293916242895648 ], [ -290186.791876837902237, 167539.422405366349267 ], [ -193458.853361433983082, 111693.521065340304631 ], [ -96729.72446256261901, 55846.932457098882878 ], [ 0.0, 0.0 ] ] ] } },
{ "type": "Feature", "properties": { "ObjectID": 3, "WRLD30_ID": 4.0 }, "geometry": { "type": "Polygon", "coordinates": [ [ [ 0.0, 0.0 ], [ 0.0, 0.0 ], [ 0.0, 0.0 ], [ 0.0, 0.0 ], [ 0.0, 0.0 ], [ 0.0, 0.0 ], [ 0.0, 0.0 ], [ 0.0, 0.0 ], [ 0.0, 0.0 ], [ 0.0, 0.0 ], [ 0.0, 0.0 ], [ 0.0, 0.0 ], [ 0.0, 0.0 ], [ 0.0, 0.0 ], [ 0.0, 0.0 ], [ 0.0, 0.0 ], [ 0.0, 0.0 ], [ 0.0, 0.0 ], [ 0.0, 0.0 ], [ 0.0, 0.0 ], [ 0.0, 0.0 ], [ 0.0, 0.0 ], [ 0.0, 0.0 ], [ 0.0, 0.0 ], [ 0.0, 0.0 ], [ 0.0, 0.0 ], [ 0.0, 0.0 ], [ 0.0, 0.0 ], [ 0.0, 0.0 ], [ 0.0, 0.0 ], [ 0.0, 0.0 ], [ -96729.724462562633562, -55846.932457098853774 ], [ -193458.853361434012186, -111693.521065340246423 ], [ -290186.791876837960444, -167539.422405366261955 ], [ -386912.946675831801258, -223384.293916242779233 ], [ -483636.726653239980806, -279227.794323237496428 ], [ -580357.543669591424987, -335069.584063868504018 ], [ -677074.813285094569437, -390909.325711664860137 ], [ -773787.955488659790717, -446746.684397067816462 ], [ -870496.395420994376764, -502581.328224909841083 ], [ -967199.564090821193531, -558412.928687924169935 ], [ -1063896.89908324717544, -614241.161075720679946 ], [ -1160587.845259381225333, -670065.704878711258061 ], [ -1257271.855446224333718, -725886.244186417665333 ], [ -1353948.391115984646603, -781702.468079674290493 ], [ -1450616.923053884413093, -837514.071016186615452 ], [ -1547276.932013602694497, -893320.753208951675333 ], [ -1643927.909359506564215, -949122.220997049589641 ], [ -1740569.357694835634902, -1004918.187208327115513 ], [ -1837200.791475036880001, -1060708.371513505699113 ], [ -1933821.737605463480577, -1116492.500771263847128 ], [ -2030431.73602267797105, -1172270.309363852022216 ], [ -2127030.340258647687733, -1228041.539522831328213 ], [ -2223617.117987090256065, -1283805.941644506063312 ], [ -2320191.651551326271147, -1339563.274594680406153 ], [ -2416753.538472982589155, -1395313.306002356810495 ], [ -2513302.391940920148045, -1451055.812542020343244 ], [ -2609837.841279793996364, -1506790.580204160651192 ], [ -2706359.532397722825408, -1562517.404553734697402 ], [ -2802867.128212491981685, -1618236.090976235223934 ], [ -2899360.309055837802589, -1673946.454911104170606 ], [ -2928133.11632276000455, -1623090.69023630884476 ], [ -2956013.985876988153905, -1571740.516414035111666 ], [ -2982994.424935567658395, -1519911.575204669497907 ], [ -3009066.214995395392179, -1467619.654205782338977 ], [ -3034221.41433665715158, -1414880.682043073466048 ], [ -3058452.36044194875285, -1361710.723518357146531 ], [ -3081751.672330356668681, -1308125.974716069176793 ], [ -3104112.252805774100125, -1254142.758069781819358 ], [ -3125527.290618775878102, -1199777.517390232766047 ], [ -3145990.262541392352432, -1145046.812856381526217 ], [ -3165494.935354147106409, -1089967.315971016185358 ], [ -3184035.367744754999876, -1034555.80448245536536 ], [ -3201605.9121179045178, -978829.157273882068694 ], [ -3218201.216315569821745, -922804.349221872282214 ], [ -3233816.22524733049795, -866498.4460256829625 ], [ -3248446.182430199347436, -809928.59900887531694 ], [ -3262086.631437495350838, -753112.039894854999147 ], [ -3274733.417256312910467, -696066.075557922711596 ], [ -3286382.687553178984672, -638808.082751431851648 ], [ -3297030.893847512546927, -581355.502814662875608 ], [ -3306674.792592524550855, -523725.836360018583946 ], [ -3315311.446163235232234, -465936.637942172936164 ], [ -3322938.223751300945878, -408005.510710780508816 ], [ -3329552.802166386973113, -349950.101048387470655 ], [ -3335153.16654383065179, -291788.093195172317792 ], [ -3339737.610958391334862, -233537.20386215520557 ], [ -3343304.738943888805807, -175215.176834515994415 ], [ -3345853.463918584398925, -116839.777566665434279 ], [ -3347383.00951615953818, -58428.787770715745864 ], [ -3347892.909822208806872, 0.000000001281771 ], [ -3236472.181952470913529, 0.000000001239112 ], [ -3125034.809107469860464, 0.000000001196447 ], [ -3013581.160408321768045, 0.000000001153776 ], [ -2902111.625084041152149, 0.000000001111099 ], [ -2790626.612004714086652, 0.000000001068416 ], [ -2679126.549189361277968, 0.000000001025727 ], [ -2567611.883289012592286, 0.000000000983033 ], [ -2456083.079045663122088, 0.000000000940333 ], [ -2344540.618727704510093, 0.000000000897628 ], [ -2232985.001542528159916, 0.000000000854918 ], [ -2121416.743027011863887, 0.000000000812203 ], [ -2009836.374416654696688, 0.000000000769484 ], [ -1898244.441994099644944, 0.00000000072676 ], [ -1786641.506417903583497, 0.000000000684032 ], [ -1675028.142032373463735, 0.000000000641299 ], [ -1563404.936159348813817, 0.000000000598563 ], [ -1451772.488372835563496, 0.000000000555824 ], [ -1340131.409757422748953, 0.000000000513081 ], [ -1228482.322151441592723, 0.000000000470335 ], [ -1116825.857375848572701, 0.000000000427587 ], [ -1005162.656449819914997, 0.000000000384835 ], [ -893493.36879413574934, 0.000000000342082 ], [ -781818.651423329836689, 0.000000000299326 ], [ -670139.168127737124451, 0.000000000256569 ], [ -558455.588646475109272, 0.00000000021381 ], [ -446768.587832485616673, 0.000000000171049 ], [ -335078.844810732582118, 0.000000000128288 ], [ -223387.04213068052195, 0.000000000085526 ], [ -111693.864914197722101, 0.000000000042763 ], [ 0.0, 0.0 ] ] ] } },
{ "type": "Feature", "properties": { "ObjectID": 4, "WRLD30_ID": 5.0 }, "geometry": { "type": "Polygon", "coordinates": [ [ [ 0.0, 0.0 ], [ 0.0, 0.0 ], [ 0.0, 0.0 ], [ 0.0, 0.0 ], [ 0.0, 0.0 ], [ 0.0, 0.0 ], [ 0.0, 0.0 ], [ 0.0, 0.0 ], [ 0.0, 0.0 ], [ 0.0, 0.0 ], [ 0.0, 0.0 ], [ 0.0, 0.0 ], [ 0.0, 0.0 ], [ 0.0, 0.0 ], [ 0.0, 0.0 ], [ 0.0, 0.0 ], [ 0.0, 0.0 ], [ 0.0, 0.0 ], [ 0.0, 0.0 ], [ 0.0, 0.0 ], [ 0.0, 0.0 ], [ 0.0, 0.0 ], [ 0.0, 0.0 ], [ 0.0, 0.0 ], [ 0.0, 0.0 ], [ 0.0, 0.0 ], [ 0.0, 0.0 ], [ 0.0, 0.0 ], [ 0.0, 0.0 ], [ 0.0, 0.0 ], [ 0.0, 0.0 ], [ -55846.932457098868326, -96729.72446256261901 ], [ -111693.521065340275527, -193458.853361434012186 ], [ -167539.422405366320163, -290186.791876837902237 ], [ -223384.29391624283744, -386912.946675831801258 ], [ -279227.794323237554636, -483636.726653239980806 ], [ -335069.584063868620433, -580357.543669591308571 ], [ -390909.325711664976552, -677074.813285094453022 ], [ -446746.684397067932878, -773787.955488659790717 ], [ -502581.328224910015706, -870496.395420994260348 ], [ -558412.928687924286351, -967199.564090821077116 ], [ -614241.161075720796362, -1063896.89908324694261 ], [ -670065.704878711490892, -1160587.845259380992502 ], [ -725886.244186417898163, -1257271.855446224100888 ], [ -781702.468079674523324, -1353948.391115984646603 ], [ -837514.071016186848283, -1450616.923053884180263 ], [ -893320.753208951908164, -1547276.932013602694497 ], [ -949122.220997049938887, -1643927.909359506564215 ], [ -1004918.187208327464759, -1740569.357694835634902 ], [ -1060708.371513505931944, -1837200.791475036647171 ], [ -1116492.500771264079958, -1933821.737605463247746 ], [ -1172270.309363852255046, -2030431.736022677738219 ], [ -1228041.539522831561044, -2127030.340258647687733 ], [ -1283805.941644506528974, -2223617.117987089790404 ], [ -1339563.274594680871814, -2320191.651551326271147 ], [ -1395313.306002357276157, -2416753.538472982589155 ], [ -1451055.812542020808905, -2513302.391940920148045 ], [ -1506790.580204161116853, -2609837.841279793996364 ], [ -1562517.404553735163063, -2706359.532397722825408 ], [ -1618236.090976235689595, -2802867.128212491516024 ], [ -1673946.454911104636267, -2899360.309055837336928 ], [ -1724292.319279850460589, -2869704.328552042599767 ], [ -1774112.947504548821598, -2839174.208310320973396 ], [ -1823393.163739219307899, -2807779.248101050034165 ], [ -1872117.956752608530223, -2775529.01113323867321 ], [ -1920272.484500756720081, -2742433.321141483262181 ], [ -1967842.07864802912809, -2708502.259393560234457 ], [ -2014812.249035231070593, -2673746.161619574762881 ], [ -2061168.688093452481553, -2638175.614863599650562 ], [ -2106897.275202291086316, -2601801.454258756246418 ], [ -2151984.080991130322218, -2564634.759726728778332 ], [ -2196415.371582162566483, -2526686.852602713741362 ], [ -2240177.612773857079446, -2487969.292186830658466 ], [ -2283257.474163612816483, -2448493.872223048005253 ], [ -2325641.833208326715976, -2408272.617306692991406 ], [ -2367317.779221646953374, -2367317.779221646022052 ], [ -2408272.617306693922728, -2325641.833208326250315 ], [ -2448493.872223048470914, -2283257.474163612350821 ], [ -2487969.292186831124127, -2240177.612773856613785 ], [ -2526686.852602714207023, -2196415.37158216163516 ], [ -2564634.759726729243994, -2151984.080991129856557 ], [ -2601801.454258756712079, -2106897.275202290154994 ], [ -2638175.614863600116223, -2061168.688093451783061 ], [ -2673746.161619575228542, -2014812.249035230372101 ], [ -2708502.259393560700119, -1967842.078648028429598 ], [ -2742433.321141484193504, -1920272.484500756021589 ], [ -2775529.011133239604533, -1872117.956752607598901 ], [ -2807779.248101050499827, -1823393.163739218376577 ], [ -2839174.208310321904719, -1774112.947504547657445 ], [ -2869704.328552043065429, -1724292.319279849994928 ], [ -2899360.309055837802589, -1673946.454911104170606 ], [ -2802867.128212491981685, -1618236.090976235223934 ], [ -2706359.532397722825408, -1562517.404553734697402 ], [ -2609837.841279793996364, -1506790.580204160651192 ], [ -2513302.391940920148045, -1451055.812542020343244 ], [ -2416753.538472982589155, -1395313.306002356810495 ], [ -2320191.651551326271147, -1339563.274594680406153 ], [ -2223617.117987090256065, -1283805.941644506063312 ], [ -2127030.340258647687733, -1228041.539522831328213 ], [ -2030431.73602267797105, -1172270.309363852022216 ], [ -1933821.737605463480577, -1116492.500771263847128 ], [ -1837200.791475036880001, -1060708.371513505699113 ], [ -1740569.357694835634902, -1004918.187208327115513 ], [ -1643927.909359506564215, -949122.220997049589641 ], [ -1547276.932013602694497, -893320.753208951675333 ], [ -1450616.923053884413093, -837514.071016186615452 ], [ -1353948.391115984646603, -781702.468079674290493 ], [ -1257271.855446224333718, -725886.244186417665333 ], [ -1160587.845259381225333, -670065.704878711258061 ], [ -1063896.89908324717544, -614241.161075720679946 ], [ -967199.564090821193531, -558412.928687924169935 ], [ -870496.395420994376764, -502581.328224909841083 ], [ -773787.955488659790717, -446746.684397067816462 ], [ -677074.813285094569437, -390909.325711664860137 ], [ -580357.543669591424987, -335069.584063868504018 ], [ -483636.726653239980806, -279227.794323237496428 ], [ -386912.946675831801258, -223384.293916242779233 ], [ -290186.791876837960444, -167539.422405366261955 ], [ -193458.853361434012186, -111693.521065340246423 ], [ -96729.724462562633562, -55846.932457098853774 ], [ 0.0, 0.0 ] ] ] } },
{ "type": "Feature", "properties": { "ObjectID": 5, "WRLD30_ID": 6.0 }, "geometry": { "type": "Polygon", "coordinates": [ [ [ 0.0, 0.0 ], [ 0.0, 0.0 ], [ 0.0, 0.0 ], [ 0.0, 0.0 ], [ 0.0, 0.0 ], [ 0.0, 0.0 ], [ 0.0, 0.0 ], [ 0.0, 0.0 ], [ 0.0, 0.0 ], [ 0.0, 0.0 ], [ 0.0, 0.0 ], [ 0.0, 0.0 ], [ 0.0, 0.0 ], [ 0.0, 0.0 ], [ 0.0, 0.0 ], [ 0.0, 0.0 ], [ 0.0, 0.0 ], [ 0.0, 0.0 ], [ 0.0, 0.0 ], [ 0.0, 0.0 ], [ 0.0, 0.0 ], [ 0.0, 0.0 ], [ 0.0, 0.0 ], [ 0.0, 0.0 ], [ 0.0, 0.0 ], [ 0.0, 0.0 ], [ 0.0, 0.0 ], [ 0.0, 0.0 ], [ 0.0, 0.0 ], [ 0.0, 0.0 ], [ 0.0, 0.0 ], [ 0.0, -111693.864914197722101 ], [ 0.0, -223387.04213068052195 ], [ 0.0, -335078.844810732582118 ], [ 0.0, -446768.587832485616673 ], [ 0.0, -558455.588646475109272 ], [ 0.0, -670139.168127737124451 ], [ 0.0, -781818.651423329836689 ], [ 0.0, -893493.36879413574934 ], [ 0.0, -1005162.656449819914997 ], [ 0.0, -1116825.857375848572701 ], [ 0.0, -1228482.322151441592723 ], [ 0.0, -1340131.409757422748953 ], [ 0.0, -1451772.488372835563496 ], [ 0.0, -1563404.936159348813817 ], [ 0.0, -1675028.142032373463735 ], [ 0.0, -1786641.506417903583497 ], [ 0.0, -1898244.441994099644944 ], [ 0.0, -2009836.374416654696688 ], [ 0.0, -2121416.743027011863887 ], [ 0.0, -2232985.001542528159916 ], [ 0.0, -2344540.618727704510093 ], [ 0.0, -2456083.079045663122088 ], [ 0.0, -2567611.883289012592286 ], [ 0.0, -2679126.549189361277968 ], [ 0.0, -2790626.612004714086652 ], [ 0.0, -2902111.625084041152149 ], [ 0.0, -3013581.160408321768045 ], [ 0.0, -3125034.809107469860464 ], [ 0.0, -3236472.181952470913529 ], [ 0.0, -3347892.909822208806872 ], [ -58428.787770716960949, -3347383.00951615953818 ], [ -116839.77756666658388, -3345853.463918583933264 ], [ -175215.176834517042153, -3343304.738943888805807 ], [ -233537.2038621561951, -3339737.610958391334862 ], [ -291788.093195173249114, -3335153.16654383065179 ], [ -349950.101048388285562, -3329552.802166386973113 ], [ -408005.510710781323723, -3322938.223751300945878 ], [ -465936.637942173634656, -3315311.446163234766573 ], [ -523725.836360019166023, -3306674.792592524550855 ], [ -581355.502814663341269, -3297030.893847512546927 ], [ -638808.082751433132216, -3286382.687553178984672 ], [ -696066.075557923875749, -3274733.417256312444806 ], [ -753112.039894856163301, -3262086.631437495350838 ], [ -809928.599008876364678, -3248446.182430199347436 ], [ -866498.446025683777407, -3233816.225247330032289 ], [ -922804.349221873097122, -3218201.216315569821745 ], [ -978829.157273882883601, -3201605.912117904052138 ], [ -1034555.804482455947436, -3184035.367744754534215 ], [ -1089967.31597101688385, -3165494.935354146640748 ], [ -1145046.812856382224709, -3145990.262541392352432 ], [ -1199777.5173902339302, -3125527.29061877541244 ], [ -1254142.758069782983512, -3104112.252805773634464 ], [ -1308125.974716070108116, -3081751.67233035620302 ], [ -1361710.723518358077854, -3058452.360441948287189 ], [ -1414880.68204307439737, -3034221.414336656685919 ], [ -1467619.654205783270299, -3009066.214995394926518 ], [ -1519911.57520467042923, -2982994.424935567192733 ], [ -1571740.516414036042988, -2956013.985876987688243 ], [ -1623090.690236309776083, -2928133.116322759538889 ], [ -1673946.454911104636267, -2899360.309055837336928 ], [ -1618236.090976235689595, -2802867.128212491516024 ], [ -1562517.404553735163063, -2706359.532397722825408 ], [ -1506790.580204161116853, -2609837.841279793996364 ], [ -1451055.812542020808905, -2513302.391940920148045 ], [ -1395313.306002357276157, -2416753.538472982589155 ], [ -1339563.274594680871814, -2320191.651551326271147 ], [ -1283805.941644506528974, -2223617.117987089790404 ], [ -1228041.539522831561044, -2127030.340258647687733 ], [ -1172270.309363852255046, -2030431.736022677738219 ], [ -1116492.500771264079958, -1933821.737605463247746 ], [ -1060708.371513505931944, -1837200.791475036647171 ], [ -1004918.187208327464759, -1740569.357694835634902 ], [ -949122.220997049938887, -1643927.909359506564215 ], [ -893320.753208951908164, -1547276.932013602694497 ], [ -837514.071016186848283, -1450616.923053884180263 ], [ -781702.468079674523324, -1353948.391115984646603 ], [ -725886.244186417898163, -1257271.855446224100888 ], [ -670065.704878711490892, -1160587.845259380992502 ], [ -614241.161075720796362, -1063896.89908324694261 ], [ -558412.928687924286351, -967199.564090821077116 ], [ -502581.328224910015706, -870496.395420994260348 ], [ -446746.684397067932878, -773787.955488659790717 ], [ -390909.325711664976552, -677074.813285094453022 ], [ -335069.584063868620433, -580357.543669591308571 ], [ -279227.794323237554636, -483636.726653239980806 ], [ -223384.29391624283744, -386912.946675831801258 ], [ -167539.422405366320163, -290186.791876837902237 ], [ -111693.521065340275527, -193458.853361434012186 ], [ -55846.932457098868326, -96729.72446256261901 ], [ 0.0, 0.0 ] ] ] } },
{ "type": "Feature", "properties": { "ObjectID": 6, "WRLD30_ID": 7.0 }, "geometry": { "type": "Polygon", "coordinates": [ [ [ 0.0, 0.0 ], [ 0.0, 0.0 ], [ 0.0, 0.0 ], [ 0.0, 0.0 ], [ 0.0, 0.0 ], [ 0.0, 0.0 ], [ 0.0, 0.0 ], [ 0.0, 0.0 ], [ 0.0, 0.0 ], [ 0.0, 0.0 ], [ 0.0, 0.0 ], [ 0.0, 0.0 ], [ 0.0, 0.0 ], [ 0.0, 0.0 ], [ 0.0, 0.0 ], [ 0.0, 0.0 ], [ 0.0, 0.0 ], [ 0.0, 0.0 ], [ 0.0, 0.0 ], [ 0.0, 0.0 ], [ 0.0, 0.0 ], [ 0.0, 0.0 ], [ 0.0, 0.0 ], [ 0.0, 0.0 ], [ 0.0, 0.0 ], [ 0.0, 0.0 ], [ 0.0, 0.0 ], [ 0.0, 0.0 ], [ 0.0, 0.0 ], [ 0.0, 0.0 ], [ 0.0, 0.0 ], [ 55846.932457098868326, -96729.72446256261901 ], [ 111693.521065340275527, -193458.853361434012186 ], [ 167539.422405366320163, -290186.791876837902237 ], [ 223384.29391624283744, -386912.946675831801258 ], [ 279227.794323237554636, -483636.726653239980806 ], [ 335069.584063868620433, -580357.543669591308571 ], [ 390909.325711664976552, -677074.813285094453022 ], [ 446746.684397067932878, -773787.955488659790717 ], [ 502581.328224910015706, -870496.395420994260348 ], [ 558412.928687924286351, -967199.564090821077116 ], [ 614241.161075720796362, -1063896.89908324694261 ], [ 670065.704878711490892, -1160587.845259380992502 ], [ 725886.244186417898163, -1257271.855446224100888 ], [ 781702.468079674523324, -1353948.391115984646603 ], [ 837514.071016186848283, -1450616.923053884180263 ], [ 893320.753208951908164, -1547276.932013602694497 ], [ 949122.220997049938887, -1643927.909359506564215 ], [ 1004918.187208327464759, -1740569.357694835634902 ], [ 1060708.371513505931944, -1837200.791475036647171 ], [ 1116492.500771264079958, -1933821.737605463247746 ], [ 1172270.309363852255046, -2030431.736022677738219 ], [ 1228041.539522831561044, -2127030.340258647687733 ], [ 1283805.941644506528974, -2223617.117987089790404 ], [ 1339563.274594680871814, -2320191.651551326271147 ], [ 1395313.306002357276157, -2416753.538472982589155 ], [ 1451055.812542020808905, -2513302.391940920148045 ], [ 1506790.580204161116853, -2609837.841279793996364 ], [ 1562517.404553735163063, -2706359.532397722825408 ], [ 1618236.090976235689595, -2802867.128212491516024 ], [ 1673946.454911104636267, -2899360.309055837336928 ], [ 1623090.690236309776083, -2928133.116322759538889 ], [ 1571740.516414036042988, -2956013.985876987688243 ], [ 1519911.57520467042923, -2982994.424935567192733 ], [ 1467619.654205783270299, -3009066.214995394926518 ], [ 1414880.68204307439737, -3034221.414336656685919 ], [ 1361710.723518358077854, -3058452.360441948287189 ], [ 1308125.974716070108116, -3081751.67233035620302 ], [ 1254142.758069782983512, -3104112.252805773634464 ], [ 1199777.5173902339302, -3125527.29061877541244 ], [ 1145046.812856382224709, -3145990.262541392352432 ], [ 1089967.31597101688385, -3165494.935354146640748 ], [ 1034555.804482455947436, -3184035.367744754534215 ], [ 978829.157273882883601, -3201605.912117904052138 ], [ 922804.349221873097122, -3218201.216315569821745 ], [ 866498.446025683777407, -3233816.225247330032289 ], [ 809928.599008876364678, -3248446.182430199347436 ], [ 753112.039894856163301, -3262086.631437495350838 ], [ 696066.075557923875749, -3274733.417256312444806 ], [ 638808.082751433132216, -3286382.687553178984672 ], [ 581355.502814663341269, -3297030.893847512546927 ], [ 523725.836360019166023, -3306674.792592524550855 ], [ 465936.637942173634656, -3315311.446163234766573 ], [ 408005.510710781323723, -3322938.223751300945878 ], [ 349950.101048388285562, -3329552.802166386973113 ], [ 291788.093195173249114, -3335153.16654383065179 ], [ 233537.2038621561951, -3339737.610958391334862 ], [ 175215.176834517042153, -3343304.738943888805807 ], [ 116839.77756666658388, -3345853.463918583933264 ], [ 58428.787770716960949, -3347383.00951615953818 ], [ 0.0, -3347892.909822208806872 ], [ 0.0, -3236472.181952470913529 ], [ 0.0, -3125034.809107469860464 ], [ 0.0, -3013581.160408321768045 ], [ 0.0, -2902111.625084041152149 ], [ 0.0, -2790626.612004714086652 ], [ 0.0, -2679126.549189361277968 ], [ 0.0, -2567611.883289012592286 ], [ 0.0, -2456083.079045663122088 ], [ 0.0, -2344540.618727704510093 ], [ 0.0, -2232985.001542528159916 ], [ 0.0, -2121416.743027011863887 ], [ 0.0, -2009836.374416654696688 ], [ 0.0, -1898244.441994099644944 ], [ 0.0, -1786641.506417903583497 ], [ 0.0, -1675028.142032373463735 ], [ 0.0, -1563404.936159348813817 ], [ 0.0, -1451772.488372835563496 ], [ 0.0, -1340131.409757422748953 ], [ 0.0, -1228482.322151441592723 ], [ 0.0, -1116825.857375848572701 ], [ 0.0, -1005162.656449819914997 ], [ 0.0, -893493.36879413574934 ], [ 0.0, -781818.651423329836689 ], [ 0.0, -670139.168127737124451 ], [ 0.0, -558455.588646475109272 ], [ 0.0, -446768.587832485616673 ], [ 0.0, -335078.844810732582118 ], [ 0.0, -223387.04213068052195 ], [ 0.0, -111693.864914197722101 ], [ 0.0, 0.0 ] ] ] } },
{ "type": "Feature", "properties": { "ObjectID": 7, "WRLD30_ID": 8.0 }, "geometry": { "type": "Polygon", "coordinates": [ [ [ 0.0, 0.0 ], [ 0.0, 0.0 ], [ 0.0, 0.0 ], [ 0.0, 0.0 ], [ 0.0, 0.0 ], [ 0.0, 0.0 ], [ 0.0, 0.0 ], [ 0.0, 0.0 ], [ 0.0, 0.0 ], [ 0.0, 0.0 ], [ 0.0, 0.0 ], [ 0.0, 0.0 ], [ 0.0, 0.0 ], [ 0.0, 0.0 ], [ 0.0, 0.0 ], [ 0.0, 0.0 ], [ 0.0, 0.0 ], [ 0.0, 0.0 ], [ 0.0, 0.0 ], [ 0.0, 0.0 ], [ 0.0, 0.0 ], [ 0.0, 0.0 ], [ 0.0, 0.0 ], [ 0.0, 0.0 ], [ 0.0, 0.0 ], [ 0.0, 0.0 ], [ 0.0, 0.0 ], [ 0.0, 0.0 ], [ 0.0, 0.0 ], [ 0.0, 0.0 ], [ 0.0, 0.0 ], [ 96729.724462562633562, -55846.932457098853774 ], [ 193458.853361434012186, -111693.521065340246423 ], [ 290186.791876837960444, -167539.422405366261955 ], [ 386912.946675831801258, -223384.293916242779233 ], [ 483636.726653239980806, -279227.794323237496428 ], [ 580357.543669591424987, -335069.584063868504018 ], [ 677074.813285094569437, -390909.325711664860137 ], [ 773787.955488659790717, -446746.684397067816462 ], [ 870496.395420994376764, -502581.328224909841083 ], [ 967199.564090821193531, -558412.928687924169935 ], [ 1063896.89908324717544, -614241.161075720679946 ], [ 1160587.845259381225333, -670065.704878711258061 ], [ 1257271.855446224333718, -725886.244186417665333 ], [ 1353948.391115984646603, -781702.468079674290493 ], [ 1450616.923053884413093, -837514.071016186615452 ], [ 1547276.932013602694497, -893320.753208951675333 ], [ 1643927.909359506564215, -949122.220997049589641 ], [ 1740569.357694835634902, -1004918.187208327115513 ], [ 1837200.791475036880001, -1060708.371513505699113 ], [ 1933821.737605463480577, -1116492.500771263847128 ], [ 2030431.73602267797105, -1172270.309363852022216 ], [ 2127030.340258647687733, -1228041.539522831328213 ], [ 2223617.117987090256065, -1283805.941644506063312 ], [ 2320191.651551326271147, -1339563.274594680406153 ], [ 2416753.538472982589155, -1395313.306002356810495 ], [ 2513302.391940920148045, -1451055.812542020343244 ], [ 2609837.841279793996364, -1506790.580204160651192 ], [ 2706359.532397722825408, -1562517.404553734697402 ], [ 2802867.128212491981685, -1618236.090976235223934 ], [ 2899360.309055837802589, -1673946.454911104170606 ], [ 2869704.328552043065429, -1724292.319279849994928 ], [ 2839174.208310321904719, -1774112.947504547657445 ], [ 2807779.248101050499827, -1823393.163739218376577 ], [ 2775529.011133239604533, -1872117.956752607598901 ], [ 2742433.321141484193504, -1920272.484500756021589 ], [ 2708502.259393560700119, -1967842.078648028429598 ], [ 2673746.161619575228542, -2014812.249035230372101 ], [ 2638175.614863600116223, -2061168.688093451783061 ], [ 2601801.454258756712079, -2106897.275202290154994 ], [ 2564634.759726729243994, -2151984.080991129856557 ], [ 2526686.852602714207023, -2196415.37158216163516 ], [ 2487969.292186831124127, -2240177.612773856613785 ], [ 2448493.872223048470914, -2283257.474163612350821 ], [ 2408272.617306693922728, -2325641.833208326250315 ], [ 2367317.779221646953374, -2367317.779221646022052 ], [ 2325641.833208326715976, -2408272.617306692991406 ], [ 2283257.474163612816483, -2448493.872223048005253 ], [ 2240177.612773857079446, -2487969.292186830658466 ], [ 2196415.371582162566483, -2526686.852602713741362 ], [ 2151984.080991130322218, -2564634.759726728778332 ], [ 2106897.275202291086316, -2601801.454258756246418 ], [ 2061168.688093452481553, -2638175.614863599650562 ], [ 2014812.249035231070593, -2673746.161619574762881 ], [ 1967842.07864802912809, -2708502.259393560234457 ], [ 1920272.484500756720081, -2742433.321141483262181 ], [ 1872117.956752608530223, -2775529.01113323867321 ], [ 1823393.163739219307899, -2807779.248101050034165 ], [ 1774112.947504548821598, -2839174.208310320973396 ], [ 1724292.319279850460589, -2869704.328552042599767 ], [ 1673946.454911104636267, -2899360.309055837336928 ], [ 1618236.090976235689595, -2802867.128212491516024 ], [ 1562517.404553735163063, -2706359.532397722825408 ], [ 1506790.580204161116853, -2609837.841279793996364 ], [ 1451055.812542020808905, -2513302.391940920148045 ], [ 1395313.306002357276157, -2416753.538472982589155 ], [ 1339563.274594680871814, -2320191.651551326271147 ], [ 1283805.941644506528974, -2223617.117987089790404 ], [ 1228041.539522831561044, -2127030.340258647687733 ], [ 1172270.309363852255046, -2030431.736022677738219 ], [ 1116492.500771264079958, -1933821.737605463247746 ], [ 1060708.371513505931944, -1837200.791475036647171 ], [ 1004918.187208327464759, -1740569.357694835634902 ], [ 949122.220997049938887, -1643927.909359506564215 ], [ 893320.753208951908164, -1547276.932013602694497 ], [ 837514.071016186848283, -1450616.923053884180263 ], [ 781702.468079674523324, -1353948.391115984646603 ], [ 725886.244186417898163, -1257271.855446224100888 ], [ 670065.704878711490892, -1160587.845259380992502 ], [ 614241.161075720796362, -1063896.89908324694261 ], [ 558412.928687924286351, -967199.564090821077116 ], [ 502581.328224910015706, -870496.395420994260348 ], [ 446746.684397067932878, -773787.955488659790717 ], [ 390909.325711664976552, -677074.813285094453022 ], [ 335069.584063868620433, -580357.543669591308571 ], [ 279227.794323237554636, -483636.726653239980806 ], [ 223384.29391624283744, -386912.946675831801258 ], [ 167539.422405366320163, -290186.791876837902237 ], [ 111693.521065340275527, -193458.853361434012186 ], [ 55846.932457098868326, -96729.72446256261901 ], [ 0.0, 0.0 ] ] ] } },
{ "type": "Feature", "properties": { "ObjectID": 8, "WRLD30_ID": 9.0 }, "geometry": { "type": "Polygon", "coordinates": [ [ [ 0.0, 0.0 ], [ 0.0, 0.0 ], [ 0.0, 0.0 ], [ 0.0, 0.0 ], [ 0.0, 0.0 ], [ 0.0, 0.0 ], [ 0.0, 0.0 ], [ 0.0, 0.0 ], [ 0.0, 0.0 ], [ 0.0, 0.0 ], [ 0.0, 0.0 ], [ 0.0, 0.0 ], [ 0.0, 0.0 ], [ 0.0, 0.0 ], [ 0.0, 0.0 ], [ 0.0, 0.0 ], [ 0.0, 0.0 ], [ 0.0, 0.0 ], [ 0.0, 0.0 ], [ 0.0, 0.0 ], [ 0.0, 0.0 ], [ 0.0, 0.0 ], [ 0.0, 0.0 ], [ 0.0, 0.0 ], [ 0.0, 0.0 ], [ 0.0, 0.0 ], [ 0.0, 0.0 ], [ 0.0, 0.0 ], [ 0.0, 0.0 ], [ 0.0, 0.0 ], [ 0.0, 0.0 ], [ 111693.864914197722101, 0.000000000042763 ], [ 223387.04213068052195, 0.000000000085526 ], [ 335078.844810732582118, 0.000000000128288 ], [ 446768.587832485616673, 0.000000000171049 ], [ 558455.588646475109272, 0.00000000021381 ], [ 670139.168127737124451, 0.000000000256569 ], [ 781818.651423329836689, 0.000000000299326 ], [ 893493.36879413574934, 0.000000000342082 ], [ 1005162.656449819914997, 0.000000000384835 ], [ 1116825.857375848572701, 0.000000000427587 ], [ 1228482.322151441592723, 0.000000000470335 ], [ 1340131.409757422748953, 0.000000000513081 ], [ 1451772.488372835563496, 0.000000000555824 ], [ 1563404.936159348813817, 0.000000000598563 ], [ 1675028.142032373463735, 0.000000000641299 ], [ 1786641.506417903583497, 0.000000000684032 ], [ 1898244.441994099644944, 0.00000000072676 ], [ 2009836.374416654696688, 0.000000000769484 ], [ 2121416.743027011863887, 0.000000000812203 ], [ 2232985.001542528159916, 0.000000000854918 ], [ 2344540.618727704510093, 0.000000000897628 ], [ 2456083.079045663122088, 0.000000000940333 ], [ 2567611.883289012592286, 0.000000000983033 ], [ 2679126.549189361277968, 0.000000001025727 ], [ 2790626.612004714086652, 0.000000001068416 ], [ 2902111.625084041152149, 0.000000001111099 ], [ 3013581.160408321768045, 0.000000001153776 ], [ 3125034.809107469860464, 0.000000001196447 ], [ 3236472.181952470913529, 0.000000001239112 ], [ 3347892.909822208806872, 0.000000001281771 ], [ 3347383.00951615953818, -58428.787770715745864 ], [ 3345853.463918584398925, -116839.777566665434279 ], [ 3343304.738943888805807, -175215.176834515994415 ], [ 3339737.610958391334862, -233537.20386215520557 ], [ 3335153.16654383065179, -291788.093195172317792 ], [ 3329552.802166386973113, -349950.101048387470655 ], [ 3322938.223751300945878, -408005.510710780508816 ], [ 3315311.446163235232234, -465936.637942172936164 ], [ 3306674.792592524550855, -523725.836360018583946 ], [ 3297030.893847512546927, -581355.502814662875608 ], [ 3286382.687553178984672, -638808.082751431851648 ], [ 3274733.417256312910467, -696066.075557922711596 ], [ 3262086.631437495350838, -753112.039894854999147 ], [ 3248446.182430199347436, -809928.59900887531694 ], [ 3233816.22524733049795, -866498.4460256829625 ], [ 3218201.216315569821745, -922804.349221872282214 ], [ 3201605.9121179045178, -978829.157273882068694 ], [ 3184035.367744754999876, -1034555.80448245536536 ], [ 3165494.935354147106409, -1089967.315971016185358 ], [ 3145990.262541392352432, -1145046.812856381526217 ], [ 3125527.290618775878102, -1199777.517390232766047 ], [ 3104112.252805774100125, -1254142.758069781819358 ], [ 3081751.672330356668681, -1308125.974716069176793 ], [ 3058452.36044194875285, -1361710.723518357146531 ], [ 3034221.41433665715158, -1414880.682043073466048 ], [ 3009066.214995395392179, -1467619.654205782338977 ], [ 2982994.424935567658395, -1519911.575204669497907 ], [ 2956013.985876988153905, -1571740.516414035111666 ], [ 2928133.11632276000455, -1623090.69023630884476 ], [ 2899360.309055837802589, -1673946.454911104170606 ], [ 2802867.128212491981685, -1618236.090976235223934 ], [ 2706359.532397722825408, -1562517.404553734697402 ], [ 2609837.841279793996364, -1506790.580204160651192 ], [ 2513302.391940920148045, -1451055.812542020343244 ], [ 2416753.538472982589155, -1395313.306002356810495 ], [ 2320191.651551326271147, -1339563.274594680406153 ], [ 2223617.117987090256065, -1283805.941644506063312 ], [ 2127030.340258647687733, -1228041.539522831328213 ], [ 2030431.73602267797105, -1172270.309363852022216 ], [ 1933821.737605463480577, -1116492.500771263847128 ], [ 1837200.791475036880001, -1060708.371513505699113 ], [ 1740569.357694835634902, -1004918.187208327115513 ], [ 1643927.909359506564215, -949122.220997049589641 ], [ 1547276.932013602694497, -893320.753208951675333 ], [ 1450616.923053884413093, -837514.071016186615452 ], [ 1353948.391115984646603, -781702.468079674290493 ], [ 1257271.855446224333718, -725886.244186417665333 ], [ 1160587.845259381225333, -670065.704878711258061 ], [ 1063896.89908324717544, -614241.161075720679946 ], [ 967199.564090821193531, -558412.928687924169935 ], [ 870496.395420994376764, -502581.328224909841083 ], [ 773787.955488659790717, -446746.684397067816462 ], [ 677074.813285094569437, -390909.325711664860137 ], [ 580357.543669591424987, -335069.584063868504018 ], [ 483636.726653239980806, -279227.794323237496428 ], [ 386912.946675831801258, -223384.293916242779233 ], [ 290186.791876837960444, -167539.422405366261955 ], [ 193458.853361434012186, -111693.521065340246423 ], [ 96729.724462562633562, -55846.932457098853774 ], [ 0.0, 0.0 ] ] ] } },
{ "type": "Feature", "properties": { "ObjectID": 9, "WRLD30_ID": 10.0 }, "geometry": { "type": "Polygon", "coordinates": [ [ [ 0.0, 0.0 ], [ 0.0, 0.0 ], [ 0.0, 0.0 ], [ 0.0, 0.0 ], [ 0.0, 0.0 ], [ 0.0, 0.0 ], [ 0.0, 0.0 ], [ 0.0, 0.0 ], [ 0.0, 0.0 ], [ 0.0, 0.0 ], [ 0.0, 0.0 ], [ 0.0, 0.0 ], [ 0.0, 0.0 ], [ 0.0, 0.0 ], [ 0.0, 0.0 ], [ 0.0, 0.0 ], [ 0.0, 0.0 ], [ 0.0, 0.0 ], [ 0.0, 0.0 ], [ 0.0, 0.0 ], [ 0.0, 0.0 ], [ 0.0, 0.0 ], [ 0.0, 0.0 ], [ 0.0, 0.0 ], [ 0.0, 0.0 ], [ 0.0, 0.0 ], [ 0.0, 0.0 ], [ 0.0, 0.0 ], [ 0.0, 0.0 ], [ 0.0, 0.0 ], [ 0.0, 0.0 ], [ 96729.72446256261901, 55846.932457098882878 ], [ 193458.853361433983082, 111693.521065340304631 ], [ 290186.791876837902237, 167539.422405366349267 ], [ 386912.94667583174305, 223384.293916242895648 ], [ 483636.726653239922598, 279227.794323237671051 ], [ 580357.543669591308571, 335069.584063868678641 ], [ 677074.813285094453022, 390909.32571166503476 ], [ 773787.955488659674302, 446746.684397068049293 ], [ 870496.395420994143933, 502581.328224910132121 ], [ 967199.564090821077116, 558412.928687924519181 ], [ 1063896.89908324694261, 614241.161075721029192 ], [ 1160587.845259380992502, 670065.704878711607307 ], [ 1257271.855446224100888, 725886.244186418014579 ], [ 1353948.391115984413773, 781702.468079674639739 ], [ 1450616.923053884180263, 837514.071016187081113 ], [ 1547276.932013602461666, 893320.753208952140994 ], [ 1643927.909359506331384, 949122.220997050171718 ], [ 1740569.357694835402071, 1004918.18720832769759 ], [ 1837200.79147503641434, 1060708.371513506397605 ], [ 1933821.737605463014916, 1116492.500771264545619 ], [ 2030431.736022677738219, 1172270.309363852720708 ], [ 2127030.340258647687733, 1228041.539522832026705 ], [ 2223617.117987089790404, 1283805.941644506761804 ], [ 2320191.651551326271147, 1339563.274594681104645 ], [ 2416753.538472982123494, 1395313.306002357508987 ], [ 2513302.391940919682384, 1451055.812542021041736 ], [ 2609837.841279793530703, 1506790.580204161349684 ], [ 2706359.532397722359747, 1562517.404553735395893 ], [ 2802867.128212491516024, 1618236.090976236155257 ], [ 2899360.309055837336928, 1673946.454911105101928 ], [ 2928133.116322759073228, 1623090.690236310474575 ], [ 2956013.985876987688243, 1571740.516414036275819 ], [ 2982994.424935566727072, 1519911.575204671127722 ], [ 3009066.214995394460857, 1467619.654205784667283 ], [ 3034221.414336656220257, 1414880.682043075095862 ], [ 3058452.360441948287189, 1361710.723518358776346 ], [ 3081751.67233035620302, 1308125.974716070806608 ], [ 3104112.252805773168802, 1254142.758069784380496 ], [ 3125527.290618774946779, 1199777.517390235327184 ], [ 3145990.262541391886771, 1145046.812856383388862 ], [ 3165494.935354146640748, 1089967.315971017815173 ], [ 3184035.367744754068553, 1034555.804482456995174 ], [ 3201605.912117903586477, 978829.157273883814923 ], [ 3218201.216315569356084, 922804.349221874028444 ], [ 3233816.225247330032289, 866498.446025684708729 ], [ 3248446.182430198881775, 809928.59900887706317 ], [ 3262086.631437494885176, 753112.039894856861793 ], [ 3274733.417256312444806, 696066.075557924457826 ], [ 3286382.687553178519011, 638808.082751434412785 ], [ 3297030.893847512081265, 581355.502814664621837 ], [ 3306674.792592524085194, 523725.836360020388383 ], [ 3315311.446163234766573, 465936.637942174682394 ], [ 3322938.223751300945878, 408005.510710782313254 ], [ 3329552.802166386973113, 349950.101048389275093 ], [ 3335153.16654383065179, 291788.093195174122229 ], [ 3339737.6109583908692, 233537.203862157010008 ], [ 3343304.738943888805807, 175215.176834517798852 ], [ 3345853.463918583933264, 116839.777566667253268 ], [ 3347383.00951615953818, 58428.787770717564854 ], [ 3347892.909822208806872, 0.000000001281771 ], [ 3236472.181952470913529, 0.000000001239112 ], [ 3125034.809107469860464, 0.000000001196447 ], [ 3013581.160408321768045, 0.000000001153776 ], [ 2902111.625084041152149, 0.000000001111099 ], [ 2790626.612004714086652, 0.000000001068416 ], [ 2679126.549189361277968, 0.000000001025727 ], [ 2567611.883289012592286, 0.000000000983033 ], [ 2456083.079045663122088, 0.000000000940333 ], [ 2344540.618727704510093, 0.000000000897628 ], [ 2232985.001542528159916, 0.000000000854918 ], [ 2121416.743027011863887, 0.000000000812203 ], [ 2009836.374416654696688, 0.000000000769484 ], [ 1898244.441994099644944, 0.00000000072676 ], [ 1786641.506417903583497, 0.000000000684032 ], [ 1675028.142032373463735, 0.000000000641299 ], [ 1563404.936159348813817, 0.000000000598563 ], [ 1451772.488372835563496, 0.000000000555824 ], [ 1340131.409757422748953, 0.000000000513081 ], [ 1228482.322151441592723, 0.000000000470335 ], [ 1116825.857375848572701, 0.000000000427587 ], [ 1005162.656449819914997, 0.000000000384835 ], [ 893493.36879413574934, 0.000000000342082 ], [ 781818.651423329836689, 0.000000000299326 ], [ 670139.168127737124451, 0.000000000256569 ], [ 558455.588646475109272, 0.00000000021381 ], [ 446768.587832485616673, 0.000000000171049 ], [ 335078.844810732582118, 0.000000000128288 ], [ 223387.04213068052195, 0.000000000085526 ], [ 111693.864914197722101, 0.000000000042763 ], [ 0.0, 0.0 ] ] ] } },
{ "type": "Feature", "properties": { "ObjectID": 10, "WRLD30_ID": 11.0 }, "geometry": { "type": "Polygon", "coordinates": [ [ [ 0.0, 0.0 ], [ 0.0, 0.0 ], [ 0.0, 0.0 ], [ 0.0, 0.0 ], [ 0.0, 0.0 ], [ 0.0, 0.0 ], [ 0.0, 0.0 ], [ 0.0, 0.0 ], [ 0.0, 0.0 ], [ 0.0, 0.0 ], [ 0.0, 0.0 ], [ 0.0, 0.0 ], [ 0.0, 0.0 ], [ 0.0, 0.0 ], [ 0.0, 0.0 ], [ 0.0, 0.0 ], [ 0.0, 0.0 ], [ 0.0, 0.0 ], [ 0.0, 0.0 ], [ 0.0, 0.0 ], [ 0.0, 0.0 ], [ 0.0, 0.0 ], [ 0.0, 0.0 ], [ 0.0, 0.0 ], [ 0.0, 0.0 ], [ 0.0, 0.0 ], [ 0.0, 0.0 ], [ 0.0, 0.0 ], [ 0.0, 0.0 ], [ 0.0, 0.0 ], [ 0.0, 0.0 ], [ 55846.932457098810119, 96729.724462562648114 ], [ 111693.521065340159112, 193458.853361434070393 ], [ 167539.42240536614554, 290186.791876838018652 ], [ 223384.29391624260461, 386912.946675831917673 ], [ 279227.794323237321805, 483636.726653240097221 ], [ 335069.584063868271187, 580357.543669591541402 ], [ 390909.325711664569099, 677074.813285094685853 ], [ 446746.684397067467216, 773787.955488660023548 ], [ 502581.328224909550045, 870496.395420994493179 ], [ 558412.928687923820689, 967199.564090821426362 ], [ 614241.1610757203307, 1063896.899083247408271 ], [ 670065.7048787107924, 1160587.845259381458163 ], [ 725886.244186417199671, 1257271.855446224566549 ], [ 781702.468079673708417, 1353948.391115984879434 ], [ 837514.071016186033376, 1450616.923053884645924 ], [ 893320.753208950976841, 1547276.932013603160158 ], [ 949122.220997049007565, 1643927.909359507029876 ], [ 1004918.187208326533437, 1740569.357694836100563 ], [ 1060708.371513505000621, 1837200.791475037112832 ], [ 1116492.500771263148636, 1933821.737605463946238 ], [ 1172270.309363851323724, 2030431.736022678436711 ], [ 1228041.539522830629721, 2127030.340258648153394 ], [ 1283805.94164450513199, 2223617.117987090721726 ], [ 1339563.274594679474831, 2320191.651551327202469 ], [ 1395313.306002355879173, 2416753.538472983054817 ], [ 1451055.812542019411922, 2513302.391940921079367 ], [ 1506790.580204159719869, 2609837.841279794927686 ], [ 1562517.404553733533248, 2706359.532397723291069 ], [ 1618236.090976234059781, 2802867.128212492447346 ], [ 1673946.454911103006452, 2899360.30905583826825 ], [ 1724292.319279848132282, 2869704.328552043996751 ], [ 1774112.947504547191784, 2839174.208310321904719 ], [ 1823393.163739216979593, 2807779.248101051431149 ], [ 1872117.95675260713324, 2775529.011133239604533 ], [ 1920272.484500755090266, 2742433.321141484659165 ], [ 1967842.078648027963936, 2708502.25939356116578 ], [ 2014812.249035229440778, 2673746.161619576159865 ], [ 2061168.6880934513174, 2638175.614863600581884 ], [ 2106897.275202289223671, 2601801.454258757643402 ], [ 2151984.080991129856557, 2564634.759726729243994 ], [ 2196415.371582161169499, 2526686.852602714672685 ], [ 2240177.612773855216801, 2487969.292186832521111 ], [ 2283257.474163611419499, 2448493.872223048936576 ], [ 2325641.833208324853331, 2408272.617306694854051 ], [ 2367317.77922164555639, 2367317.779221647419035 ], [ 2408272.617306692060083, 2325641.833208327647299 ], [ 2448493.872223047539592, 2283257.474163613282144 ], [ 2487969.292186829727143, 2240177.612773858010769 ], [ 2526686.852602713275701, 2196415.371582163032144 ], [ 2564634.75972672784701, 2151984.080991131719202 ], [ 2601801.454258755780756, 2106897.275202291086316 ], [ 2638175.614863599184901, 2061168.688093453180045 ], [ 2673746.161619573831558, 2014812.249035232467577 ], [ 2708502.259393559768796, 1967842.078648030059412 ], [ 2742433.321141482330859, 1920272.484500758117065 ], [ 2775529.01113323867321, 1872117.956752608995885 ], [ 2807779.248101049102843, 1823393.163739220239222 ], [ 2839174.208310320973396, 1774112.94750454928726 ], [ 2869704.328552042134106, 1724292.319279851391912 ], [ 2899360.309055837336928, 1673946.454911105101928 ], [ 2802867.128212491516024, 1618236.090976236155257 ], [ 2706359.532397722359747, 1562517.404553735395893 ], [ 2609837.841279793530703, 1506790.580204161349684 ], [ 2513302.391940919682384, 1451055.812542021041736 ], [ 2416753.538472982123494, 1395313.306002357508987 ], [ 2320191.651551326271147, 1339563.274594681104645 ], [ 2223617.117987089790404, 1283805.941644506761804 ], [ 2127030.340258647687733, 1228041.539522832026705 ], [ 2030431.736022677738219, 1172270.309363852720708 ], [ 1933821.737605463014916, 1116492.500771264545619 ], [ 1837200.79147503641434, 1060708.371513506397605 ], [ 1740569.357694835402071, 1004918.18720832769759 ], [ 1643927.909359506331384, 949122.220997050171718 ], [ 1547276.932013602461666, 893320.753208952140994 ], [ 1450616.923053884180263, 837514.071016187081113 ], [ 1353948.391115984413773, 781702.468079674639739 ], [ 1257271.855446224100888, 725886.244186418014579 ], [ 1160587.845259380992502, 670065.704878711607307 ], [ 1063896.89908324694261, 614241.161075721029192 ], [ 967199.564090821077116, 558412.928687924519181 ], [ 870496.395420994143933, 502581.328224910132121 ], [ 773787.955488659674302, 446746.684397068049293 ], [ 677074.813285094453022, 390909.32571166503476 ], [ 580357.543669591308571, 335069.584063868678641 ], [ 483636.726653239922598, 279227.794323237671051 ], [ 386912.94667583174305, 223384.293916242895648 ], [ 290186.791876837902237, 167539.422405366349267 ], [ 193458.853361433983082, 111693.521065340304631 ], [ 96729.72446256261901, 55846.932457098882878 ], [ 0.0, 0.0 ] ] ] } },
{ "type": "Feature", "properties": { "ObjectID": 11, "WRLD30_ID": 12.0 }, "geometry": { "type": "Polygon", "coordinates": [ [ [ 1673946.454911103006452, 2899360.30905583826825 ], [ 1618236.090976234059781, 2802867.128212492447346 ], [ 1562517.404553733533248, 2706359.532397723291069 ], [ 1506790.580204159719869, 2609837.841279794927686 ], [ 1451055.812542019411922, 2513302.391940921079367 ], [ 1395313.306002355879173, 2416753.538472983054817 ], [ 1339563.274594679474831, 2320191.651551327202469 ], [ 1283805.94164450513199, 2223617.117987090721726 ], [ 1228041.539522830629721, 2127030.340258648153394 ], [ 1172270.309363851323724, 2030431.736022678436711 ], [ 1116492.500771263148636, 1933821.737605463946238 ], [ 1060708.371513505000621, 1837200.791475037112832 ], [ 1004918.187208326533437, 1740569.357694836100563 ], [ 949122.220997049007565, 1643927.909359507029876 ], [ 893320.753208950976841, 1547276.932013603160158 ], [ 837514.071016186033376, 1450616.923053884645924 ], [ 781702.468079673708417, 1353948.391115984879434 ], [ 725886.244186417199671, 1257271.855446224566549 ], [ 670065.7048787107924, 1160587.845259381458163 ], [ 614241.1610757203307, 1063896.899083247408271 ], [ 558412.928687923820689, 967199.564090821426362 ], [ 502581.328224909550045, 870496.395420994493179 ], [ 446746.684397067467216, 773787.955488660023548 ], [ 390909.325711664569099, 677074.813285094685853 ], [ 335069.584063868271187, 580357.543669591541402 ], [ 279227.794323237321805, 483636.726653240097221 ], [ 223384.29391624260461, 386912.946675831917673 ], [ 167539.42240536614554, 290186.791876838018652 ], [ 111693.521065340159112, 193458.853361434070393 ], [ 55846.932457098810119, 96729.724462562648114 ], [ 0.0, 0.0 ], [ 0.0, 0.0 ], [ 0.0, 0.0 ], [ 0.0, 0.0 ], [ 0.0, 0.0 ], [ 0.0, 0.0 ], [ 0.0, 0.0 ], [ 0.0, 0.0 ], [ 0.0, 0.0 ], [ 0.0, 0.0 ], [ 0.0, 0.0 ], [ 0.0, 0.0 ], [ 0.0, 0.0 ], [ 0.0, 0.0 ], [ 0.0, 0.0 ], [ 0.0, 0.0 ], [ 0.0, 0.0 ], [ 0.0, 0.0 ], [ 0.0, 0.0 ], [ 0.0, 0.0 ], [ 0.0, 0.0 ], [ 0.0, 0.0 ], [ 0.0, 0.0 ], [ 0.0, 0.0 ], [ 0.0, 0.0 ], [ 0.0, 0.0 ], [ 0.0, 0.0 ], [ 0.0, 0.0 ], [ 0.0, 0.0 ], [ 0.0, 0.0 ], [ 0.0, 0.0 ], [ -0.000000000112882, 111693.864914197722101 ], [ -0.000000000225764, 223387.04213068052195 ], [ -0.000000000338644, 335078.844810732582118 ], [ -0.000000000451522, 446768.587832485616673 ], [ -0.000000000564397, 558455.588646475109272 ], [ -0.000000000677269, 670139.168127737124451 ], [ -0.000000000790136, 781818.651423329836689 ], [ -0.000000000902999, 893493.36879413574934 ], [ -0.000000001015857, 1005162.656449819914997 ], [ -0.000000001128708, 1116825.857375848572701 ], [ -0.000000001241552, 1228482.322151441592723 ], [ -0.000000001354389, 1340131.409757422748953 ], [ -0.000000001467218, 1451772.488372835563496 ], [ -0.000000001580038, 1563404.936159348813817 ], [ -0.000000001692849, 1675028.142032373463735 ], [ -0.00000000180565, 1786641.506417903583497 ], [ -0.00000000191844, 1898244.441994099644944 ], [ -0.000000002031219, 2009836.374416654696688 ], [ -0.000000002143987, 2121416.743027011863887 ], [ -0.000000002256742, 2232985.001542528159916 ], [ -0.000000002369484, 2344540.618727704510093 ], [ -0.000000002482213, 2456083.079045663122088 ], [ -0.000000002594929, 2567611.883289012592286 ], [ -0.00000000270763, 2679126.549189361277968 ], [ -0.000000002820316, 2790626.612004714086652 ], [ -0.000000002932987, 2902111.625084041152149 ], [ -0.000000003045643, 3013581.160408321768045 ], [ -0.000000003158282, 3125034.809107469860464 ], [ -0.000000003270905, 3236472.181952470913529 ], [ -0.000000003383511, 3347892.909822208806872 ], [ 58428.787770715207444, 3347383.00951615953818 ], [ 116839.77756666415371, 3345853.463918584398925 ], [ 175215.176834515441442, 3343304.738943888805807 ], [ 233537.203862153925002, 3339737.610958391334862 ], [ 291788.093195171793923, 3335153.16654383065179 ], [ 349950.101048386190087, 3329552.802166386973113 ], [ 408005.510710779984947, 3322938.223751300945878 ], [ 465936.637942171655595, 3315311.446163235232234 ], [ 523725.836360018060077, 3306674.792592524550855 ], [ 581355.502814661595039, 3297030.893847512546927 ], [ 638808.082751430571079, 3286382.687553179450333 ], [ 696066.075557922129519, 3274733.417256312910467 ], [ 753112.039894853834994, 3262086.631437495816499 ], [ 809928.599008874734864, 3248446.182430199813098 ], [ 866498.446025681681931, 3233816.225247330963612 ], [ 922804.349221871700138, 3218201.216315569821745 ], [ 978829.157273880788125, 3201605.9121179045178 ], [ 1034555.804482454783283, 3184035.367744754999876 ], [ 1089967.315971014788374, 3165494.93535414757207 ], [ 1145046.812856381060556, 3145990.262541392352432 ], [ 1199777.517390232300386, 3125527.290618775878102 ], [ 1254142.758069780655205, 3104112.252805774565786 ], [ 1308125.974716068711132, 3081751.672330357134342 ], [ 1361710.723518355982378, 3058452.360441949218512 ], [ 1414880.682043073000386, 3034221.41433665715158 ], [ 1467619.654205781174824, 3009066.214995396323502 ], [ 1519911.575204669032246, 2982994.424935567658395 ], [ 1571740.516414034180343, 2956013.985876988619566 ], [ 1623090.690236308379099, 2928133.116322760470212 ], [ 1673946.454911103006452, 2899360.30905583826825 ] ] ] } },
{ "type": "Feature", "properties": { "ObjectID": 12, "WRLD30_ID": 13.0 }, "geometry": { "type": "Polygon", "coordinates": [ [ [ 0.000000003383511, 3347892.909822208806872 ], [ -58428.787770715207444, 3347383.00951615953818 ], [ -116839.77756666415371, 3345853.463918584398925 ], [ -175215.176834515441442, 3343304.738943888805807 ], [ -233537.203862153925002, 3339737.610958391334862 ], [ -291788.093195171793923, 3335153.16654383065179 ], [ -349950.101048386190087, 3329552.802166386973113 ], [ -408005.510710779984947, 3322938.223751300945878 ], [ -465936.637942171655595, 3315311.446163235232234 ], [ -523725.836360018060077, 3306674.792592524550855 ], [ -581355.502814661595039, 3297030.893847512546927 ], [ -638808.082751430571079, 3286382.687553179450333 ], [ -696066.075557922129519, 3274733.417256312910467 ], [ -753112.039894853834994, 3262086.631437495816499 ], [ -809928.599008874734864, 3248446.182430199813098 ], [ -866498.446025681681931, 3233816.225247330963612 ], [ -922804.349221871700138, 3218201.216315569821745 ], [ -978829.157273880788125, 3201605.9121179045178 ], [ -1034555.804482454783283, 3184035.367744754999876 ], [ -1089967.315971014788374, 3165494.93535414757207 ], [ -1145046.812856381060556, 3145990.262541392352432 ], [ -1199777.517390232300386, 3125527.290618775878102 ], [ -1254142.758069780655205, 3104112.252805774565786 ], [ -1308125.974716068711132, 3081751.672330357134342 ], [ -1361710.723518355982378, 3058452.360441949218512 ], [ -1414880.682043073000386, 3034221.41433665715158 ], [ -1467619.654205781174824, 3009066.214995396323502 ], [ -1519911.575204669032246, 2982994.424935567658395 ], [ -1571740.516414034180343, 2956013.985876988619566 ], [ -1623090.690236308379099, 2928133.116322760470212 ], [ -1673946.454911103006452, 2899360.30905583826825 ], [ -1729648.322072219336405, 2995838.773055344354361 ], [ -1785341.52865520096384, 3092302.236493498552591 ], [ -1841025.921531320083886, 3188750.434143563266844 ], [ -1896701.358427789062262, 3285183.119581842329353 ], [ -1952367.70809426647611, 3381600.06547607621178 ], [ -2008024.850455382373184, 3478001.063849622849375 ], [ -2063672.676749153062701, 3574385.926321201492101 ], [ -2119311.089651149697602, 3670754.484319955576211 ], [ -2174940.003384305629879, 3767106.589275647420436 ], [ -2230559.343814284075052, 3863442.112783839926124 ], [ -2286169.048530323430896, 3959760.946745922788978 ], [ -2341769.066911512985826, 4056063.003483906853944 ], [ -2397359.360178466886282, 4152348.215829925145954 ], [ -2452939.901430382858962, 4248616.537190421484411 ], [ -2508510.675667486153543, 4344867.941585024818778 ], [ -2564071.679798890836537, 4441102.423660161904991 ], [ -2619622.922635905444622, 4537319.998677467927337 ], [ -2675164.424870854709297, 4633520.702477100305259 ], [ -2730696.219041494652629, 4729704.591416105628014 ], [ -2786218.349481100216508, 4825871.742281969636679 ], [ -2841730.872254354413599, 4922022.25218157004565 ], [ -2897233.855079151224345, 5018156.238405740819871 ], [ -2952727.37723446637392, 5114273.83826969563961 ], [ -3008211.529454444069415, 5210375.208929582498968 ], [ -3063686.413808887824416, 5306460.527175487950444 ], [ -3119152.143570328131318, 5402529.989201188087463 ], [ -3174608.8430678807199, 5498583.810351028107107 ], [ -3230056.647528109606355, 5594622.224844289012253 ], [ -3285495.702903126832098, 5690645.485477443784475 ], [ -3340926.165686166379601, 5786653.863304723985493 ], [ -3239426.291314723435789, 5844079.729213564656675 ], [ -3136939.656313916202635, 5899725.431824017316103 ], [ -3033497.479105581529438, 5953574.020916010253131 ], [ -2929131.269178959075361, 6005609.093687668442726 ], [ -2823872.817492615431547, 6055814.799751745536923 ], [ -2717754.186790590174496, 6104175.845963824540377 ], [ -2610807.701835795771331, 6150677.501080742105842 ], [ -2503065.939563557039946, 6195305.600247881375253 ], [ -2394561.719158386345953, 6238046.5493139103055 ], [ -2285328.092056919354945, 6278887.328971705399454 ], [ -2175398.331880138255656, 6317815.498724148608744 ], [ -2064805.924297912977636, 6354819.200673626735806 ], [ -1953584.556828919565305, 6389887.163134064525366 ], [ -1841768.108579120365903, 6423008.704064384102821 ], [ -1729390.639921836787835, 6454173.73432236444205 ], [ -1616486.382122652372345, 6483372.760737883858383 ], [ -1503089.726912215584889, 6510596.889004641212523 ], [ -1389235.216010206844658, 6535837.826389439404011 ], [ -1274957.530603574821725, 6559087.884258236736059 ], [ -1160291.480782333062962, 6580339.980418177321553 ], [ -1045271.994936048984528, 6599587.641274897381663 ], [ -929934.109114327351563, 6616825.003804445266724 ], [ -814312.956354498281144, 6632046.817339210771024 ], [ -698443.755979734007269, 6645248.445167334750295 ], [ -582361.802870924700983, 6656425.865945093333721 ], [ -466102.45671549247345, 6665575.674921839497983 ], [ -349701.131236511806492, 6672695.084977122955024 ], [ -233193.283405322552426, 6677781.927469674497843 ], [ -116614.402641016975394, 6680834.652897992171347 ], [ 0.000000006752941, 6681852.331372338347137 ], [ 0.000000006640901, 6570991.405806259252131 ], [ 0.000000006528843, 6460113.295056224800646 ], [ 0.000000006416767, 6349217.686135767027736 ], [ 0.000000006304674, 6238304.287140661850572 ], [ 0.000000006192562, 6127372.827617781236768 ], [ 0.000000006080432, 6016423.058908892795444 ], [ 0.000000005968283, 5905454.754468937404454 ], [ 0.000000005856115, 5794467.710158307105303 ], [ 0.000000005743928, 5683461.74450871348381 ], [ 0.000000005631722, 5572436.698962205089629 ], [ 0.000000005519496, 5461392.438082993961871 ], [ 0.000000005407251, 5350328.849741714075208 ], [ 0.000000005294986, 5239245.845271815545857 ], [ 0.000000005182702, 5128143.359597786329687 ], [ 0.000000005070398, 5017021.351334976963699 ], [ 0.000000004958074, 4905879.802860769443214 ], [ 0.00000000484573, 4794718.720356937497854 ], [ 0.000000004733367, 4683538.133823029696941 ], [ 0.000000004620983, 4572338.097060650587082 ], [ 0.000000004508581, 4461118.687628571875393 ], [ 0.000000004396159, 4349880.006768614985049 ], [ 0.000000004283717, 4238622.179302303120494 ], [ 0.000000004171256, 4127345.353498309850693 ], [ 0.000000004058777, 4016049.700910768005997 ], [ 0.000000003946278, 3904735.416188536211848 ], [ 0.000000003833761, 3793402.716855581384152 ], [ 0.000000003721225, 3682051.843062643427402 ], [ 0.000000003608672, 3570683.057310405187309 ], [ 0.0000000034961, 3459296.644144441466779 ], [ 0.000000003383511, 3347892.909822208806872 ] ] ] } },
{ "type": "Feature", "properties": { "ObjectID": 13, "WRLD30_ID": 14.0 }, "geometry": { "type": "Polygon", "coordinates": [ [ [ -1673946.454911103006452, 2899360.30905583826825 ], [ -1724292.319279848132282, 2869704.328552043996751 ], [ -1774112.947504547191784, 2839174.208310321904719 ], [ -1823393.163739216979593, 2807779.248101051431149 ], [ -1872117.95675260713324, 2775529.011133239604533 ], [ -1920272.484500755090266, 2742433.321141484659165 ], [ -1967842.078648027963936, 2708502.25939356116578 ], [ -2014812.249035229440778, 2673746.161619576159865 ], [ -2061168.6880934513174, 2638175.614863600581884 ], [ -2106897.275202289223671, 2601801.454258757643402 ], [ -2151984.080991129856557, 2564634.759726729243994 ], [ -2196415.371582161169499, 2526686.852602714672685 ], [ -2240177.612773855216801, 2487969.292186832521111 ], [ -2283257.474163611419499, 2448493.872223048936576 ], [ -2325641.833208324853331, 2408272.617306694854051 ], [ -2367317.77922164555639, 2367317.779221647419035 ], [ -2408272.617306692060083, 2325641.833208327647299 ], [ -2448493.872223047539592, 2283257.474163613282144 ], [ -2487969.292186829727143, 2240177.612773858010769 ], [ -2526686.852602713275701, 2196415.371582163032144 ], [ -2564634.75972672784701, 2151984.080991131719202 ], [ -2601801.454258755780756, 2106897.275202291086316 ], [ -2638175.614863599184901, 2061168.688093453180045 ], [ -2673746.161619573831558, 2014812.249035232467577 ], [ -2708502.259393559768796, 1967842.078648030059412 ], [ -2742433.321141482330859, 1920272.484500758117065 ], [ -2775529.01113323867321, 1872117.956752608995885 ], [ -2807779.248101049102843, 1823393.163739220239222 ], [ -2839174.208310320973396, 1774112.94750454928726 ], [ -2869704.328552042134106, 1724292.319279851391912 ], [ -2899360.309055837336928, 1673946.454911105101928 ], [ -2995838.773055342957377, 1729648.322072221431881 ], [ -3092302.236493497155607, 1785341.528655203292146 ], [ -3188750.43414356186986, 1841025.921531322412193 ], [ -3285183.119581840932369, 1896701.358427791390568 ], [ -3381600.065476074814796, 1952367.708094268804416 ], [ -3478001.063849621452391, 2008024.85045538470149 ], [ -3574385.926321200095117, 2063672.676749155623838 ], [ -3670754.484319953713566, 2119311.08965115249157 ], [ -3767106.589275646023452, 2174940.003384308423847 ], [ -3863442.11278383852914, 2230559.343814286869019 ], [ -3959760.946745921391994, 2286169.048530326224864 ], [ -4056063.003483904991299, 2341769.066911515779793 ], [ -4152348.215829923283309, 2397359.36017846968025 ], [ -4248616.537190419621766, 2452939.90143038565293 ], [ -4344867.941585022956133, 2508510.675667489413172 ], [ -4441102.423660160042346, 2564071.679798894096166 ], [ -4537319.998677466064692, 2619622.922635908704251 ], [ -4633520.702477098442614, 2675164.424870857968926 ], [ -4729704.591416103765368, 2730696.219041497912258 ], [ -4825871.742281967774034, 2786218.349481103476137 ], [ -4922022.252181568183005, 2841730.872254357673228 ], [ -5018156.238405738957226, 2897233.855079154483974 ], [ -5114273.838269693776965, 2952727.377234469633549 ], [ -5210375.208929580636322, 3008211.529454447329044 ], [ -5306460.527175486087799, 3063686.413808891549706 ], [ -5402529.989201185293496, 3119152.143570331856608 ], [ -5498583.810351026244462, 3174608.843067884910852 ], [ -5594622.224844287149608, 3230056.647528113797307 ], [ -5690645.485477440990508, 3285495.702903131023049 ], [ -5786653.863304721191525, 3340926.165686170570552 ], [ -5727465.32657254114747, 3441408.361583269201219 ], [ -5666532.148418687283993, 3540842.271155755966902 ], [ -5603872.889679492451251, 3639197.605871542356908 ], [ -5539506.636972168460488, 3736444.405742878559977 ], [ -5473452.996880814433098, 3832553.048452477902174 ], [ -5405732.089984082616866, 3927494.258376741781831 ], [ -5336364.544726237654686, 4021239.115503414999694 ], [ -5265371.491133546456695, 4113759.06424088543281 ], [ -5192774.554377857595682, 4205025.922116508707404 ], [ -5118595.848189366050065, 4295011.888361257500947 ], [ -5042857.968120566569269, 4383689.552378094755113 ], [ -4965583.984663413837552, 4471031.902091525495052 ], [ -4886797.436221842654049, 4557012.33217571862042 ], [ -4806522.32194172590971, 4641604.652158763259649 ], [ -4724783.094400520436466, 4724783.094400524161756 ], [ -4641604.652158757671714, 4806522.321941731497645 ], [ -4557012.332175714895129, 4886797.436221845448017 ], [ -4471031.902091519907117, 4965583.984663419425488 ], [ -4383689.552378091029823, 5042857.968120570294559 ], [ -4295011.888361253775656, 5118595.848189368844032 ], [ -4205025.922116505913436, 5192774.55437786038965 ], [ -4113759.064240881707519, 5265371.491133549250662 ], [ -4021239.115503408480436, 5336364.544726242311299 ], [ -3927494.258376737590879, 5405732.089984085410833 ], [ -3832553.048452471848577, 5473452.996880819089711 ], [ -3736444.405742874369025, 5539506.636972171254456 ], [ -3639197.60587153583765, 5603872.889679497107863 ], [ -3540842.271155752241611, 5666532.148418689146638 ], [ -3441408.361583262681961, 5727465.326572545804083 ], [ -3340926.165686166379601, 5786653.863304723985493 ], [ -3285495.702903126832098, 5690645.485477443784475 ], [ -3230056.647528109606355, 5594622.224844289012253 ], [ -3174608.8430678807199, 5498583.810351028107107 ], [ -3119152.143570328131318, 5402529.989201188087463 ], [ -3063686.413808887824416, 5306460.527175487950444 ], [ -3008211.529454444069415, 5210375.208929582498968 ], [ -2952727.37723446637392, 5114273.83826969563961 ], [ -2897233.855079151224345, 5018156.238405740819871 ], [ -2841730.872254354413599, 4922022.25218157004565 ], [ -2786218.349481100216508, 4825871.742281969636679 ], [ -2730696.219041494652629, 4729704.591416105628014 ], [ -2675164.424870854709297, 4633520.702477100305259 ], [ -2619622.922635905444622, 4537319.998677467927337 ], [ -2564071.679798890836537, 4441102.423660161904991 ], [ -2508510.675667486153543, 4344867.941585024818778 ], [ -2452939.901430382858962, 4248616.537190421484411 ], [ -2397359.360178466886282, 4152348.215829925145954 ], [ -2341769.066911512985826, 4056063.003483906853944 ], [ -2286169.048530323430896, 3959760.946745922788978 ], [ -2230559.343814284075052, 3863442.112783839926124 ], [ -2174940.003384305629879, 3767106.589275647420436 ], [ -2119311.089651149697602, 3670754.484319955576211 ], [ -2063672.676749153062701, 3574385.926321201492101 ], [ -2008024.850455382373184, 3478001.063849622849375 ], [ -1952367.70809426647611, 3381600.06547607621178 ], [ -1896701.358427789062262, 3285183.119581842329353 ], [ -1841025.921531320083886, 3188750.434143563266844 ], [ -1785341.52865520096384, 3092302.236493498552591 ], [ -1729648.322072219336405, 2995838.773055344354361 ], [ -1673946.454911103006452, 2899360.30905583826825 ] ] ] } },
{ "type": "Feature", "properties": { "ObjectID": 14, "WRLD30_ID": 15.0 }, "geometry": { "type": "Polygon", "coordinates": [ [ [ -2899360.309055837336928, 1673946.454911105101928 ], [ -2928133.116322759073228, 1623090.690236310474575 ], [ -2956013.985876987688243, 1571740.516414036275819 ], [ -2982994.424935566727072, 1519911.575204671127722 ], [ -3009066.214995394460857, 1467619.654205784667283 ], [ -3034221.414336656220257, 1414880.682043075095862 ], [ -3058452.360441948287189, 1361710.723518358776346 ], [ -3081751.67233035620302, 1308125.974716070806608 ], [ -3104112.252805773168802, 1254142.758069784380496 ], [ -3125527.290618774946779, 1199777.517390235327184 ], [ -3145990.262541391886771, 1145046.812856383388862 ], [ -3165494.935354146640748, 1089967.315971017815173 ], [ -3184035.367744754068553, 1034555.804482456995174 ], [ -3201605.912117903586477, 978829.157273883814923 ], [ -3218201.216315569356084, 922804.349221874028444 ], [ -3233816.225247330032289, 866498.446025684708729 ], [ -3248446.182430198881775, 809928.59900887706317 ], [ -3262086.631437494885176, 753112.039894856861793 ], [ -3274733.417256312444806, 696066.075557924457826 ], [ -3286382.687553178519011, 638808.082751434412785 ], [ -3297030.893847512081265, 581355.502814664621837 ], [ -3306674.792592524085194, 523725.836360020388383 ], [ -3315311.446163234766573, 465936.637942174682394 ], [ -3322938.223751300945878, 408005.510710782313254 ], [ -3329552.802166386973113, 349950.101048389275093 ], [ -3335153.16654383065179, 291788.093195174122229 ], [ -3339737.6109583908692, 233537.203862157010008 ], [ -3343304.738943888805807, 175215.176834517798852 ], [ -3345853.463918583933264, 116839.777566667253268 ], [ -3347383.00951615953818, 58428.787770717564854 ], [ -3347892.909822208806872, 0.000000001281771 ], [ -3459296.644144441466779, 0.000000001324422 ], [ -3570683.057310405187309, 0.000000001367068 ], [ -3682051.843062643427402, 0.000000001409706 ], [ -3793402.716855581384152, 0.000000001452338 ], [ -3904735.416188536211848, 0.000000001494963 ], [ -4016049.700910768005997, 0.00000000153758 ], [ -4127345.353498309850693, 0.000000001580191 ], [ -4238622.179302303120494, 0.000000001622794 ], [ -4349880.006768614985049, 0.00000000166539 ], [ -4461118.687628571875393, 0.000000001707979 ], [ -4572338.097060650587082, 0.00000000175056 ], [ -4683538.133823029696941, 0.000000001793134 ], [ -4794718.720356937497854, 0.000000001835701 ], [ -4905879.802860769443214, 0.00000000187826 ], [ -5017021.351334976963699, 0.000000001920811 ], [ -5128143.359597786329687, 0.000000001963355 ], [ -5239245.845271815545857, 0.000000002005892 ], [ -5350328.849741714075208, 0.000000002048421 ], [ -5461392.438082993961871, 0.000000002090943 ], [ -5572436.698962205089629, 0.000000002133457 ], [ -5683461.74450871348381, 0.000000002175964 ], [ -5794467.710158307105303, 0.000000002218463 ], [ -5905454.754468937404454, 0.000000002260956 ], [ -6016423.058908892795444, 0.000000002303441 ], [ -6127372.827617781236768, 0.000000002345919 ], [ -6238304.287140661850572, 0.00000000238839 ], [ -6349217.686135767027736, 0.000000002430854 ], [ -6460113.295056224800646, 0.000000002473312 ], [ -6570991.405806259252131, 0.000000002515762 ], [ -6681852.331372338347137, 0.000000002558207 ], [ -6680834.652897992171347, 116614.402641021675663 ], [ -6677781.927469674497843, 233193.283405328751542 ], [ -6672695.084977122955024, 349701.131236516463105 ], [ -6665575.674921839497983, 466102.456715498643462 ], [ -6656425.865945092402399, 582361.802870929357596 ], [ -6645248.445167333818972, 698443.755979740177281 ], [ -6632046.817339209839702, 814312.956354502937756 ], [ -6616825.003804444335401, 929934.109114333405159 ], [ -6599587.641274896450341, 1045271.99493605364114 ], [ -6580339.980418175458908, 1160291.480782339116558 ], [ -6559087.884258234873414, 1274957.530603582505137 ], [ -6535837.826389438472688, 1389235.216010211501271 ], [ -6510596.8890046402812, 1503089.726912221638486 ], [ -6483372.76073788292706, 1616486.382122657028958 ], [ -6454173.734322362579405, 1729390.639921842608601 ], [ -6423008.704064383171499, 1841768.108579124789685 ], [ -6389887.163134062662721, 1953584.556828925618902 ], [ -6354819.200673625804484, 2064805.924297917634249 ], [ -6317815.498724146746099, 2175398.331880144309253 ], [ -6278887.328971703536808, 2285328.092056923545897 ], [ -6238046.549313908442855, 2394561.719158391933888 ], [ -6195305.600247878581285, 2503065.939563564490527 ], [ -6150677.501080740243196, 2610807.701835799962282 ], [ -6104175.845963821746409, 2717754.186790596228093 ], [ -6055814.799751743674278, 2823872.817492619622499 ], [ -6005609.093687664717436, 2929131.269178966060281 ], [ -5953574.020916008390486, 3033497.47910558572039 ], [ -5899725.431824014522135, 3136939.656313920393586 ], [ -5844079.729213561862707, 3239426.291314727626741 ], [ -5786653.863304721191525, 3340926.165686170570552 ], [ -5690645.485477440990508, 3285495.702903131023049 ], [ -5594622.224844287149608, 3230056.647528113797307 ], [ -5498583.810351026244462, 3174608.843067884910852 ], [ -5402529.989201185293496, 3119152.143570331856608 ], [ -5306460.527175486087799, 3063686.413808891549706 ], [ -5210375.208929580636322, 3008211.529454447329044 ], [ -5114273.838269693776965, 2952727.377234469633549 ], [ -5018156.238405738957226, 2897233.855079154483974 ], [ -4922022.252181568183005, 2841730.872254357673228 ], [ -4825871.742281967774034, 2786218.349481103476137 ], [ -4729704.591416103765368, 2730696.219041497912258 ], [ -4633520.702477098442614, 2675164.424870857968926 ], [ -4537319.998677466064692, 2619622.922635908704251 ], [ -4441102.423660160042346, 2564071.679798894096166 ], [ -4344867.941585022956133, 2508510.675667489413172 ], [ -4248616.537190419621766, 2452939.90143038565293 ], [ -4152348.215829923283309, 2397359.36017846968025 ], [ -4056063.003483904991299, 2341769.066911515779793 ], [ -3959760.946745921391994, 2286169.048530326224864 ], [ -3863442.11278383852914, 2230559.343814286869019 ], [ -3767106.589275646023452, 2174940.003384308423847 ], [ -3670754.484319953713566, 2119311.08965115249157 ], [ -3574385.926321200095117, 2063672.676749155623838 ], [ -3478001.063849621452391, 2008024.85045538470149 ], [ -3381600.065476074814796, 1952367.708094268804416 ], [ -3285183.119581840932369, 1896701.358427791390568 ], [ -3188750.43414356186986, 1841025.921531322412193 ], [ -3092302.236493497155607, 1785341.528655203292146 ], [ -2995838.773055342957377, 1729648.322072221431881 ], [ -2899360.309055837336928, 1673946.454911105101928 ] ] ] } },
{ "type": "Feature", "properties": { "ObjectID": 15, "WRLD30_ID": 16.0 }, "geometry": { "type": "Polygon", "coordinates": [ [ [ -3347892.909822208806872, 0.000000001281771 ], [ -3347383.00951615953818, -58428.787770715745864 ], [ -3345853.463918584398925, -116839.777566665434279 ], [ -3343304.738943888805807, -175215.176834515994415 ], [ -3339737.610958391334862, -233537.20386215520557 ], [ -3335153.16654383065179, -291788.093195172317792 ], [ -3329552.802166386973113, -349950.101048387470655 ], [ -3322938.223751300945878, -408005.510710780508816 ], [ -3315311.446163235232234, -465936.637942172936164 ], [ -3306674.792592524550855, -523725.836360018583946 ], [ -3297030.893847512546927, -581355.502814662875608 ], [ -3286382.687553178984672, -638808.082751431851648 ], [ -3274733.417256312910467, -696066.075557922711596 ], [ -3262086.631437495350838, -753112.039894854999147 ], [ -3248446.182430199347436, -809928.59900887531694 ], [ -3233816.22524733049795, -866498.4460256829625 ], [ -3218201.216315569821745, -922804.349221872282214 ], [ -3201605.9121179045178, -978829.157273882068694 ], [ -3184035.367744754999876, -1034555.80448245536536 ], [ -3165494.935354147106409, -1089967.315971016185358 ], [ -3145990.262541392352432, -1145046.812856381526217 ], [ -3125527.290618775878102, -1199777.517390232766047 ], [ -3104112.252805774100125, -1254142.758069781819358 ], [ -3081751.672330356668681, -1308125.974716069176793 ], [ -3058452.36044194875285, -1361710.723518357146531 ], [ -3034221.41433665715158, -1414880.682043073466048 ], [ -3009066.214995395392179, -1467619.654205782338977 ], [ -2982994.424935567658395, -1519911.575204669497907 ], [ -2956013.985876988153905, -1571740.516414035111666 ], [ -2928133.11632276000455, -1623090.69023630884476 ], [ -2899360.309055837802589, -1673946.454911104170606 ], [ -2995838.7730553438887, -1729648.322072220500559 ], [ -3092302.236493497621268, -1785341.528655202360824 ], [ -3188750.434143562335521, -1841025.92153132148087 ], [ -3285183.119581841863692, -1896701.358427790226415 ], [ -3381600.065476075280458, -1952367.708094267640263 ], [ -3478001.063849621918052, -2008024.850455383537337 ], [ -3574385.926321200560778, -2063672.676749154459685 ], [ -3670754.484319954644889, -2119311.089651151094586 ], [ -3767106.589275646954775, -2174940.003384307026863 ], [ -3863442.112783838994801, -2230559.343814285472035 ], [ -3959760.946745921857655, -2286169.04853032482788 ], [ -4056063.003483905922621, -2341769.066911514382809 ], [ -4152348.215829924214631, -2397359.360178468283266 ], [ -4248616.537190420553088, -2452939.901430384255946 ], [ -4344867.941585023887455, -2508510.675667488016188 ], [ -4441102.423660160973668, -2564071.679798892699182 ], [ -4537319.998677466996014, -2619622.922635907307267 ], [ -4633520.702477099373937, -2675164.424870856571943 ], [ -4729704.591416104696691, -2730696.219041496515274 ], [ -4825871.742281968705356, -2786218.349481102079153 ], [ -4922022.252181569114327, -2841730.872254356276244 ], [ -5018156.238405739888549, -2897233.85507915308699 ], [ -5114273.838269694708288, -2952727.377234468236566 ], [ -5210375.208929581567645, -3008211.52945444593206 ], [ -5306460.527175487019122, -3063686.413808890152723 ], [ -5402529.989201187156141, -3119152.143570330459625 ], [ -5498583.810351027175784, -3174608.843067883048207 ], [ -5594622.224844288080931, -3230056.647528111934662 ], [ -5690645.48547744192183, -3285495.702903129160404 ], [ -5786653.863304722122848, -3340926.165686168707907 ], [ -5844079.729213563725352, -3239426.291314724367112 ], [ -5899725.431824015453458, -3136939.656313918530941 ], [ -5953574.020916010253131, -3033497.479105582460761 ], [ -6005609.093687666580081, -2929131.269178961403668 ], [ -6055814.799751744605601, -2823872.81749261636287 ], [ -6104175.845963823609054, -2717754.186790592968464 ], [ -6150677.501080742105842, -2610807.701835796702653 ], [ -6195305.600247880443931, -2503065.939563559833914 ], [ -6238046.5493139103055, -2394561.719158387277275 ], [ -6278887.328971704468131, -2285328.092056920286268 ], [ -6317815.498724147677422, -2175398.331880141049623 ], [ -6354819.200673626735806, -2064805.924297914141789 ], [ -6389887.163134064525366, -1953584.556828922126442 ], [ -6423008.704064384102821, -1841768.108579121297225 ], [ -6454173.734322363510728, -1729390.639921839116141 ], [ -6483372.760737883858383, -1616486.382122653536499 ], [ -6510596.889004641212523, -1503089.726912217913195 ], [ -6535837.826389438472688, -1389235.216010208008811 ], [ -6559087.884258235804737, -1274957.530603577382863 ], [ -6580339.980418176390231, -1160291.480782335624099 ], [ -6599587.641274897381663, -1045271.994936050032265 ], [ -6616825.003804444335401, -929934.109114329796284 ], [ -6632046.817339209839702, -814312.956354499328882 ], [ -6645248.445167333818972, -698443.755979736568406 ], [ -6656425.865945092402399, -582361.802870925748721 ], [ -6665575.674921839497983, -466102.456715495034587 ], [ -6672695.084977122955024, -349701.13123651285423 ], [ -6677781.927469674497843, -233193.283405325113563 ], [ -6680834.652897992171347, -116614.402641018052236 ], [ -6681852.331372338347137, 0.000000002558207 ], [ -6570991.405806259252131, 0.000000002515762 ], [ -6460113.295056224800646, 0.000000002473312 ], [ -6349217.686135767027736, 0.000000002430854 ], [ -6238304.287140661850572, 0.00000000238839 ], [ -6127372.827617781236768, 0.000000002345919 ], [ -6016423.058908892795444, 0.000000002303441 ], [ -5905454.754468937404454, 0.000000002260956 ], [ -5794467.710158307105303, 0.000000002218463 ], [ -5683461.74450871348381, 0.000000002175964 ], [ -5572436.698962205089629, 0.000000002133457 ], [ -5461392.438082993961871, 0.000000002090943 ], [ -5350328.849741714075208, 0.000000002048421 ], [ -5239245.845271815545857, 0.000000002005892 ], [ -5128143.359597786329687, 0.000000001963355 ], [ -5017021.351334976963699, 0.000000001920811 ], [ -4905879.802860769443214, 0.00000000187826 ], [ -4794718.720356937497854, 0.000000001835701 ], [ -4683538.133823029696941, 0.000000001793134 ], [ -4572338.097060650587082, 0.00000000175056 ], [ -4461118.687628571875393, 0.000000001707979 ], [ -4349880.006768614985049, 0.00000000166539 ], [ -4238622.179302303120494, 0.000000001622794 ], [ -4127345.353498309850693, 0.000000001580191 ], [ -4016049.700910768005997, 0.00000000153758 ], [ -3904735.416188536211848, 0.000000001494963 ], [ -3793402.716855581384152, 0.000000001452338 ], [ -3682051.843062643427402, 0.000000001409706 ], [ -3570683.057310405187309, 0.000000001367068 ], [ -3459296.644144441466779, 0.000000001324422 ], [ -3347892.909822208806872, 0.000000001281771 ] ] ] } },
{ "type": "Feature", "properties": { "ObjectID": 16, "WRLD30_ID": 17.0 }, "geometry": { "type": "Polygon", "coordinates": [ [ [ -2899360.309055837802589, -1673946.454911104170606 ], [ -2869704.328552043065429, -1724292.319279849994928 ], [ -2839174.208310321904719, -1774112.947504547657445 ], [ -2807779.248101050499827, -1823393.163739218376577 ], [ -2775529.011133239604533, -1872117.956752607598901 ], [ -2742433.321141484193504, -1920272.484500756021589 ], [ -2708502.259393560700119, -1967842.078648028429598 ], [ -2673746.161619575228542, -2014812.249035230372101 ], [ -2638175.614863600116223, -2061168.688093451783061 ], [ -2601801.454258756712079, -2106897.275202290154994 ], [ -2564634.759726729243994, -2151984.080991129856557 ], [ -2526686.852602714207023, -2196415.37158216163516 ], [ -2487969.292186831124127, -2240177.612773856613785 ], [ -2448493.872223048470914, -2283257.474163612350821 ], [ -2408272.617306693922728, -2325641.833208326250315 ], [ -2367317.779221646953374, -2367317.779221646022052 ], [ -2325641.833208326715976, -2408272.617306692991406 ], [ -2283257.474163612816483, -2448493.872223048005253 ], [ -2240177.612773857079446, -2487969.292186830658466 ], [ -2196415.371582162566483, -2526686.852602713741362 ], [ -2151984.080991130322218, -2564634.759726728778332 ], [ -2106897.275202291086316, -2601801.454258756246418 ], [ -2061168.688093452481553, -2638175.614863599650562 ], [ -2014812.249035231070593, -2673746.161619574762881 ], [ -1967842.07864802912809, -2708502.259393560234457 ], [ -1920272.484500756720081, -2742433.321141483262181 ], [ -1872117.956752608530223, -2775529.01113323867321 ], [ -1823393.163739219307899, -2807779.248101050034165 ], [ -1774112.947504548821598, -2839174.208310320973396 ], [ -1724292.319279850460589, -2869704.328552042599767 ], [ -1673946.454911104636267, -2899360.309055837336928 ], [ -1729648.32207222096622, -2995838.773055343423039 ], [ -1785341.528655202826485, -3092302.236493497621268 ], [ -1841025.921531321946532, -3188750.434143562335521 ], [ -1896701.358427790924907, -3285183.119581841398031 ], [ -1952367.708094268338755, -3381600.065476075280458 ], [ -2008024.850455384235829, -3478001.063849621918052 ], [ -2063672.676749155158177, -3574385.926321200560778 ], [ -2119311.089651151560247, -3670754.484319954179227 ], [ -2174940.003384307492524, -3767106.589275646489114 ], [ -2230559.343814285937697, -3863442.112783838994801 ], [ -2286169.048530325293541, -3959760.946745921857655 ], [ -2341769.066911514848471, -4056063.00348390545696 ], [ -2397359.360178468748927, -4152348.21582992374897 ], [ -2452939.901430384721607, -4248616.537190419621766 ], [ -2508510.675667488481849, -4344867.941585022956133 ], [ -2564071.679798893630505, -4441102.423660160973668 ], [ -2619622.92263590823859, -4537319.998677466064692 ], [ -2675164.424870857503265, -4633520.702477099373937 ], [ -2730696.219041497446597, -4729704.591416104696691 ], [ -2786218.349481103010476, -4825871.742281967774034 ], [ -2841730.872254357207566, -4922022.252181568183005 ], [ -2897233.855079154018313, -5018156.238405738957226 ], [ -2952727.377234469167888, -5114273.838269694708288 ], [ -3008211.529454446863383, -5210375.208929581567645 ], [ -3063686.413808891084045, -5306460.527175486087799 ], [ -3119152.143570331390947, -5402529.989201186224818 ], [ -3174608.843067883979529, -5498583.810351027175784 ], [ -3230056.647528112865984, -5594622.224844287149608 ], [ -3285495.702903130091727, -5690645.48547744192183 ], [ -3340926.16568616963923, -5786653.863304722122848 ], [ -3441408.361583267338574, -5727465.326572543010116 ], [ -3540842.27115575550124, -5666532.148418687283993 ], [ -3639197.605871540028602, -5603872.889679494313896 ], [ -3736444.405742877628654, -5539506.636972168460488 ], [ -3832553.048452475108206, -5473452.996880816295743 ], [ -3927494.258376739919186, -5405732.089984084479511 ], [ -4021239.115503412205726, -5336364.544726239517331 ], [ -4113759.064240884035826, -5265371.491133547388017 ], [ -4205025.922116508707404, -5192774.554377857595682 ], [ -4295011.888361255638301, -5118595.84818936791271 ], [ -4383689.552378093823791, -5042857.968120567500591 ], [ -4471031.902091523632407, -4965583.984663415700197 ], [ -4557012.332175717689097, -4886797.436221843585372 ], [ -4641604.652158761397004, -4806522.321941727772355 ], [ -4724783.094400523230433, -4724783.094400521367788 ], [ -4806522.321941728703678, -4641604.652158760465682 ], [ -4886797.436221844516695, -4557012.332175716757774 ], [ -4965583.98466341663152, -4471031.902091522701085 ], [ -5042857.968120568431914, -4383689.552378092892468 ], [ -5118595.848189368844032, -4295011.888361254706979 ], [ -5192774.554377858527005, -4205025.922116507776082 ], [ -5265371.491133549250662, -4113759.064240882638842 ], [ -5336364.544726240448654, -4021239.115503410808742 ], [ -5405732.089984085410833, -3927494.258376738522202 ], [ -5473452.996880817227066, -3832553.048452473711222 ], [ -5539506.636972170323133, -3736444.405742875300348 ], [ -5603872.889679495245218, -3639197.605871538631618 ], [ -5666532.148418689146638, -3540842.271155753172934 ], [ -5727465.326572543010116, -3441408.361583266407251 ], [ -5786653.863304722122848, -3340926.165686168707907 ], [ -5690645.48547744192183, -3285495.702903129160404 ], [ -5594622.224844288080931, -3230056.647528111934662 ], [ -5498583.810351027175784, -3174608.843067883048207 ], [ -5402529.989201187156141, -3119152.143570330459625 ], [ -5306460.527175487019122, -3063686.413808890152723 ], [ -5210375.208929581567645, -3008211.52945444593206 ], [ -5114273.838269694708288, -2952727.377234468236566 ], [ -5018156.238405739888549, -2897233.85507915308699 ], [ -4922022.252181569114327, -2841730.872254356276244 ], [ -4825871.742281968705356, -2786218.349481102079153 ], [ -4729704.591416104696691, -2730696.219041496515274 ], [ -4633520.702477099373937, -2675164.424870856571943 ], [ -4537319.998677466996014, -2619622.922635907307267 ], [ -4441102.423660160973668, -2564071.679798892699182 ], [ -4344867.941585023887455, -2508510.675667488016188 ], [ -4248616.537190420553088, -2452939.901430384255946 ], [ -4152348.215829924214631, -2397359.360178468283266 ], [ -4056063.003483905922621, -2341769.066911514382809 ], [ -3959760.946745921857655, -2286169.04853032482788 ], [ -3863442.112783838994801, -2230559.343814285472035 ], [ -3767106.589275646954775, -2174940.003384307026863 ], [ -3670754.484319954644889, -2119311.089651151094586 ], [ -3574385.926321200560778, -2063672.676749154459685 ], [ -3478001.063849621918052, -2008024.850455383537337 ], [ -3381600.065476075280458, -1952367.708094267640263 ], [ -3285183.119581841863692, -1896701.358427790226415 ], [ -3188750.434143562335521, -1841025.92153132148087 ], [ -3092302.236493497621268, -1785341.528655202360824 ], [ -2995838.7730553438887, -1729648.322072220500559 ], [ -2899360.309055837802589, -1673946.454911104170606 ] ] ] } },
{ "type": "Feature", "properties": { "ObjectID": 17, "WRLD30_ID": 18.0 }, "geometry": { "type": "Polygon", "coordinates": [ [ [ -1673946.454911104636267, -2899360.309055837336928 ], [ -1623090.690236309776083, -2928133.116322759538889 ], [ -1571740.516414036042988, -2956013.985876987688243 ], [ -1519911.57520467042923, -2982994.424935567192733 ], [ -1467619.654205783270299, -3009066.214995394926518 ], [ -1414880.68204307439737, -3034221.414336656685919 ], [ -1361710.723518358077854, -3058452.360441948287189 ], [ -1308125.974716070108116, -3081751.67233035620302 ], [ -1254142.758069782983512, -3104112.252805773634464 ], [ -1199777.5173902339302, -3125527.29061877541244 ], [ -1145046.812856382224709, -3145990.262541392352432 ], [ -1089967.31597101688385, -3165494.935354146640748 ], [ -1034555.804482455947436, -3184035.367744754534215 ], [ -978829.157273882883601, -3201605.912117904052138 ], [ -922804.349221873097122, -3218201.216315569821745 ], [ -866498.446025683777407, -3233816.225247330032289 ], [ -809928.599008876364678, -3248446.182430199347436 ], [ -753112.039894856163301, -3262086.631437495350838 ], [ -696066.075557923875749, -3274733.417256312444806 ], [ -638808.082751433132216, -3286382.687553178984672 ], [ -581355.502814663341269, -3297030.893847512546927 ], [ -523725.836360019166023, -3306674.792592524550855 ], [ -465936.637942173634656, -3315311.446163234766573 ], [ -408005.510710781323723, -3322938.223751300945878 ], [ -349950.101048388285562, -3329552.802166386973113 ], [ -291788.093195173249114, -3335153.16654383065179 ], [ -233537.2038621561951, -3339737.610958391334862 ], [ -175215.176834517042153, -3343304.738943888805807 ], [ -116839.77756666658388, -3345853.463918583933264 ], [ -58428.787770716960949, -3347383.00951615953818 ], [ 0.0, -3347892.909822208806872 ], [ 0.0, -3459296.644144441466779 ], [ 0.0, -3570683.057310405187309 ], [ 0.0, -3682051.843062643427402 ], [ 0.0, -3793402.716855581384152 ], [ 0.0, -3904735.416188536211848 ], [ 0.0, -4016049.700910768005997 ], [ 0.0, -4127345.353498309850693 ], [ 0.0, -4238622.179302303120494 ], [ 0.0, -4349880.006768614985049 ], [ 0.0, -4461118.687628571875393 ], [ 0.0, -4572338.097060650587082 ], [ 0.0, -4683538.133823029696941 ], [ 0.0, -4794718.720356937497854 ], [ 0.0, -4905879.802860769443214 ], [ 0.0, -5017021.351334976963699 ], [ 0.0, -5128143.359597786329687 ], [ 0.0, -5239245.845271815545857 ], [ 0.0, -5350328.849741714075208 ], [ 0.0, -5461392.438082993961871 ], [ 0.0, -5572436.698962205089629 ], [ 0.0, -5683461.74450871348381 ], [ 0.0, -5794467.710158307105303 ], [ 0.0, -5905454.754468937404454 ], [ 0.0, -6016423.058908892795444 ], [ 0.0, -6127372.827617781236768 ], [ 0.0, -6238304.287140661850572 ], [ 0.0, -6349217.686135767027736 ], [ 0.0, -6460113.295056224800646 ], [ 0.0, -6570991.405806259252131 ], [ 0.0, -6681852.331372338347137 ], [ -116614.402641020467854, -6680834.652897992171347 ], [ -233193.283405327383662, -6677781.927469674497843 ], [ -349701.131236515007913, -6672695.084977122955024 ], [ -466102.456715497013647, -6665575.674921839497983 ], [ -582361.802870927611366, -6656425.865945092402399 ], [ -698443.755979738314636, -6645248.445167333818972 ], [ -814312.956354500958696, -6632046.817339209839702 ], [ -929934.109114331309684, -6616825.003804444335401 ], [ -1045271.994936051312834, -6599587.641274897381663 ], [ -1160291.480782336788252, -6580339.980418176390231 ], [ -1274957.530603579944, -6559087.884258235804737 ], [ -1389235.216010210337117, -6535837.826389438472688 ], [ -1503089.726912220241502, -6510596.8890046402812 ], [ -1616486.382122655631974, -6483372.76073788292706 ], [ -1729390.639921840978786, -6454173.734322363510728 ], [ -1841768.108579123159871, -6423008.704064383171499 ], [ -1953584.556828923756257, -6389887.163134063594043 ], [ -2064805.924297915538773, -6354819.200673625804484 ], [ -2175398.331880142446607, -6317815.498724147677422 ], [ -2285328.092056921217591, -6278887.328971704468131 ], [ -2394561.719158389605582, -6238046.549313909374177 ], [ -2503065.93956356216222, -6195305.600247879512608 ], [ -2610807.70183579903096, -6150677.501080741174519 ], [ -2717754.186790594831109, -6104175.845963822677732 ], [ -2823872.817492618225515, -6055814.799751743674278 ], [ -2929131.269178962800652, -6005609.093687666580081 ], [ -3033497.479105584323406, -5953574.020916009321809 ], [ -3136939.656313919927925, -5899725.431824014522135 ], [ -3239426.291314725764096, -5844079.72921356279403 ], [ -3340926.16568616963923, -5786653.863304722122848 ], [ -3285495.702903130091727, -5690645.48547744192183 ], [ -3230056.647528112865984, -5594622.224844287149608 ], [ -3174608.843067883979529, -5498583.810351027175784 ], [ -3119152.143570331390947, -5402529.989201186224818 ], [ -3063686.413808891084045, -5306460.527175486087799 ], [ -3008211.529454446863383, -5210375.208929581567645 ], [ -2952727.377234469167888, -5114273.838269694708288 ], [ -2897233.855079154018313, -5018156.238405738957226 ], [ -2841730.872254357207566, -4922022.252181568183005 ], [ -2786218.349481103010476, -4825871.742281967774034 ], [ -2730696.219041497446597, -4729704.591416104696691 ], [ -2675164.424870857503265, -4633520.702477099373937 ], [ -2619622.92263590823859, -4537319.998677466064692 ], [ -2564071.679798893630505, -4441102.423660160973668 ], [ -2508510.675667488481849, -4344867.941585022956133 ], [ -2452939.901430384721607, -4248616.537190419621766 ], [ -2397359.360178468748927, -4152348.21582992374897 ], [ -2341769.066911514848471, -4056063.00348390545696 ], [ -2286169.048530325293541, -3959760.946745921857655 ], [ -2230559.343814285937697, -3863442.112783838994801 ], [ -2174940.003384307492524, -3767106.589275646489114 ], [ -2119311.089651151560247, -3670754.484319954179227 ], [ -2063672.676749155158177, -3574385.926321200560778 ], [ -2008024.850455384235829, -3478001.063849621918052 ], [ -1952367.708094268338755, -3381600.065476075280458 ], [ -1896701.358427790924907, -3285183.119581841398031 ], [ -1841025.921531321946532, -3188750.434143562335521 ], [ -1785341.528655202826485, -3092302.236493497621268 ], [ -1729648.32207222096622, -2995838.773055343423039 ], [ -1673946.454911104636267, -2899360.309055837336928 ] ] ] } },
{ "type": "Feature", "properties": { "ObjectID": 18, "WRLD30_ID": 19.0 }, "geometry": { "type": "Polygon", "coordinates": [ [ [ 0.0, -3347892.909822208806872 ], [ 58428.787770716960949, -3347383.00951615953818 ], [ 116839.77756666658388, -3345853.463918583933264 ], [ 175215.176834517042153, -3343304.738943888805807 ], [ 233537.2038621561951, -3339737.610958391334862 ], [ 291788.093195173249114, -3335153.16654383065179 ], [ 349950.101048388285562, -3329552.802166386973113 ], [ 408005.510710781323723, -3322938.223751300945878 ], [ 465936.637942173634656, -3315311.446163234766573 ], [ 523725.836360019166023, -3306674.792592524550855 ], [ 581355.502814663341269, -3297030.893847512546927 ], [ 638808.082751433132216, -3286382.687553178984672 ], [ 696066.075557923875749, -3274733.417256312444806 ], [ 753112.039894856163301, -3262086.631437495350838 ], [ 809928.599008876364678, -3248446.182430199347436 ], [ 866498.446025683777407, -3233816.225247330032289 ], [ 922804.349221873097122, -3218201.216315569821745 ], [ 978829.157273882883601, -3201605.912117904052138 ], [ 1034555.804482455947436, -3184035.367744754534215 ], [ 1089967.31597101688385, -3165494.935354146640748 ], [ 1145046.812856382224709, -3145990.262541392352432 ], [ 1199777.5173902339302, -3125527.29061877541244 ], [ 1254142.758069782983512, -3104112.252805773634464 ], [ 1308125.974716070108116, -3081751.67233035620302 ], [ 1361710.723518358077854, -3058452.360441948287189 ], [ 1414880.68204307439737, -3034221.414336656685919 ], [ 1467619.654205783270299, -3009066.214995394926518 ], [ 1519911.57520467042923, -2982994.424935567192733 ], [ 1571740.516414036042988, -2956013.985876987688243 ], [ 1623090.690236309776083, -2928133.116322759538889 ], [ 1673946.454911104636267, -2899360.309055837336928 ], [ 1729648.32207222096622, -2995838.773055343423039 ], [ 1785341.528655202826485, -3092302.236493497621268 ], [ 1841025.921531321946532, -3188750.434143562335521 ], [ 1896701.358427790924907, -3285183.119581841398031 ], [ 1952367.708094268338755, -3381600.065476075280458 ], [ 2008024.850455384235829, -3478001.063849621918052 ], [ 2063672.676749155158177, -3574385.926321200560778 ], [ 2119311.089651151560247, -3670754.484319954179227 ], [ 2174940.003384307492524, -3767106.589275646489114 ], [ 2230559.343814285937697, -3863442.112783838994801 ], [ 2286169.048530325293541, -3959760.946745921857655 ], [ 2341769.066911514848471, -4056063.00348390545696 ], [ 2397359.360178468748927, -4152348.21582992374897 ], [ 2452939.901430384721607, -4248616.537190419621766 ], [ 2508510.675667488481849, -4344867.941585022956133 ], [ 2564071.679798893630505, -4441102.423660160973668 ], [ 2619622.92263590823859, -4537319.998677466064692 ], [ 2675164.424870857503265, -4633520.702477099373937 ], [ 2730696.219041497446597, -4729704.591416104696691 ], [ 2786218.349481103010476, -4825871.742281967774034 ], [ 2841730.872254357207566, -4922022.252181568183005 ], [ 2897233.855079154018313, -5018156.238405738957226 ], [ 2952727.377234469167888, -5114273.838269694708288 ], [ 3008211.529454446863383, -5210375.208929581567645 ], [ 3063686.413808891084045, -5306460.527175486087799 ], [ 3119152.143570331390947, -5402529.989201186224818 ], [ 3174608.843067883979529, -5498583.810351027175784 ], [ 3230056.647528112865984, -5594622.224844287149608 ], [ 3285495.702903130091727, -5690645.48547744192183 ], [ 3340926.16568616963923, -5786653.863304722122848 ], [ 3239426.291314725764096, -5844079.72921356279403 ], [ 3136939.656313919927925, -5899725.431824014522135 ], [ 3033497.479105584323406, -5953574.020916009321809 ], [ 2929131.269178962800652, -6005609.093687666580081 ], [ 2823872.817492618225515, -6055814.799751743674278 ], [ 2717754.186790594831109, -6104175.845963822677732 ], [ 2610807.70183579903096, -6150677.501080741174519 ], [ 2503065.93956356216222, -6195305.600247879512608 ], [ 2394561.719158389605582, -6238046.549313909374177 ], [ 2285328.092056921217591, -6278887.328971704468131 ], [ 2175398.331880142446607, -6317815.498724147677422 ], [ 2064805.924297915538773, -6354819.200673625804484 ], [ 1953584.556828923756257, -6389887.163134063594043 ], [ 1841768.108579123159871, -6423008.704064383171499 ], [ 1729390.639921840978786, -6454173.734322363510728 ], [ 1616486.382122655631974, -6483372.76073788292706 ], [ 1503089.726912220241502, -6510596.8890046402812 ], [ 1389235.216010210337117, -6535837.826389438472688 ], [ 1274957.530603579944, -6559087.884258235804737 ], [ 1160291.480782336788252, -6580339.980418176390231 ], [ 1045271.994936051312834, -6599587.641274897381663 ], [ 929934.109114331309684, -6616825.003804444335401 ], [ 814312.956354500958696, -6632046.817339209839702 ], [ 698443.755979738314636, -6645248.445167333818972 ], [ 582361.802870927611366, -6656425.865945092402399 ], [ 466102.456715497013647, -6665575.674921839497983 ], [ 349701.131236515007913, -6672695.084977122955024 ], [ 233193.283405327383662, -6677781.927469674497843 ], [ 116614.402641020467854, -6680834.652897992171347 ], [ 0.0, -6681852.331372338347137 ], [ 0.0, -6570991.405806259252131 ], [ 0.0, -6460113.295056224800646 ], [ 0.0, -6349217.686135767027736 ], [ 0.0, -6238304.287140661850572 ], [ 0.0, -6127372.827617781236768 ], [ 0.0, -6016423.058908892795444 ], [ 0.0, -5905454.754468937404454 ], [ 0.0, -5794467.710158307105303 ], [ 0.0, -5683461.74450871348381 ], [ 0.0, -5572436.698962205089629 ], [ 0.0, -5461392.438082993961871 ], [ 0.0, -5350328.849741714075208 ], [ 0.0, -5239245.845271815545857 ], [ 0.0, -5128143.359597786329687 ], [ 0.0, -5017021.351334976963699 ], [ 0.0, -4905879.802860769443214 ], [ 0.0, -4794718.720356937497854 ], [ 0.0, -4683538.133823029696941 ], [ 0.0, -4572338.097060650587082 ], [ 0.0, -4461118.687628571875393 ], [ 0.0, -4349880.006768614985049 ], [ 0.0, -4238622.179302303120494 ], [ 0.0, -4127345.353498309850693 ], [ 0.0, -4016049.700910768005997 ], [ 0.0, -3904735.416188536211848 ], [ 0.0, -3793402.716855581384152 ], [ 0.0, -3682051.843062643427402 ], [ 0.0, -3570683.057310405187309 ], [ 0.0, -3459296.644144441466779 ], [ 0.0, -3347892.909822208806872 ] ] ] } },
{ "type": "Feature", "properties": { "ObjectID": 19, "WRLD30_ID": 20.0 }, "geometry": { "type": "Polygon", "coordinates": [ [ [ 1673946.454911104636267, -2899360.309055837336928 ], [ 1724292.319279850460589, -2869704.328552042599767 ], [ 1774112.947504548821598, -2839174.208310320973396 ], [ 1823393.163739219307899, -2807779.248101050034165 ], [ 1872117.956752608530223, -2775529.01113323867321 ], [ 1920272.484500756720081, -2742433.321141483262181 ], [ 1967842.07864802912809, -2708502.259393560234457 ], [ 2014812.249035231070593, -2673746.161619574762881 ], [ 2061168.688093452481553, -2638175.614863599650562 ], [ 2106897.275202291086316, -2601801.454258756246418 ], [ 2151984.080991130322218, -2564634.759726728778332 ], [ 2196415.371582162566483, -2526686.852602713741362 ], [ 2240177.612773857079446, -2487969.292186830658466 ], [ 2283257.474163612816483, -2448493.872223048005253 ], [ 2325641.833208326715976, -2408272.617306692991406 ], [ 2367317.779221646953374, -2367317.779221646022052 ], [ 2408272.617306693922728, -2325641.833208326250315 ], [ 2448493.872223048470914, -2283257.474163612350821 ], [ 2487969.292186831124127, -2240177.612773856613785 ], [ 2526686.852602714207023, -2196415.37158216163516 ], [ 2564634.759726729243994, -2151984.080991129856557 ], [ 2601801.454258756712079, -2106897.275202290154994 ], [ 2638175.614863600116223, -2061168.688093451783061 ], [ 2673746.161619575228542, -2014812.249035230372101 ], [ 2708502.259393560700119, -1967842.078648028429598 ], [ 2742433.321141484193504, -1920272.484500756021589 ], [ 2775529.011133239604533, -1872117.956752607598901 ], [ 2807779.248101050499827, -1823393.163739218376577 ], [ 2839174.208310321904719, -1774112.947504547657445 ], [ 2869704.328552043065429, -1724292.319279849994928 ], [ 2899360.309055837802589, -1673946.454911104170606 ], [ 2995838.7730553438887, -1729648.322072220500559 ], [ 3092302.236493497621268, -1785341.528655202360824 ], [ 3188750.434143562335521, -1841025.92153132148087 ], [ 3285183.119581841863692, -1896701.358427790226415 ], [ 3381600.065476075280458, -1952367.708094267640263 ], [ 3478001.063849621918052, -2008024.850455383537337 ], [ 3574385.926321200560778, -2063672.676749154459685 ], [ 3670754.484319954644889, -2119311.089651151094586 ], [ 3767106.589275646954775, -2174940.003384307026863 ], [ 3863442.112783838994801, -2230559.343814285472035 ], [ 3959760.946745921857655, -2286169.04853032482788 ], [ 4056063.003483905922621, -2341769.066911514382809 ], [ 4152348.215829924214631, -2397359.360178468283266 ], [ 4248616.537190420553088, -2452939.901430384255946 ], [ 4344867.941585023887455, -2508510.675667488016188 ], [ 4441102.423660160973668, -2564071.679798892699182 ], [ 4537319.998677466996014, -2619622.922635907307267 ], [ 4633520.702477099373937, -2675164.424870856571943 ], [ 4729704.591416104696691, -2730696.219041496515274 ], [ 4825871.742281968705356, -2786218.349481102079153 ], [ 4922022.252181569114327, -2841730.872254356276244 ], [ 5018156.238405739888549, -2897233.85507915308699 ], [ 5114273.838269694708288, -2952727.377234468236566 ], [ 5210375.208929581567645, -3008211.52945444593206 ], [ 5306460.527175487019122, -3063686.413808890152723 ], [ 5402529.989201187156141, -3119152.143570330459625 ], [ 5498583.810351027175784, -3174608.843067883048207 ], [ 5594622.224844288080931, -3230056.647528111934662 ], [ 5690645.48547744192183, -3285495.702903129160404 ], [ 5786653.863304722122848, -3340926.165686168707907 ], [ 5727465.326572543010116, -3441408.361583266407251 ], [ 5666532.148418689146638, -3540842.271155753172934 ], [ 5603872.889679495245218, -3639197.605871538631618 ], [ 5539506.636972170323133, -3736444.405742875300348 ], [ 5473452.996880817227066, -3832553.048452473711222 ], [ 5405732.089984085410833, -3927494.258376738522202 ], [ 5336364.544726240448654, -4021239.115503410808742 ], [ 5265371.491133549250662, -4113759.064240882638842 ], [ 5192774.554377858527005, -4205025.922116507776082 ], [ 5118595.848189368844032, -4295011.888361254706979 ], [ 5042857.968120568431914, -4383689.552378092892468 ], [ 4965583.98466341663152, -4471031.902091522701085 ], [ 4886797.436221844516695, -4557012.332175716757774 ], [ 4806522.321941728703678, -4641604.652158760465682 ], [ 4724783.094400523230433, -4724783.094400521367788 ], [ 4641604.652158761397004, -4806522.321941727772355 ], [ 4557012.332175717689097, -4886797.436221843585372 ], [ 4471031.902091523632407, -4965583.984663415700197 ], [ 4383689.552378093823791, -5042857.968120567500591 ], [ 4295011.888361255638301, -5118595.84818936791271 ], [ 4205025.922116508707404, -5192774.554377857595682 ], [ 4113759.064240884035826, -5265371.491133547388017 ], [ 4021239.115503412205726, -5336364.544726239517331 ], [ 3927494.258376739919186, -5405732.089984084479511 ], [ 3832553.048452475108206, -5473452.996880816295743 ], [ 3736444.405742877628654, -5539506.636972168460488 ], [ 3639197.605871540028602, -5603872.889679494313896 ], [ 3540842.27115575550124, -5666532.148418687283993 ], [ 3441408.361583267338574, -5727465.326572543010116 ], [ 3340926.16568616963923, -5786653.863304722122848 ], [ 3285495.702903130091727, -5690645.48547744192183 ], [ 3230056.647528112865984, -5594622.224844287149608 ], [ 3174608.843067883979529, -5498583.810351027175784 ], [ 3119152.143570331390947, -5402529.989201186224818 ], [ 3063686.413808891084045, -5306460.527175486087799 ], [ 3008211.529454446863383, -5210375.208929581567645 ], [ 2952727.377234469167888, -5114273.838269694708288 ], [ 2897233.855079154018313, -5018156.238405738957226 ], [ 2841730.872254357207566, -4922022.252181568183005 ], [ 2786218.349481103010476, -4825871.742281967774034 ], [ 2730696.219041497446597, -4729704.591416104696691 ], [ 2675164.424870857503265, -4633520.702477099373937 ], [ 2619622.92263590823859, -4537319.998677466064692 ], [ 2564071.679798893630505, -4441102.423660160973668 ], [ 2508510.675667488481849, -4344867.941585022956133 ], [ 2452939.901430384721607, -4248616.537190419621766 ], [ 2397359.360178468748927, -4152348.21582992374897 ], [ 2341769.066911514848471, -4056063.00348390545696 ], [ 2286169.048530325293541, -3959760.946745921857655 ], [ 2230559.343814285937697, -3863442.112783838994801 ], [ 2174940.003384307492524, -3767106.589275646489114 ], [ 2119311.089651151560247, -3670754.484319954179227 ], [ 2063672.676749155158177, -3574385.926321200560778 ], [ 2008024.850455384235829, -3478001.063849621918052 ], [ 1952367.708094268338755, -3381600.065476075280458 ], [ 1896701.358427790924907, -3285183.119581841398031 ], [ 1841025.921531321946532, -3188750.434143562335521 ], [ 1785341.528655202826485, -3092302.236493497621268 ], [ 1729648.32207222096622, -2995838.773055343423039 ], [ 1673946.454911104636267, -2899360.309055837336928 ] ] ] } },
{ "type": "Feature", "properties": { "ObjectID": 20, "WRLD30_ID": 21.0 }, "geometry": { "type": "Polygon", "coordinates": [ [ [ 2899360.309055837802589, -1673946.454911104170606 ], [ 2928133.11632276000455, -1623090.69023630884476 ], [ 2956013.985876988153905, -1571740.516414035111666 ], [ 2982994.424935567658395, -1519911.575204669497907 ], [ 3009066.214995395392179, -1467619.654205782338977 ], [ 3034221.41433665715158, -1414880.682043073466048 ], [ 3058452.36044194875285, -1361710.723518357146531 ], [ 3081751.672330356668681, -1308125.974716069176793 ], [ 3104112.252805774100125, -1254142.758069781819358 ], [ 3125527.290618775878102, -1199777.517390232766047 ], [ 3145990.262541392352432, -1145046.812856381526217 ], [ 3165494.935354147106409, -1089967.315971016185358 ], [ 3184035.367744754999876, -1034555.80448245536536 ], [ 3201605.9121179045178, -978829.157273882068694 ], [ 3218201.216315569821745, -922804.349221872282214 ], [ 3233816.22524733049795, -866498.4460256829625 ], [ 3248446.182430199347436, -809928.59900887531694 ], [ 3262086.631437495350838, -753112.039894854999147 ], [ 3274733.417256312910467, -696066.075557922711596 ], [ 3286382.687553178984672, -638808.082751431851648 ], [ 3297030.893847512546927, -581355.502814662875608 ], [ 3306674.792592524550855, -523725.836360018583946 ], [ 3315311.446163235232234, -465936.637942172936164 ], [ 3322938.223751300945878, -408005.510710780508816 ], [ 3329552.802166386973113, -349950.101048387470655 ], [ 3335153.16654383065179, -291788.093195172317792 ], [ 3339737.610958391334862, -233537.20386215520557 ], [ 3343304.738943888805807, -175215.176834515994415 ], [ 3345853.463918584398925, -116839.777566665434279 ], [ 3347383.00951615953818, -58428.787770715745864 ], [ 3347892.909822208806872, 0.000000001281771 ], [ 3459296.644144441466779, 0.000000001324422 ], [ 3570683.057310405187309, 0.000000001367068 ], [ 3682051.843062643427402, 0.000000001409706 ], [ 3793402.716855581384152, 0.000000001452338 ], [ 3904735.416188536211848, 0.000000001494963 ], [ 4016049.700910768005997, 0.00000000153758 ], [ 4127345.353498309850693, 0.000000001580191 ], [ 4238622.179302303120494, 0.000000001622794 ], [ 4349880.006768614985049, 0.00000000166539 ], [ 4461118.687628571875393, 0.000000001707979 ], [ 4572338.097060650587082, 0.00000000175056 ], [ 4683538.133823029696941, 0.000000001793134 ], [ 4794718.720356937497854, 0.000000001835701 ], [ 4905879.802860769443214, 0.00000000187826 ], [ 5017021.351334976963699, 0.000000001920811 ], [ 5128143.359597786329687, 0.000000001963355 ], [ 5239245.845271815545857, 0.000000002005892 ], [ 5350328.849741714075208, 0.000000002048421 ], [ 5461392.438082993961871, 0.000000002090943 ], [ 5572436.698962205089629, 0.000000002133457 ], [ 5683461.74450871348381, 0.000000002175964 ], [ 5794467.710158307105303, 0.000000002218463 ], [ 5905454.754468937404454, 0.000000002260956 ], [ 6016423.058908892795444, 0.000000002303441 ], [ 6127372.827617781236768, 0.000000002345919 ], [ 6238304.287140661850572, 0.00000000238839 ], [ 6349217.686135767027736, 0.000000002430854 ], [ 6460113.295056224800646, 0.000000002473312 ], [ 6570991.405806259252131, 0.000000002515762 ], [ 6681852.331372338347137, 0.000000002558207 ], [ 6680834.652897992171347, -116614.402641018052236 ], [ 6677781.927469674497843, -233193.283405325113563 ], [ 6672695.084977122955024, -349701.13123651285423 ], [ 6665575.674921839497983, -466102.456715495034587 ], [ 6656425.865945092402399, -582361.802870925748721 ], [ 6645248.445167333818972, -698443.755979736568406 ], [ 6632046.817339209839702, -814312.956354499328882 ], [ 6616825.003804444335401, -929934.109114329796284 ], [ 6599587.641274897381663, -1045271.994936050032265 ], [ 6580339.980418176390231, -1160291.480782335624099 ], [ 6559087.884258235804737, -1274957.530603577382863 ], [ 6535837.826389438472688, -1389235.216010208008811 ], [ 6510596.889004641212523, -1503089.726912217913195 ], [ 6483372.760737883858383, -1616486.382122653536499 ], [ 6454173.734322363510728, -1729390.639921839116141 ], [ 6423008.704064384102821, -1841768.108579121297225 ], [ 6389887.163134064525366, -1953584.556828922126442 ], [ 6354819.200673626735806, -2064805.924297914141789 ], [ 6317815.498724147677422, -2175398.331880141049623 ], [ 6278887.328971704468131, -2285328.092056920286268 ], [ 6238046.5493139103055, -2394561.719158387277275 ], [ 6195305.600247880443931, -2503065.939563559833914 ], [ 6150677.501080742105842, -2610807.701835796702653 ], [ 6104175.845963823609054, -2717754.186790592968464 ], [ 6055814.799751744605601, -2823872.81749261636287 ], [ 6005609.093687666580081, -2929131.269178961403668 ], [ 5953574.020916010253131, -3033497.479105582460761 ], [ 5899725.431824015453458, -3136939.656313918530941 ], [ 5844079.729213563725352, -3239426.291314724367112 ], [ 5786653.863304722122848, -3340926.165686168707907 ], [ 5690645.48547744192183, -3285495.702903129160404 ], [ 5594622.224844288080931, -3230056.647528111934662 ], [ 5498583.810351027175784, -3174608.843067883048207 ], [ 5402529.989201187156141, -3119152.143570330459625 ], [ 5306460.527175487019122, -3063686.413808890152723 ], [ 5210375.208929581567645, -3008211.52945444593206 ], [ 5114273.838269694708288, -2952727.377234468236566 ], [ 5018156.238405739888549, -2897233.85507915308699 ], [ 4922022.252181569114327, -2841730.872254356276244 ], [ 4825871.742281968705356, -2786218.349481102079153 ], [ 4729704.591416104696691, -2730696.219041496515274 ], [ 4633520.702477099373937, -2675164.424870856571943 ], [ 4537319.998677466996014, -2619622.922635907307267 ], [ 4441102.423660160973668, -2564071.679798892699182 ], [ 4344867.941585023887455, -2508510.675667488016188 ], [ 4248616.537190420553088, -2452939.901430384255946 ], [ 4152348.215829924214631, -2397359.360178468283266 ], [ 4056063.003483905922621, -2341769.066911514382809 ], [ 3959760.946745921857655, -2286169.04853032482788 ], [ 3863442.112783838994801, -2230559.343814285472035 ], [ 3767106.589275646954775, -2174940.003384307026863 ], [ 3670754.484319954644889, -2119311.089651151094586 ], [ 3574385.926321200560778, -2063672.676749154459685 ], [ 3478001.063849621918052, -2008024.850455383537337 ], [ 3381600.065476075280458, -1952367.708094267640263 ], [ 3285183.119581841863692, -1896701.358427790226415 ], [ 3188750.434143562335521, -1841025.92153132148087 ], [ 3092302.236493497621268, -1785341.528655202360824 ], [ 2995838.7730553438887, -1729648.322072220500559 ], [ 2899360.309055837802589, -1673946.454911104170606 ] ] ] } },
{ "type": "Feature", "properties": { "ObjectID": 21, "WRLD30_ID": 22.0 }, "geometry": { "type": "Polygon", "coordinates": [ [ [ 3347892.909822208806872, 0.000000001281771 ], [ 3347383.00951615953818, 58428.787770717564854 ], [ 3345853.463918583933264, 116839.777566667253268 ], [ 3343304.738943888805807, 175215.176834517798852 ], [ 3339737.6109583908692, 233537.203862157010008 ], [ 3335153.16654383065179, 291788.093195174122229 ], [ 3329552.802166386973113, 349950.101048389275093 ], [ 3322938.223751300945878, 408005.510710782313254 ], [ 3315311.446163234766573, 465936.637942174682394 ], [ 3306674.792592524085194, 523725.836360020388383 ], [ 3297030.893847512081265, 581355.502814664621837 ], [ 3286382.687553178519011, 638808.082751434412785 ], [ 3274733.417256312444806, 696066.075557924457826 ], [ 3262086.631437494885176, 753112.039894856861793 ], [ 3248446.182430198881775, 809928.59900887706317 ], [ 3233816.225247330032289, 866498.446025684708729 ], [ 3218201.216315569356084, 922804.349221874028444 ], [ 3201605.912117903586477, 978829.157273883814923 ], [ 3184035.367744754068553, 1034555.804482456995174 ], [ 3165494.935354146640748, 1089967.315971017815173 ], [ 3145990.262541391886771, 1145046.812856383388862 ], [ 3125527.290618774946779, 1199777.517390235327184 ], [ 3104112.252805773168802, 1254142.758069784380496 ], [ 3081751.67233035620302, 1308125.974716070806608 ], [ 3058452.360441948287189, 1361710.723518358776346 ], [ 3034221.414336656220257, 1414880.682043075095862 ], [ 3009066.214995394460857, 1467619.654205784667283 ], [ 2982994.424935566727072, 1519911.575204671127722 ], [ 2956013.985876987688243, 1571740.516414036275819 ], [ 2928133.116322759073228, 1623090.690236310474575 ], [ 2899360.309055837336928, 1673946.454911105101928 ], [ 2995838.773055342957377, 1729648.322072221431881 ], [ 3092302.236493497155607, 1785341.528655203292146 ], [ 3188750.43414356186986, 1841025.921531322412193 ], [ 3285183.119581840932369, 1896701.358427791390568 ], [ 3381600.065476074814796, 1952367.708094268804416 ], [ 3478001.063849621452391, 2008024.85045538470149 ], [ 3574385.926321200095117, 2063672.676749155623838 ], [ 3670754.484319953713566, 2119311.08965115249157 ], [ 3767106.589275646023452, 2174940.003384308423847 ], [ 3863442.11278383852914, 2230559.343814286869019 ], [ 3959760.946745921391994, 2286169.048530326224864 ], [ 4056063.003483904991299, 2341769.066911515779793 ], [ 4152348.215829923283309, 2397359.36017846968025 ], [ 4248616.537190419621766, 2452939.90143038565293 ], [ 4344867.941585022956133, 2508510.675667489413172 ], [ 4441102.423660160042346, 2564071.679798894096166 ], [ 4537319.998677466064692, 2619622.922635908704251 ], [ 4633520.702477098442614, 2675164.424870857968926 ], [ 4729704.591416103765368, 2730696.219041497912258 ], [ 4825871.742281967774034, 2786218.349481103476137 ], [ 4922022.252181568183005, 2841730.872254357673228 ], [ 5018156.238405738957226, 2897233.855079154483974 ], [ 5114273.838269693776965, 2952727.377234469633549 ], [ 5210375.208929580636322, 3008211.529454447329044 ], [ 5306460.527175486087799, 3063686.413808891549706 ], [ 5402529.989201185293496, 3119152.143570331856608 ], [ 5498583.810351026244462, 3174608.843067884910852 ], [ 5594622.224844287149608, 3230056.647528113797307 ], [ 5690645.485477440990508, 3285495.702903131023049 ], [ 5786653.863304721191525, 3340926.165686170570552 ], [ 5844079.729213561862707, 3239426.291314727626741 ], [ 5899725.431824014522135, 3136939.656313920393586 ], [ 5953574.020916008390486, 3033497.47910558572039 ], [ 6005609.093687664717436, 2929131.269178966060281 ], [ 6055814.799751743674278, 2823872.817492619622499 ], [ 6104175.845963821746409, 2717754.186790596228093 ], [ 6150677.501080740243196, 2610807.701835799962282 ], [ 6195305.600247878581285, 2503065.939563564490527 ], [ 6238046.549313908442855, 2394561.719158391933888 ], [ 6278887.328971703536808, 2285328.092056923545897 ], [ 6317815.498724146746099, 2175398.331880144309253 ], [ 6354819.200673625804484, 2064805.924297917634249 ], [ 6389887.163134062662721, 1953584.556828925618902 ], [ 6423008.704064383171499, 1841768.108579124789685 ], [ 6454173.734322362579405, 1729390.639921842608601 ], [ 6483372.76073788292706, 1616486.382122657028958 ], [ 6510596.8890046402812, 1503089.726912221638486 ], [ 6535837.826389438472688, 1389235.216010211501271 ], [ 6559087.884258234873414, 1274957.530603582505137 ], [ 6580339.980418175458908, 1160291.480782339116558 ], [ 6599587.641274896450341, 1045271.99493605364114 ], [ 6616825.003804444335401, 929934.109114333405159 ], [ 6632046.817339209839702, 814312.956354502937756 ], [ 6645248.445167333818972, 698443.755979740177281 ], [ 6656425.865945092402399, 582361.802870929357596 ], [ 6665575.674921839497983, 466102.456715498643462 ], [ 6672695.084977122955024, 349701.131236516463105 ], [ 6677781.927469674497843, 233193.283405328751542 ], [ 6680834.652897992171347, 116614.402641021675663 ], [ 6681852.331372338347137, 0.000000002558207 ], [ 6570991.405806259252131, 0.000000002515762 ], [ 6460113.295056224800646, 0.000000002473312 ], [ 6349217.686135767027736, 0.000000002430854 ], [ 6238304.287140661850572, 0.00000000238839 ], [ 6127372.827617781236768, 0.000000002345919 ], [ 6016423.058908892795444, 0.000000002303441 ], [ 5905454.754468937404454, 0.000000002260956 ], [ 5794467.710158307105303, 0.000000002218463 ], [ 5683461.74450871348381, 0.000000002175964 ], [ 5572436.698962205089629, 0.000000002133457 ], [ 5461392.438082993961871, 0.000000002090943 ], [ 5350328.849741714075208, 0.000000002048421 ], [ 5239245.845271815545857, 0.000000002005892 ], [ 5128143.359597786329687, 0.000000001963355 ], [ 5017021.351334976963699, 0.000000001920811 ], [ 4905879.802860769443214, 0.00000000187826 ], [ 4794718.720356937497854, 0.000000001835701 ], [ 4683538.133823029696941, 0.000000001793134 ], [ 4572338.097060650587082, 0.00000000175056 ], [ 4461118.687628571875393, 0.000000001707979 ], [ 4349880.006768614985049, 0.00000000166539 ], [ 4238622.179302303120494, 0.000000001622794 ], [ 4127345.353498309850693, 0.000000001580191 ], [ 4016049.700910768005997, 0.00000000153758 ], [ 3904735.416188536211848, 0.000000001494963 ], [ 3793402.716855581384152, 0.000000001452338 ], [ 3682051.843062643427402, 0.000000001409706 ], [ 3570683.057310405187309, 0.000000001367068 ], [ 3459296.644144441466779, 0.000000001324422 ], [ 3347892.909822208806872, 0.000000001281771 ] ] ] } },
{ "type": "Feature", "properties": { "ObjectID": 22, "WRLD30_ID": 23.0 }, "geometry": { "type": "Polygon", "coordinates": [ [ [ 2899360.309055837336928, 1673946.454911105101928 ], [ 2869704.328552042134106, 1724292.319279851391912 ], [ 2839174.208310320973396, 1774112.94750454928726 ], [ 2807779.248101049102843, 1823393.163739220239222 ], [ 2775529.01113323867321, 1872117.956752608995885 ], [ 2742433.321141482330859, 1920272.484500758117065 ], [ 2708502.259393559768796, 1967842.078648030059412 ], [ 2673746.161619573831558, 2014812.249035232467577 ], [ 2638175.614863599184901, 2061168.688093453180045 ], [ 2601801.454258755780756, 2106897.275202291086316 ], [ 2564634.75972672784701, 2151984.080991131719202 ], [ 2526686.852602713275701, 2196415.371582163032144 ], [ 2487969.292186829727143, 2240177.612773858010769 ], [ 2448493.872223047539592, 2283257.474163613282144 ], [ 2408272.617306692060083, 2325641.833208327647299 ], [ 2367317.77922164555639, 2367317.779221647419035 ], [ 2325641.833208324853331, 2408272.617306694854051 ], [ 2283257.474163611419499, 2448493.872223048936576 ], [ 2240177.612773855216801, 2487969.292186832521111 ], [ 2196415.371582161169499, 2526686.852602714672685 ], [ 2151984.080991129856557, 2564634.759726729243994 ], [ 2106897.275202289223671, 2601801.454258757643402 ], [ 2061168.6880934513174, 2638175.614863600581884 ], [ 2014812.249035229440778, 2673746.161619576159865 ], [ 1967842.078648027963936, 2708502.25939356116578 ], [ 1920272.484500755090266, 2742433.321141484659165 ], [ 1872117.95675260713324, 2775529.011133239604533 ], [ 1823393.163739216979593, 2807779.248101051431149 ], [ 1774112.947504547191784, 2839174.208310321904719 ], [ 1724292.319279848132282, 2869704.328552043996751 ], [ 1673946.454911103006452, 2899360.30905583826825 ], [ 1729648.322072219336405, 2995838.773055344354361 ], [ 1785341.52865520096384, 3092302.236493498552591 ], [ 1841025.921531320083886, 3188750.434143563266844 ], [ 1896701.358427789062262, 3285183.119581842329353 ], [ 1952367.70809426647611, 3381600.06547607621178 ], [ 2008024.850455382373184, 3478001.063849622849375 ], [ 2063672.676749153062701, 3574385.926321201492101 ], [ 2119311.089651149697602, 3670754.484319955576211 ], [ 2174940.003384305629879, 3767106.589275647420436 ], [ 2230559.343814284075052, 3863442.112783839926124 ], [ 2286169.048530323430896, 3959760.946745922788978 ], [ 2341769.066911512985826, 4056063.003483906853944 ], [ 2397359.360178466886282, 4152348.215829925145954 ], [ 2452939.901430382858962, 4248616.537190421484411 ], [ 2508510.675667486153543, 4344867.941585024818778 ], [ 2564071.679798890836537, 4441102.423660161904991 ], [ 2619622.922635905444622, 4537319.998677467927337 ], [ 2675164.424870854709297, 4633520.702477100305259 ], [ 2730696.219041494652629, 4729704.591416105628014 ], [ 2786218.349481100216508, 4825871.742281969636679 ], [ 2841730.872254354413599, 4922022.25218157004565 ], [ 2897233.855079151224345, 5018156.238405740819871 ], [ 2952727.37723446637392, 5114273.83826969563961 ], [ 3008211.529454444069415, 5210375.208929582498968 ], [ 3063686.413808887824416, 5306460.527175487950444 ], [ 3119152.143570328131318, 5402529.989201188087463 ], [ 3174608.8430678807199, 5498583.810351028107107 ], [ 3230056.647528109606355, 5594622.224844289012253 ], [ 3285495.702903126832098, 5690645.485477443784475 ], [ 3340926.165686166379601, 5786653.863304723985493 ], [ 3441408.361583262681961, 5727465.326572545804083 ], [ 3540842.271155752241611, 5666532.148418689146638 ], [ 3639197.60587153583765, 5603872.889679497107863 ], [ 3736444.405742874369025, 5539506.636972171254456 ], [ 3832553.048452471848577, 5473452.996880819089711 ], [ 3927494.258376737590879, 5405732.089984085410833 ], [ 4021239.115503408480436, 5336364.544726242311299 ], [ 4113759.064240881707519, 5265371.491133549250662 ], [ 4205025.922116505913436, 5192774.55437786038965 ], [ 4295011.888361253775656, 5118595.848189368844032 ], [ 4383689.552378091029823, 5042857.968120570294559 ], [ 4471031.902091519907117, 4965583.984663419425488 ], [ 4557012.332175714895129, 4886797.436221845448017 ], [ 4641604.652158757671714, 4806522.321941731497645 ], [ 4724783.094400520436466, 4724783.094400524161756 ], [ 4806522.32194172590971, 4641604.652158763259649 ], [ 4886797.436221842654049, 4557012.33217571862042 ], [ 4965583.984663413837552, 4471031.902091525495052 ], [ 5042857.968120566569269, 4383689.552378094755113 ], [ 5118595.848189366050065, 4295011.888361257500947 ], [ 5192774.554377857595682, 4205025.922116508707404 ], [ 5265371.491133546456695, 4113759.06424088543281 ], [ 5336364.544726237654686, 4021239.115503414999694 ], [ 5405732.089984082616866, 3927494.258376741781831 ], [ 5473452.996880814433098, 3832553.048452477902174 ], [ 5539506.636972168460488, 3736444.405742878559977 ], [ 5603872.889679492451251, 3639197.605871542356908 ], [ 5666532.148418687283993, 3540842.271155755966902 ], [ 5727465.32657254114747, 3441408.361583269201219 ], [ 5786653.863304721191525, 3340926.165686170570552 ], [ 5690645.485477440990508, 3285495.702903131023049 ], [ 5594622.224844287149608, 3230056.647528113797307 ], [ 5498583.810351026244462, 3174608.843067884910852 ], [ 5402529.989201185293496, 3119152.143570331856608 ], [ 5306460.527175486087799, 3063686.413808891549706 ], [ 5210375.208929580636322, 3008211.529454447329044 ], [ 5114273.838269693776965, 2952727.377234469633549 ], [ 5018156.238405738957226, 2897233.855079154483974 ], [ 4922022.252181568183005, 2841730.872254357673228 ], [ 4825871.742281967774034, 2786218.349481103476137 ], [ 4729704.591416103765368, 2730696.219041497912258 ], [ 4633520.702477098442614, 2675164.424870857968926 ], [ 4537319.998677466064692, 2619622.922635908704251 ], [ 4441102.423660160042346, 2564071.679798894096166 ], [ 4344867.941585022956133, 2508510.675667489413172 ], [ 4248616.537190419621766, 2452939.90143038565293 ], [ 4152348.215829923283309, 2397359.36017846968025 ], [ 4056063.003483904991299, 2341769.066911515779793 ], [ 3959760.946745921391994, 2286169.048530326224864 ], [ 3863442.11278383852914, 2230559.343814286869019 ], [ 3767106.589275646023452, 2174940.003384308423847 ], [ 3670754.484319953713566, 2119311.08965115249157 ], [ 3574385.926321200095117, 2063672.676749155623838 ], [ 3478001.063849621452391, 2008024.85045538470149 ], [ 3381600.065476074814796, 1952367.708094268804416 ], [ 3285183.119581840932369, 1896701.358427791390568 ], [ 3188750.43414356186986, 1841025.921531322412193 ], [ 3092302.236493497155607, 1785341.528655203292146 ], [ 2995838.773055342957377, 1729648.322072221431881 ], [ 2899360.309055837336928, 1673946.454911105101928 ] ] ] } },
{ "type": "Feature", "properties": { "ObjectID": 23, "WRLD30_ID": 24.0 }, "geometry": { "type": "Polygon", "coordinates": [ [ [ 1673946.454911103006452, 2899360.30905583826825 ], [ 1623090.690236308379099, 2928133.116322760470212 ], [ 1571740.516414034180343, 2956013.985876988619566 ], [ 1519911.575204669032246, 2982994.424935567658395 ], [ 1467619.654205781174824, 3009066.214995396323502 ], [ 1414880.682043073000386, 3034221.41433665715158 ], [ 1361710.723518355982378, 3058452.360441949218512 ], [ 1308125.974716068711132, 3081751.672330357134342 ], [ 1254142.758069780655205, 3104112.252805774565786 ], [ 1199777.517390232300386, 3125527.290618775878102 ], [ 1145046.812856381060556, 3145990.262541392352432 ], [ 1089967.315971014788374, 3165494.93535414757207 ], [ 1034555.804482454783283, 3184035.367744754999876 ], [ 978829.157273880788125, 3201605.9121179045178 ], [ 922804.349221871700138, 3218201.216315569821745 ], [ 866498.446025681681931, 3233816.225247330963612 ], [ 809928.599008874734864, 3248446.182430199813098 ], [ 753112.039894853834994, 3262086.631437495816499 ], [ 696066.075557922129519, 3274733.417256312910467 ], [ 638808.082751430571079, 3286382.687553179450333 ], [ 581355.502814661595039, 3297030.893847512546927 ], [ 523725.836360018060077, 3306674.792592524550855 ], [ 465936.637942171655595, 3315311.446163235232234 ], [ 408005.510710779984947, 3322938.223751300945878 ], [ 349950.101048386190087, 3329552.802166386973113 ], [ 291788.093195171793923, 3335153.16654383065179 ], [ 233537.203862153925002, 3339737.610958391334862 ], [ 175215.176834515441442, 3343304.738943888805807 ], [ 116839.77756666415371, 3345853.463918584398925 ], [ 58428.787770715207444, 3347383.00951615953818 ], [ -0.000000003383511, 3347892.909822208806872 ], [ -0.0000000034961, 3459296.644144441466779 ], [ -0.000000003608672, 3570683.057310405187309 ], [ -0.000000003721225, 3682051.843062643427402 ], [ -0.000000003833761, 3793402.716855581384152 ], [ -0.000000003946278, 3904735.416188536211848 ], [ -0.000000004058777, 4016049.700910768005997 ], [ -0.000000004171256, 4127345.353498309850693 ], [ -0.000000004283717, 4238622.179302303120494 ], [ -0.000000004396159, 4349880.006768614985049 ], [ -0.000000004508581, 4461118.687628571875393 ], [ -0.000000004620983, 4572338.097060650587082 ], [ -0.000000004733367, 4683538.133823029696941 ], [ -0.00000000484573, 4794718.720356937497854 ], [ -0.000000004958074, 4905879.802860769443214 ], [ -0.000000005070398, 5017021.351334976963699 ], [ -0.000000005182702, 5128143.359597786329687 ], [ -0.000000005294986, 5239245.845271815545857 ], [ -0.000000005407251, 5350328.849741714075208 ], [ -0.000000005519496, 5461392.438082993961871 ], [ -0.000000005631722, 5572436.698962205089629 ], [ -0.000000005743928, 5683461.74450871348381 ], [ -0.000000005856115, 5794467.710158307105303 ], [ -0.000000005968283, 5905454.754468937404454 ], [ -0.000000006080432, 6016423.058908892795444 ], [ -0.000000006192562, 6127372.827617781236768 ], [ -0.000000006304674, 6238304.287140661850572 ], [ -0.000000006416767, 6349217.686135767027736 ], [ -0.000000006528843, 6460113.295056224800646 ], [ -0.000000006640901, 6570991.405806259252131 ], [ -0.000000006752941, 6681852.331372338347137 ], [ 116614.402641016975394, 6680834.652897992171347 ], [ 233193.283405322552426, 6677781.927469674497843 ], [ 349701.131236511806492, 6672695.084977122955024 ], [ 466102.45671549247345, 6665575.674921839497983 ], [ 582361.802870924700983, 6656425.865945093333721 ], [ 698443.755979734007269, 6645248.445167334750295 ], [ 814312.956354498281144, 6632046.817339210771024 ], [ 929934.109114327351563, 6616825.003804445266724 ], [ 1045271.994936048984528, 6599587.641274897381663 ], [ 1160291.480782333062962, 6580339.980418177321553 ], [ 1274957.530603574821725, 6559087.884258236736059 ], [ 1389235.216010206844658, 6535837.826389439404011 ], [ 1503089.726912215584889, 6510596.889004641212523 ], [ 1616486.382122652372345, 6483372.760737883858383 ], [ 1729390.639921836787835, 6454173.73432236444205 ], [ 1841768.108579120365903, 6423008.704064384102821 ], [ 1953584.556828919565305, 6389887.163134064525366 ], [ 2064805.924297912977636, 6354819.200673626735806 ], [ 2175398.331880138255656, 6317815.498724148608744 ], [ 2285328.092056919354945, 6278887.328971705399454 ], [ 2394561.719158386345953, 6238046.5493139103055 ], [ 2503065.939563557039946, 6195305.600247881375253 ], [ 2610807.701835795771331, 6150677.501080742105842 ], [ 2717754.186790590174496, 6104175.845963824540377 ], [ 2823872.817492615431547, 6055814.799751745536923 ], [ 2929131.269178959075361, 6005609.093687668442726 ], [ 3033497.479105581529438, 5953574.020916010253131 ], [ 3136939.656313916202635, 5899725.431824017316103 ], [ 3239426.291314723435789, 5844079.729213564656675 ], [ 3340926.165686166379601, 5786653.863304723985493 ], [ 3285495.702903126832098, 5690645.485477443784475 ], [ 3230056.647528109606355, 5594622.224844289012253 ], [ 3174608.8430678807199, 5498583.810351028107107 ], [ 3119152.143570328131318, 5402529.989201188087463 ], [ 3063686.413808887824416, 5306460.527175487950444 ], [ 3008211.529454444069415, 5210375.208929582498968 ], [ 2952727.37723446637392, 5114273.83826969563961 ], [ 2897233.855079151224345, 5018156.238405740819871 ], [ 2841730.872254354413599, 4922022.25218157004565 ], [ 2786218.349481100216508, 4825871.742281969636679 ], [ 2730696.219041494652629, 4729704.591416105628014 ], [ 2675164.424870854709297, 4633520.702477100305259 ], [ 2619622.922635905444622, 4537319.998677467927337 ], [ 2564071.679798890836537, 4441102.423660161904991 ], [ 2508510.675667486153543, 4344867.941585024818778 ], [ 2452939.901430382858962, 4248616.537190421484411 ], [ 2397359.360178466886282, 4152348.215829925145954 ], [ 2341769.066911512985826, 4056063.003483906853944 ], [ 2286169.048530323430896, 3959760.946745922788978 ], [ 2230559.343814284075052, 3863442.112783839926124 ], [ 2174940.003384305629879, 3767106.589275647420436 ], [ 2119311.089651149697602, 3670754.484319955576211 ], [ 2063672.676749153062701, 3574385.926321201492101 ], [ 2008024.850455382373184, 3478001.063849622849375 ], [ 1952367.70809426647611, 3381600.06547607621178 ], [ 1896701.358427789062262, 3285183.119581842329353 ], [ 1841025.921531320083886, 3188750.434143563266844 ], [ 1785341.52865520096384, 3092302.236493498552591 ], [ 1729648.322072219336405, 2995838.773055344354361 ], [ 1673946.454911103006452, 2899360.30905583826825 ] ] ] } },
{ "type": "Feature", "properties": { "ObjectID": 24, "WRLD30_ID": 25.0 }, "geometry": { "type": "Polygon", "coordinates": [ [ [ 0.000000006752941, 6681852.331372338347137 ], [ -116614.402641016975394, 6680834.652897992171347 ], [ -233193.283405322552426, 6677781.927469674497843 ], [ -349701.131236511806492, 6672695.084977122955024 ], [ -466102.45671549247345, 6665575.674921839497983 ], [ -582361.802870924700983, 6656425.865945093333721 ], [ -698443.755979734007269, 6645248.445167334750295 ], [ -814312.956354498281144, 6632046.817339210771024 ], [ -929934.109114327351563, 6616825.003804445266724 ], [ -1045271.994936048984528, 6599587.641274897381663 ], [ -1160291.480782333062962, 6580339.980418177321553 ], [ -1274957.530603574821725, 6559087.884258236736059 ], [ -1389235.216010206844658, 6535837.826389439404011 ], [ -1503089.726912215584889, 6510596.889004641212523 ], [ -1616486.382122652372345, 6483372.760737883858383 ], [ -1729390.639921836787835, 6454173.73432236444205 ], [ -1841768.108579120365903, 6423008.704064384102821 ], [ -1953584.556828919565305, 6389887.163134064525366 ], [ -2064805.924297912977636, 6354819.200673626735806 ], [ -2175398.331880138255656, 6317815.498724148608744 ], [ -2285328.092056919354945, 6278887.328971705399454 ], [ -2394561.719158386345953, 6238046.5493139103055 ], [ -2503065.939563557039946, 6195305.600247881375253 ], [ -2610807.701835795771331, 6150677.501080742105842 ], [ -2717754.186790590174496, 6104175.845963824540377 ], [ -2823872.817492615431547, 6055814.799751745536923 ], [ -2929131.269178959075361, 6005609.093687668442726 ], [ -3033497.479105581529438, 5953574.020916010253131 ], [ -3136939.656313916202635, 5899725.431824017316103 ], [ -3239426.291314723435789, 5844079.729213564656675 ], [ -3340926.165686166379601, 5786653.863304723985493 ], [ -3396348.202714899089187, 5882647.647297452203929 ], [ -3451761.990962747018784, 5978627.14398258831352 ], [ -3507167.717318481300026, 6074592.677060978487134 ], [ -3562565.578354393597692, 6170544.587005818262696 ], [ -3617955.780083345714957, 6266483.230641853995621 ], [ -3673338.537705009337515, 6362408.980705847963691 ], [ -3728714.075341606978327, 6458322.225388877093792 ], [ -3784082.625763506162912, 6554223.367861046455801 ], [ -3839444.430104985833168, 6650112.825779176317155 ], [ -3894799.737570540513843, 6745991.030778113752604 ], [ -3950148.805132065434009, 6841858.427946236915886 ], [ -4005491.897217301651835, 6937715.475285829044878 ], [ -4060829.285389896482229, 7033562.643158924765885 ], [ -4116161.248021473176777, 7129400.413719318807125 ], [ -4171488.069956084247679, 7225229.280331381596625 ], [ -4226810.042167444713414, 7321049.746976371854544 ], [ -4282127.46140934061259, 7416862.32764692325145 ], [ -4337440.629859616048634, 7512667.545730416662991 ], [ -4392749.854758138768375, 7608465.933381911367178 ], [ -4448055.448039170354605, 7704258.030887397937477 ], [ -4503357.725958538241684, 7800044.386018037796021 ], [ -4558657.008716041222215, 7895825.55337615031749 ], [ -4613953.620073511265218, 7991602.09373367857188 ], [ -4669247.886968950740993, 8087374.573363853618503 ], [ -4724540.139127176254988, 8183143.563366809859872 ], [ -4779830.708667405880988, 8278909.638989908620715 ], [ -4835119.929708212614059, 8374673.378943491727114 ], [ -4890408.137970289215446, 8470435.364712858572602 ], [ -4945695.670377456583083, 8566196.179867183789611 ], [ -5000982.864656356163323, 8661956.409366169944406 ], [ -4849049.206944975070655, 8747916.336989767849445 ], [ -4695638.481871360912919, 8831211.564554151147604 ], [ -4540797.419828499667346, 8911816.719526102766395 ], [ -4384573.186903863213956, 8989707.248794581741095 ], [ -4227013.370512185618281, 9064859.42614982649684 ], [ -4068165.964899848215282, 9137250.359510602429509 ], [ -3908079.356525397859514, 9206857.997897338122129 ], [ -3746802.309320530388504, 9273661.13814908079803 ], [ -3584383.949836159590632, 9337639.431382168084383 ], [ -3420873.7522779610008, 9398773.389188712462783 ], [ -3256321.523436066694558, 9457044.389572948217392 ], [ -3090777.387513442896307, 9512434.68262367323041 ], [ -2924291.770857545547187, 9564927.395921047776937 ], [ -2756915.386599998921156, 9614506.53967609256506 ], [ -2588699.219208850059658, 9661157.011601336300373 ], [ -2419694.508958242367953, 9704864.601511115208268 ], [ -2249952.7363200946711, 9745615.995650140568614 ], [ -2079525.606282686581835, 9783398.780748987570405 ], [ -1908465.032600783742964, 9818201.447805307805538 ], [ -1736823.121982238953933, 9850013.395589573308825 ], [ -1564652.158215754898265, 9878824.933874318376184 ], [ -1392004.58624474843964, 9904627.2863858807832 ], [ -1218932.996192124672234, 9927412.593477731570601 ], [ -1045490.107340787537396, 9947173.914524603635073 ], [ -871728.752074868651107, 9963905.230036672204733 ], [ -697701.859786437242292, 9977601.443493155762553 ], [ -523462.440752729715314, 9988258.382894756272435 ], [ -349063.569988669885788, 9995872.802034493535757 ], [ -174558.371079741220456, 10000442.381486538797617 ], [ 0.000000010108377, 10001965.729312721639872 ], [ 0.000000009996626, 9891391.340754922479391 ], [ 0.000000009884875, 9780816.275940585881472 ], [ 0.000000009773122, 9670239.859416432678699 ], [ 0.000000009661367, 9559661.417334819212556 ], [ 0.00000000954961, 9449080.278254359960556 ], [ 0.000000009437849, 9338495.773937908932567 ], [ 0.000000009326083, 9227907.240147029981017 ], [ 0.000000009214314, 9117314.01743208989501 ], [ 0.000000009102538, 9006715.451917083933949 ], [ 0.000000008990757, 8896110.89607834815979 ], [ 0.000000008878969, 8785499.70951628498733 ], [ 0.000000008767174, 8674881.259719239547849 ], [ 0.000000008655371, 8564254.922818688675761 ], [ 0.000000008543559, 8453620.084334896877408 ], [ 0.000000008431738, 8342976.139912175945938 ], [ 0.000000008319907, 8232322.496042953804135 ], [ 0.000000008208065, 8121658.570779799483716 ], [ 0.000000008096213, 8010983.794434609822929 ], [ 0.000000007984349, 7900297.610264137387276 ], [ 0.000000007872473, 7789599.475141087546945 ], [ 0.000000007760585, 7678888.860209978185594 ], [ 0.000000007648683, 7568165.251527018845081 ], [ 0.000000007536768, 7457428.150683220475912 ], [ 0.000000007424839, 7346677.075410025194287 ], [ 0.000000007312895, 7235911.560166697949171 ], [ 0.000000007200936, 7125131.15670879278332 ], [ 0.000000007088961, 7014335.434636968187988 ], [ 0.000000006976971, 6903523.981925499625504 ], [ 0.000000006864964, 6792696.40542980376631 ], [ 0.000000006752941, 6681852.331372338347137 ] ] ] } },
{ "type": "Feature", "properties": { "ObjectID": 25, "WRLD30_ID": 26.0 }, "geometry": { "type": "Polygon", "coordinates": [ [ [ -3340926.165686166379601, 5786653.863304723985493 ], [ -3441408.361583262681961, 5727465.326572545804083 ], [ -3540842.271155752241611, 5666532.148418689146638 ], [ -3639197.60587153583765, 5603872.889679497107863 ], [ -3736444.405742874369025, 5539506.636972171254456 ], [ -3832553.048452471848577, 5473452.996880819089711 ], [ -3927494.258376737590879, 5405732.089984085410833 ], [ -4021239.115503408480436, 5336364.544726242311299 ], [ -4113759.064240881707519, 5265371.491133549250662 ], [ -4205025.922116505913436, 5192774.55437786038965 ], [ -4295011.888361253775656, 5118595.848189368844032 ], [ -4383689.552378091029823, 5042857.968120570294559 ], [ -4471031.902091519907117, 4965583.984663419425488 ], [ -4557012.332175714895129, 4886797.436221845448017 ], [ -4641604.652158757671714, 4806522.321941731497645 ], [ -4724783.094400520436466, 4724783.094400524161756 ], [ -4806522.32194172590971, 4641604.652158763259649 ], [ -4886797.436221842654049, 4557012.33217571862042 ], [ -4965583.984663413837552, 4471031.902091525495052 ], [ -5042857.968120566569269, 4383689.552378094755113 ], [ -5118595.848189366050065, 4295011.888361257500947 ], [ -5192774.554377857595682, 4205025.922116508707404 ], [ -5265371.491133546456695, 4113759.06424088543281 ], [ -5336364.544726237654686, 4021239.115503414999694 ], [ -5405732.089984082616866, 3927494.258376741781831 ], [ -5473452.996880814433098, 3832553.048452477902174 ], [ -5539506.636972168460488, 3736444.405742878559977 ], [ -5603872.889679492451251, 3639197.605871542356908 ], [ -5666532.148418687283993, 3540842.271155755966902 ], [ -5727465.32657254114747, 3441408.361583269201219 ], [ -5786653.863304721191525, 3340926.165686170570552 ], [ -5882647.647297450341284, 3396348.202714903280139 ], [ -5978627.143982585519552, 3451761.990962751209736 ], [ -6074592.677060975693166, 3507167.717318485490978 ], [ -6170544.587005815468729, 3562565.578354397788644 ], [ -6266483.230641851201653, 3617955.780083350371569 ], [ -6362408.980705845169723, 3673338.537705013994128 ], [ -6458322.225388875231147, 3728714.07534161163494 ], [ -6554223.367861043661833, 3784082.625763510819525 ], [ -6650112.825779173523188, 3839444.430104990489781 ], [ -6745991.030778110958636, 3894799.737570545170456 ], [ -6841858.427946234121919, 3950148.805132070090622 ], [ -6937715.475285826250911, 4005491.897217306308448 ], [ -7033562.643158921971917, 4060829.285389901138842 ], [ -7129400.413719316013157, 4116161.248021478299052 ], [ -7225229.280331378802657, 4171488.069956089369953 ], [ -7321049.746976368129253, 4226810.042167450301349 ], [ -7416862.327646920457482, 4282127.461409346200526 ], [ -7512667.545730412937701, 4337440.629859621636569 ], [ -7608465.93338190857321, 4392749.85475814435631 ], [ -7704258.030887395143509, 4448055.44803917594254 ], [ -7800044.38601803407073, 4503357.72595854382962 ], [ -7895825.553376147523522, 4558657.00871604681015 ], [ -7991602.093733675777912, 4613953.620073516853154 ], [ -8087374.573363850824535, 4669247.886968956328928 ], [ -8183143.563366807065904, 4724540.139127181842923 ], [ -8278909.638989904895425, 4779830.708667411468923 ], [ -8374673.378943488001823, 4835119.929708218201995 ], [ -8470435.364712854847312, 4890408.137970294803381 ], [ -8566196.179867180064321, 4945695.670377463102341 ], [ -8661956.409366166219115, 5000982.864656362682581 ], [ -8573357.965910017490387, 5151393.174541564658284 ], [ -8482147.994565470144153, 5300234.320163130760193 ], [ -8388354.27877336461097, 5447460.963066256605089 ], [ -8292005.3890081346035, 5593028.256589288823307 ], [ -8193130.67407494969666, 5736891.859524487517774 ], [ -8091760.252169804647565, 5879007.949624750763178 ], [ -7987925.001705205067992, 6019333.236952333711088 ], [ -7881656.55190432164818, 6157824.977065347135067 ], [ -7772987.273166406899691, 6294440.984038156457245 ], [ -7661950.267206463962793, 6429139.643311612308025 ], [ -7548579.356972154229879, 6561879.92436923738569 ], [ -7432909.076340977102518, 6692621.393235544674098 ], [ -7314974.65960094332695, 6821324.224792590364814 ], [ -7194812.03071784041822, 6947949.21491111535579 ], [ -7072457.792392475530505, 7072457.792392480187118 ], [ -6947949.214911106973886, 7194812.030717848800123 ], [ -6821324.224792584776878, 7314974.659600947983563 ], [ -6692621.393235536292195, 7432909.076340984553099 ], [ -6561879.924369231797755, 7548579.356972158886492 ], [ -6429139.64331160672009, 7661950.267206468619406 ], [ -6294440.98403815086931, 7772987.273166411556304 ], [ -6157824.977065341547132, 7881656.551904326304793 ], [ -6019333.236952324397862, 7987925.001705212518573 ], [ -5879007.949624745175242, 8091760.252169809304178 ], [ -5736891.859524478204548, 8193130.674074956215918 ], [ -5593028.256589283235371, 8292005.389008138328791 ], [ -5447460.963066247291863, 8388354.278773371130228 ], [ -5300234.320163125172257, 8482147.994565473869443 ], [ -5151393.174541554413736, 8573357.965910023078322 ], [ -5000982.864656356163323, 8661956.409366169944406 ], [ -4945695.670377456583083, 8566196.179867183789611 ], [ -4890408.137970289215446, 8470435.364712858572602 ], [ -4835119.929708212614059, 8374673.378943491727114 ], [ -4779830.708667405880988, 8278909.638989908620715 ], [ -4724540.139127176254988, 8183143.563366809859872 ], [ -4669247.886968950740993, 8087374.573363853618503 ], [ -4613953.620073511265218, 7991602.09373367857188 ], [ -4558657.008716041222215, 7895825.55337615031749 ], [ -4503357.725958538241684, 7800044.386018037796021 ], [ -4448055.448039170354605, 7704258.030887397937477 ], [ -4392749.854758138768375, 7608465.933381911367178 ], [ -4337440.629859616048634, 7512667.545730416662991 ], [ -4282127.46140934061259, 7416862.32764692325145 ], [ -4226810.042167444713414, 7321049.746976371854544 ], [ -4171488.069956084247679, 7225229.280331381596625 ], [ -4116161.248021473176777, 7129400.413719318807125 ], [ -4060829.285389896482229, 7033562.643158924765885 ], [ -4005491.897217301651835, 6937715.475285829044878 ], [ -3950148.805132065434009, 6841858.427946236915886 ], [ -3894799.737570540513843, 6745991.030778113752604 ], [ -3839444.430104985833168, 6650112.825779176317155 ], [ -3784082.625763506162912, 6554223.367861046455801 ], [ -3728714.075341606978327, 6458322.225388877093792 ], [ -3673338.537705009337515, 6362408.980705847963691 ], [ -3617955.780083345714957, 6266483.230641853995621 ], [ -3562565.578354393597692, 6170544.587005818262696 ], [ -3507167.717318481300026, 6074592.677060978487134 ], [ -3451761.990962747018784, 5978627.14398258831352 ], [ -3396348.202714899089187, 5882647.647297452203929 ], [ -3340926.165686166379601, 5786653.863304723985493 ] ] ] } },
{ "type": "Feature", "properties": { "ObjectID": 26, "WRLD30_ID": 27.0 }, "geometry": { "type": "Polygon", "coordinates": [ [ [ -5786653.863304721191525, 3340926.165686170570552 ], [ -5844079.729213561862707, 3239426.291314727626741 ], [ -5899725.431824014522135, 3136939.656313920393586 ], [ -5953574.020916008390486, 3033497.47910558572039 ], [ -6005609.093687664717436, 2929131.269178966060281 ], [ -6055814.799751743674278, 2823872.817492619622499 ], [ -6104175.845963821746409, 2717754.186790596228093 ], [ -6150677.501080740243196, 2610807.701835799962282 ], [ -6195305.600247878581285, 2503065.939563564490527 ], [ -6238046.549313908442855, 2394561.719158391933888 ], [ -6278887.328971703536808, 2285328.092056923545897 ], [ -6317815.498724146746099, 2175398.331880144309253 ], [ -6354819.200673625804484, 2064805.924297917634249 ], [ -6389887.163134062662721, 1953584.556828925618902 ], [ -6423008.704064383171499, 1841768.108579124789685 ], [ -6454173.734322362579405, 1729390.639921842608601 ], [ -6483372.76073788292706, 1616486.382122657028958 ], [ -6510596.8890046402812, 1503089.726912221638486 ], [ -6535837.826389438472688, 1389235.216010211501271 ], [ -6559087.884258234873414, 1274957.530603582505137 ], [ -6580339.980418175458908, 1160291.480782339116558 ], [ -6599587.641274896450341, 1045271.99493605364114 ], [ -6616825.003804444335401, 929934.109114333405159 ], [ -6632046.817339209839702, 814312.956354502937756 ], [ -6645248.445167333818972, 698443.755979740177281 ], [ -6656425.865945092402399, 582361.802870929357596 ], [ -6665575.674921839497983, 466102.456715498643462 ], [ -6672695.084977122955024, 349701.131236516463105 ], [ -6677781.927469674497843, 233193.283405328751542 ], [ -6680834.652897992171347, 116614.402641021675663 ], [ -6681852.331372338347137, 0.000000002558207 ], [ -6792696.40542980376631, 0.000000002600644 ], [ -6903523.981925499625504, 0.000000002643076 ], [ -7014335.434636968187988, 0.000000002685501 ], [ -7125131.15670879278332, 0.00000000272792 ], [ -7235911.560166697949171, 0.000000002770333 ], [ -7346677.075410025194287, 0.000000002812741 ], [ -7457428.150683220475912, 0.000000002855143 ], [ -7568165.251527018845081, 0.000000002897539 ], [ -7678888.860209978185594, 0.000000002939931 ], [ -7789599.475141087546945, 0.000000002982317 ], [ -7900297.610264137387276, 0.000000003024699 ], [ -8010983.794434609822929, 0.000000003067076 ], [ -8121658.570779799483716, 0.000000003109449 ], [ -8232322.496042953804135, 0.000000003151818 ], [ -8342976.139912175945938, 0.000000003194183 ], [ -8453620.084334896877408, 0.000000003236544 ], [ -8564254.922818688675761, 0.000000003278901 ], [ -8674881.259719239547849, 0.000000003321255 ], [ -8785499.70951628498733, 0.000000003363607 ], [ -8896110.89607834815979, 0.000000003405955 ], [ -9006715.451917083933949, 0.000000003448301 ], [ -9117314.01743208989501, 0.000000003490645 ], [ -9227907.240147029981017, 0.000000003532986 ], [ -9338495.773937908932567, 0.000000003575326 ], [ -9449080.278254359960556, 0.000000003617664 ], [ -9559661.417334819212556, 0.000000003660001 ], [ -9670239.859416432678699, 0.000000003702337 ], [ -9780816.275940585881472, 0.000000003744672 ], [ -9891391.340754922479391, 0.000000003787007 ], [ -10001965.729312721639872, 0.000000003829342 ], [ -10000442.381486538797617, 174558.371079748263583 ], [ -9995872.802034493535757, 349063.569988679140806 ], [ -9988258.38289475440979, 523462.440752736700233 ], [ -9977601.443493155762553, 697701.859786446439102 ], [ -9963905.230036672204733, 871728.752074875636026 ], [ -9947173.914524601772428, 1045490.107340796734206 ], [ -9927412.593477729707956, 1218932.996192131657153 ], [ -9904627.2863858807832, 1392004.586244757520035 ], [ -9878824.933874318376184, 1564652.158215761883184 ], [ -9850013.39558957144618, 1736823.121982248034328 ], [ -9818201.447805305942893, 1908465.032600794918835 ], [ -9783398.780748987570405, 2079525.606282693566754 ], [ -9745615.995650138705969, 2249952.736320103984326 ], [ -9704864.601511113345623, 2419694.508958249352872 ], [ -9661157.011601332575083, 2588699.219208859372884 ], [ -9614506.539676090702415, 2756915.386600005440414 ], [ -9564927.395921045914292, 2924291.770857554394752 ], [ -9512434.682623671367764, 3090777.387513449881226 ], [ -9457044.389572944492102, 3256321.523436075542122 ], [ -9398773.389188708737493, 3420873.752277967985719 ], [ -9337639.431382164359093, 3584383.949836167972535 ], [ -9273661.13814907707274, 3746802.309320541098714 ], [ -9206857.997897336259484, 3908079.356525404378772 ], [ -9137250.359510598704219, 4068165.964899857062846 ], [ -9064859.426149824634194, 4227013.370512192137539 ], [ -8989707.248794578015804, 4384573.186903873458505 ], [ -8911816.719526100903749, 4540797.419828506186604 ], [ -8831211.564554149284959, 4695638.481871366500854 ], [ -8747916.336989764124155, 4849049.206944981589913 ], [ -8661956.409366166219115, 5000982.864656362682581 ], [ -8566196.179867180064321, 4945695.670377463102341 ], [ -8470435.364712854847312, 4890408.137970294803381 ], [ -8374673.378943488001823, 4835119.929708218201995 ], [ -8278909.638989904895425, 4779830.708667411468923 ], [ -8183143.563366807065904, 4724540.139127181842923 ], [ -8087374.573363850824535, 4669247.886968956328928 ], [ -7991602.093733675777912, 4613953.620073516853154 ], [ -7895825.553376147523522, 4558657.00871604681015 ], [ -7800044.38601803407073, 4503357.72595854382962 ], [ -7704258.030887395143509, 4448055.44803917594254 ], [ -7608465.93338190857321, 4392749.85475814435631 ], [ -7512667.545730412937701, 4337440.629859621636569 ], [ -7416862.327646920457482, 4282127.461409346200526 ], [ -7321049.746976368129253, 4226810.042167450301349 ], [ -7225229.280331378802657, 4171488.069956089369953 ], [ -7129400.413719316013157, 4116161.248021478299052 ], [ -7033562.643158921971917, 4060829.285389901138842 ], [ -6937715.475285826250911, 4005491.897217306308448 ], [ -6841858.427946234121919, 3950148.805132070090622 ], [ -6745991.030778110958636, 3894799.737570545170456 ], [ -6650112.825779173523188, 3839444.430104990489781 ], [ -6554223.367861043661833, 3784082.625763510819525 ], [ -6458322.225388875231147, 3728714.07534161163494 ], [ -6362408.980705845169723, 3673338.537705013994128 ], [ -6266483.230641851201653, 3617955.780083350371569 ], [ -6170544.587005815468729, 3562565.578354397788644 ], [ -6074592.677060975693166, 3507167.717318485490978 ], [ -5978627.143982585519552, 3451761.990962751209736 ], [ -5882647.647297450341284, 3396348.202714903280139 ], [ -5786653.863304721191525, 3340926.165686170570552 ] ] ] } },
{ "type": "Feature", "properties": { "ObjectID": 27, "WRLD30_ID": 28.0 }, "geometry": { "type": "Polygon", "coordinates": [ [ [ -6681852.331372338347137, 0.000000002558207 ], [ -6680834.652897992171347, -116614.402641018052236 ], [ -6677781.927469674497843, -233193.283405325113563 ], [ -6672695.084977122955024, -349701.13123651285423 ], [ -6665575.674921839497983, -466102.456715495034587 ], [ -6656425.865945092402399, -582361.802870925748721 ], [ -6645248.445167333818972, -698443.755979736568406 ], [ -6632046.817339209839702, -814312.956354499328882 ], [ -6616825.003804444335401, -929934.109114329796284 ], [ -6599587.641274897381663, -1045271.994936050032265 ], [ -6580339.980418176390231, -1160291.480782335624099 ], [ -6559087.884258235804737, -1274957.530603577382863 ], [ -6535837.826389438472688, -1389235.216010208008811 ], [ -6510596.889004641212523, -1503089.726912217913195 ], [ -6483372.760737883858383, -1616486.382122653536499 ], [ -6454173.734322363510728, -1729390.639921839116141 ], [ -6423008.704064384102821, -1841768.108579121297225 ], [ -6389887.163134064525366, -1953584.556828922126442 ], [ -6354819.200673626735806, -2064805.924297914141789 ], [ -6317815.498724147677422, -2175398.331880141049623 ], [ -6278887.328971704468131, -2285328.092056920286268 ], [ -6238046.5493139103055, -2394561.719158387277275 ], [ -6195305.600247880443931, -2503065.939563559833914 ], [ -6150677.501080742105842, -2610807.701835796702653 ], [ -6104175.845963823609054, -2717754.186790592968464 ], [ -6055814.799751744605601, -2823872.81749261636287 ], [ -6005609.093687666580081, -2929131.269178961403668 ], [ -5953574.020916010253131, -3033497.479105582460761 ], [ -5899725.431824015453458, -3136939.656313918530941 ], [ -5844079.729213563725352, -3239426.291314724367112 ], [ -5786653.863304722122848, -3340926.165686168707907 ], [ -5882647.647297451272607, -3396348.202714901417494 ], [ -5978627.143982586450875, -3451761.990962749347091 ], [ -6074592.677060976624489, -3507167.717318483628333 ], [ -6170544.587005817331374, -3562565.578354395925999 ], [ -6266483.230641852132976, -3617955.780083348508924 ], [ -6362408.980705846101046, -3673338.537705012131482 ], [ -6458322.225388876162469, -3728714.075341609772295 ], [ -6554223.367861044593155, -3784082.625763508491218 ], [ -6650112.82577917445451, -3839444.430104988161474 ], [ -6745991.030778111889958, -3894799.73757054284215 ], [ -6841858.427946235984564, -3950148.805132067762315 ], [ -6937715.475285828113556, -4005491.897217303980142 ], [ -7033562.64315892290324, -4060829.285389898810536 ], [ -7129400.41371931694448, -4116161.248021475970745 ], [ -7225229.28033137973398, -4171488.069956087041646 ], [ -7321049.746976369991899, -4226810.042167447507381 ], [ -7416862.327646921388805, -4282127.461409343406558 ], [ -7512667.545730414800346, -4337440.629859618842602 ], [ -7608465.933381909504533, -4392749.854758141562343 ], [ -7704258.030887396074831, -4448055.448039173148572 ], [ -7800044.386018035933375, -4503357.725958541035652 ], [ -7895825.553376148454845, -4558657.008716044016182 ], [ -7991602.093733676709235, -4613953.620073514059186 ], [ -8087374.573363851755857, -4669247.886968953534961 ], [ -8183143.563366808928549, -4724540.139127179048955 ], [ -8278909.63898990675807, -4779830.708667408674955 ], [ -8374673.378943489864469, -4835119.929708215408027 ], [ -8470435.364712856709957, -4890408.137970292009413 ], [ -8566196.179867181926966, -4945695.670377460308373 ], [ -8661956.40936616808176, -5000982.864656359888613 ], [ -8747916.3369897659868, -4849049.2069449769333 ], [ -8831211.564554149284959, -4695638.481871363706887 ], [ -8911816.719526102766395, -4540797.419828501529992 ], [ -8989707.248794579878449, -4384573.186903866939247 ], [ -9064859.42614982649684, -4227013.370512187480927 ], [ -9137250.359510602429509, -4068165.964899851940572 ], [ -9206857.997897338122129, -3908079.356525399256498 ], [ -9273661.138149078935385, -3746802.309320534113795 ], [ -9337639.431382168084383, -3584383.949836160987616 ], [ -9398773.389188710600138, -3420873.752277962863445 ], [ -9457044.389572946354747, -3256321.523436070419848 ], [ -9512434.68262367323041, -3090777.387513444758952 ], [ -9564927.395921047776937, -2924291.770857549272478 ], [ -9614506.53967609256506, -2756915.38660000031814 ], [ -9661157.011601334437728, -2588699.219208853784949 ], [ -9704864.601511115208268, -2419694.508958244230598 ], [ -9745615.995650140568614, -2249952.736320098396391 ], [ -9783398.780748987570405, -2079525.60628268821165 ], [ -9818201.447805307805538, -1908465.032600787468255 ], [ -9850013.395589573308825, -1736823.121982242679223 ], [ -9878824.933874318376184, -1564652.15821575652808 ], [ -9904627.2863858807832, -1392004.58624475216493 ], [ -9927412.593477731570601, -1218932.996192126302049 ], [ -9947173.914524601772428, -1045490.107340791262686 ], [ -9963905.230036672204733, -871728.752074870164506 ], [ -9977601.443493155762553, -697701.859786441083997 ], [ -9988258.382894756272435, -523462.440752731286921 ], [ -9995872.802034493535757, -349063.569988673727494 ], [ -10000442.381486538797617, -174558.37107974285027 ], [ -10001965.729312721639872, 0.000000003829342 ], [ -9891391.340754922479391, 0.000000003787007 ], [ -9780816.275940585881472, 0.000000003744672 ], [ -9670239.859416432678699, 0.000000003702337 ], [ -9559661.417334819212556, 0.000000003660001 ], [ -9449080.278254359960556, 0.000000003617664 ], [ -9338495.773937908932567, 0.000000003575326 ], [ -9227907.240147029981017, 0.000000003532986 ], [ -9117314.01743208989501, 0.000000003490645 ], [ -9006715.451917083933949, 0.000000003448301 ], [ -8896110.89607834815979, 0.000000003405955 ], [ -8785499.70951628498733, 0.000000003363607 ], [ -8674881.259719239547849, 0.000000003321255 ], [ -8564254.922818688675761, 0.000000003278901 ], [ -8453620.084334896877408, 0.000000003236544 ], [ -8342976.139912175945938, 0.000000003194183 ], [ -8232322.496042953804135, 0.000000003151818 ], [ -8121658.570779799483716, 0.000000003109449 ], [ -8010983.794434609822929, 0.000000003067076 ], [ -7900297.610264137387276, 0.000000003024699 ], [ -7789599.475141087546945, 0.000000002982317 ], [ -7678888.860209978185594, 0.000000002939931 ], [ -7568165.251527018845081, 0.000000002897539 ], [ -7457428.150683220475912, 0.000000002855143 ], [ -7346677.075410025194287, 0.000000002812741 ], [ -7235911.560166697949171, 0.000000002770333 ], [ -7125131.15670879278332, 0.00000000272792 ], [ -7014335.434636968187988, 0.000000002685501 ], [ -6903523.981925499625504, 0.000000002643076 ], [ -6792696.40542980376631, 0.000000002600644 ], [ -6681852.331372338347137, 0.000000002558207 ] ] ] } },
{ "type": "Feature", "properties": { "ObjectID": 28, "WRLD30_ID": 29.0 }, "geometry": { "type": "Polygon", "coordinates": [ [ [ -5786653.863304722122848, -3340926.165686168707907 ], [ -5727465.326572543010116, -3441408.361583266407251 ], [ -5666532.148418689146638, -3540842.271155753172934 ], [ -5603872.889679495245218, -3639197.605871538631618 ], [ -5539506.636972170323133, -3736444.405742875300348 ], [ -5473452.996880817227066, -3832553.048452473711222 ], [ -5405732.089984085410833, -3927494.258376738522202 ], [ -5336364.544726240448654, -4021239.115503410808742 ], [ -5265371.491133549250662, -4113759.064240882638842 ], [ -5192774.554377858527005, -4205025.922116507776082 ], [ -5118595.848189368844032, -4295011.888361254706979 ], [ -5042857.968120568431914, -4383689.552378092892468 ], [ -4965583.98466341663152, -4471031.902091522701085 ], [ -4886797.436221844516695, -4557012.332175716757774 ], [ -4806522.321941728703678, -4641604.652158760465682 ], [ -4724783.094400523230433, -4724783.094400521367788 ], [ -4641604.652158761397004, -4806522.321941727772355 ], [ -4557012.332175717689097, -4886797.436221843585372 ], [ -4471031.902091523632407, -4965583.984663415700197 ], [ -4383689.552378093823791, -5042857.968120567500591 ], [ -4295011.888361255638301, -5118595.84818936791271 ], [ -4205025.922116508707404, -5192774.554377857595682 ], [ -4113759.064240884035826, -5265371.491133547388017 ], [ -4021239.115503412205726, -5336364.544726239517331 ], [ -3927494.258376739919186, -5405732.089984084479511 ], [ -3832553.048452475108206, -5473452.996880816295743 ], [ -3736444.405742877628654, -5539506.636972168460488 ], [ -3639197.605871540028602, -5603872.889679494313896 ], [ -3540842.27115575550124, -5666532.148418687283993 ], [ -3441408.361583267338574, -5727465.326572543010116 ], [ -3340926.16568616963923, -5786653.863304722122848 ], [ -3396348.202714902348816, -5882647.647297450341284 ], [ -3451761.990962750278413, -5978627.143982586450875 ], [ -3507167.717318484559655, -6074592.677060975693166 ], [ -3562565.578354396857321, -6170544.587005816400051 ], [ -3617955.780083349440247, -6266483.230641852132976 ], [ -3673338.537705013062805, -6362408.980705846101046 ], [ -3728714.075341610703617, -6458322.225388875231147 ], [ -3784082.625763509888202, -6554223.367861043661833 ], [ -3839444.430104989558458, -6650112.82577917445451 ], [ -3894799.737570544239134, -6745991.030778111889958 ], [ -3950148.805132069159299, -6841858.427946235053241 ], [ -4005491.897217305377126, -6937715.475285827182233 ], [ -4060829.28538990020752, -7033562.64315892290324 ], [ -4116161.248021477367729, -7129400.41371931694448 ], [ -4171488.06995608843863, -7225229.280331378802657 ], [ -4226810.042167448438704, -7321049.746976369060576 ], [ -4282127.461409344337881, -7416862.327646921388805 ], [ -4337440.629859619773924, -7512667.545730413869023 ], [ -4392749.854758142493665, -7608465.93338190857321 ], [ -4448055.448039174079895, -7704258.030887395143509 ], [ -4503357.725958541966975, -7800044.386018035002053 ], [ -4558657.008716044947505, -7895825.553376147523522 ], [ -4613953.620073514990509, -7991602.093733675777912 ], [ -4669247.886968954466283, -8087374.573363850824535 ], [ -4724540.139127179980278, -8183143.563366807997227 ], [ -4779830.708667409606278, -8278909.638989905826747 ], [ -4835119.92970821633935, -8374673.378943488933146 ], [ -4890408.137970292940736, -8470435.364712854847312 ], [ -4945695.670377461239696, -8566196.179867181926966 ], [ -5000982.864656360819936, -8661956.409366166219115 ], [ -5151393.174541560932994, -8573357.965910019353032 ], [ -5300234.32016312982887, -8482147.994565472006798 ], [ -5447460.963066252879798, -8388354.278773366473615 ], [ -5593028.256589287891984, -8292005.389008135534823 ], [ -5736891.859524482861161, -8193130.674074952490628 ], [ -5879007.949624748900533, -8091760.25216980651021 ], [ -6019333.236952329985797, -7987925.00170520786196 ], [ -6157824.977065345272422, -7881656.551904323510826 ], [ -6294440.984038155525923, -7772987.273166406899691 ], [ -6429139.643311608582735, -7661950.267206466756761 ], [ -6561879.924369235523045, -7548579.356972155161202 ], [ -6692621.393235541880131, -7432909.076340979896486 ], [ -6821324.224792589433491, -7314974.659600944258273 ], [ -6947949.214911112561822, -7194812.030717843212187 ], [ -7072457.792392479255795, -7072457.792392476461828 ], [ -7194812.030717845074832, -6947949.214911110699177 ], [ -7314974.659600946120918, -6821324.224792586639524 ], [ -7432909.076340981759131, -6692621.393235540017486 ], [ -7548579.356972157023847, -6561879.9243692336604 ], [ -7661950.267206467688084, -6429139.64331160672009 ], [ -7772987.273166408762336, -6294440.984038153663278 ], [ -7881656.551904325373471, -6157824.977065342478454 ], [ -7987925.001705209724605, -6019333.236952328123152 ], [ -8091760.252169808372855, -5879007.949624747037888 ], [ -8193130.67407495342195, -5736891.859524480998516 ], [ -8292005.389008137397468, -5593028.256589285098016 ], [ -8388354.27877336833626, -5447460.963066251017153 ], [ -8482147.994565473869443, -5300234.32016312610358 ], [ -8573357.965910019353032, -5151393.174541560001671 ], [ -8661956.40936616808176, -5000982.864656359888613 ], [ -8566196.179867181926966, -4945695.670377460308373 ], [ -8470435.364712856709957, -4890408.137970292009413 ], [ -8374673.378943489864469, -4835119.929708215408027 ], [ -8278909.63898990675807, -4779830.708667408674955 ], [ -8183143.563366808928549, -4724540.139127179048955 ], [ -8087374.573363851755857, -4669247.886968953534961 ], [ -7991602.093733676709235, -4613953.620073514059186 ], [ -7895825.553376148454845, -4558657.008716044016182 ], [ -7800044.386018035933375, -4503357.725958541035652 ], [ -7704258.030887396074831, -4448055.448039173148572 ], [ -7608465.933381909504533, -4392749.854758141562343 ], [ -7512667.545730414800346, -4337440.629859618842602 ], [ -7416862.327646921388805, -4282127.461409343406558 ], [ -7321049.746976369991899, -4226810.042167447507381 ], [ -7225229.28033137973398, -4171488.069956087041646 ], [ -7129400.41371931694448, -4116161.248021475970745 ], [ -7033562.64315892290324, -4060829.285389898810536 ], [ -6937715.475285828113556, -4005491.897217303980142 ], [ -6841858.427946235984564, -3950148.805132067762315 ], [ -6745991.030778111889958, -3894799.73757054284215 ], [ -6650112.82577917445451, -3839444.430104988161474 ], [ -6554223.367861044593155, -3784082.625763508491218 ], [ -6458322.225388876162469, -3728714.075341609772295 ], [ -6362408.980705846101046, -3673338.537705012131482 ], [ -6266483.230641852132976, -3617955.780083348508924 ], [ -6170544.587005817331374, -3562565.578354395925999 ], [ -6074592.677060976624489, -3507167.717318483628333 ], [ -5978627.143982586450875, -3451761.990962749347091 ], [ -5882647.647297451272607, -3396348.202714901417494 ], [ -5786653.863304722122848, -3340926.165686168707907 ] ] ] } },
{ "type": "Feature", "properties": { "ObjectID": 29, "WRLD30_ID": 30.0 }, "geometry": { "type": "Polygon", "coordinates": [ [ [ -3340926.16568616963923, -5786653.863304722122848 ], [ -3239426.291314725764096, -5844079.72921356279403 ], [ -3136939.656313919927925, -5899725.431824014522135 ], [ -3033497.479105584323406, -5953574.020916009321809 ], [ -2929131.269178962800652, -6005609.093687666580081 ], [ -2823872.817492618225515, -6055814.799751743674278 ], [ -2717754.186790594831109, -6104175.845963822677732 ], [ -2610807.70183579903096, -6150677.501080741174519 ], [ -2503065.93956356216222, -6195305.600247879512608 ], [ -2394561.719158389605582, -6238046.549313909374177 ], [ -2285328.092056921217591, -6278887.328971704468131 ], [ -2175398.331880142446607, -6317815.498724147677422 ], [ -2064805.924297915538773, -6354819.200673625804484 ], [ -1953584.556828923756257, -6389887.163134063594043 ], [ -1841768.108579123159871, -6423008.704064383171499 ], [ -1729390.639921840978786, -6454173.734322363510728 ], [ -1616486.382122655631974, -6483372.76073788292706 ], [ -1503089.726912220241502, -6510596.8890046402812 ], [ -1389235.216010210337117, -6535837.826389438472688 ], [ -1274957.530603579944, -6559087.884258235804737 ], [ -1160291.480782336788252, -6580339.980418176390231 ], [ -1045271.994936051312834, -6599587.641274897381663 ], [ -929934.109114331309684, -6616825.003804444335401 ], [ -814312.956354500958696, -6632046.817339209839702 ], [ -698443.755979738314636, -6645248.445167333818972 ], [ -582361.802870927611366, -6656425.865945092402399 ], [ -466102.456715497013647, -6665575.674921839497983 ], [ -349701.131236515007913, -6672695.084977122955024 ], [ -233193.283405327383662, -6677781.927469674497843 ], [ -116614.402641020467854, -6680834.652897992171347 ], [ 0.0, -6681852.331372338347137 ], [ 0.0, -6792696.40542980376631 ], [ 0.0, -6903523.981925499625504 ], [ 0.0, -7014335.434636968187988 ], [ 0.0, -7125131.15670879278332 ], [ 0.0, -7235911.560166697949171 ], [ 0.0, -7346677.075410025194287 ], [ 0.0, -7457428.150683220475912 ], [ 0.0, -7568165.251527018845081 ], [ 0.0, -7678888.860209978185594 ], [ 0.0, -7789599.475141087546945 ], [ 0.0, -7900297.610264137387276 ], [ 0.0, -8010983.794434609822929 ], [ 0.0, -8121658.570779799483716 ], [ 0.0, -8232322.496042953804135 ], [ 0.0, -8342976.139912175945938 ], [ 0.0, -8453620.084334896877408 ], [ 0.0, -8564254.922818688675761 ], [ 0.0, -8674881.259719239547849 ], [ 0.0, -8785499.70951628498733 ], [ 0.0, -8896110.89607834815979 ], [ 0.0, -9006715.451917083933949 ], [ 0.0, -9117314.01743208989501 ], [ 0.0, -9227907.240147029981017 ], [ 0.0, -9338495.773937908932567 ], [ 0.0, -9449080.278254359960556 ], [ 0.0, -9559661.417334819212556 ], [ 0.0, -9670239.859416432678699 ], [ 0.0, -9780816.275940585881472 ], [ 0.0, -9891391.340754922479391 ], [ 0.0, -10001965.729312721639872 ], [ -174558.371079746459145, -10000442.381486538797617 ], [ -349063.569988677103538, -9995872.802034493535757 ], [ -523462.440752734488342, -9988258.382894756272435 ], [ -697701.859786444110796, -9977601.443493155762553 ], [ -871728.752074872958474, -9963905.230036672204733 ], [ -1045490.107340793823823, -9947173.914524601772428 ], [ -1218932.996192128630355, -9927412.593477731570601 ], [ -1392004.586244754260406, -9904627.2863858807832 ], [ -1564652.158215758390725, -9878824.933874318376184 ], [ -1736823.121982244309038, -9850013.39558957144618 ], [ -1908465.032600791193545, -9818201.447805307805538 ], [ -2079525.606282691704109, -9783398.780748987570405 ], [ -2249952.73632010165602, -9745615.995650138705969 ], [ -2419694.508958247024566, -9704864.601511113345623 ], [ -2588699.219208856578916, -9661157.011601334437728 ], [ -2756915.386600003112108, -9614506.539676090702415 ], [ -2924291.770857552066445, -9564927.395921045914292 ], [ -3090777.387513446621597, -9512434.682623671367764 ], [ -3256321.523436072282493, -9457044.389572946354747 ], [ -3420873.752277964260429, -9398773.389188710600138 ], [ -3584383.949836164247245, -9337639.431382166221738 ], [ -3746802.309320537373424, -9273661.13814907707274 ], [ -3908079.356525402050465, -9206857.997897336259484 ], [ -4068165.96489985473454, -9137250.359510600566864 ], [ -4227013.370512190274894, -9064859.426149824634194 ], [ -4384573.186903869733214, -8989707.248794579878449 ], [ -4540797.419828504323959, -8911816.719526100903749 ], [ -4695638.481871366500854, -8831211.564554149284959 ], [ -4849049.206944978795946, -8747916.3369897659868 ], [ -5000982.864656360819936, -8661956.409366166219115 ], [ -4945695.670377461239696, -8566196.179867181926966 ], [ -4890408.137970292940736, -8470435.364712854847312 ], [ -4835119.92970821633935, -8374673.378943488933146 ], [ -4779830.708667409606278, -8278909.638989905826747 ], [ -4724540.139127179980278, -8183143.563366807997227 ], [ -4669247.886968954466283, -8087374.573363850824535 ], [ -4613953.620073514990509, -7991602.093733675777912 ], [ -4558657.008716044947505, -7895825.553376147523522 ], [ -4503357.725958541966975, -7800044.386018035002053 ], [ -4448055.448039174079895, -7704258.030887395143509 ], [ -4392749.854758142493665, -7608465.93338190857321 ], [ -4337440.629859619773924, -7512667.545730413869023 ], [ -4282127.461409344337881, -7416862.327646921388805 ], [ -4226810.042167448438704, -7321049.746976369060576 ], [ -4171488.06995608843863, -7225229.280331378802657 ], [ -4116161.248021477367729, -7129400.41371931694448 ], [ -4060829.28538990020752, -7033562.64315892290324 ], [ -4005491.897217305377126, -6937715.475285827182233 ], [ -3950148.805132069159299, -6841858.427946235053241 ], [ -3894799.737570544239134, -6745991.030778111889958 ], [ -3839444.430104989558458, -6650112.82577917445451 ], [ -3784082.625763509888202, -6554223.367861043661833 ], [ -3728714.075341610703617, -6458322.225388875231147 ], [ -3673338.537705013062805, -6362408.980705846101046 ], [ -3617955.780083349440247, -6266483.230641852132976 ], [ -3562565.578354396857321, -6170544.587005816400051 ], [ -3507167.717318484559655, -6074592.677060975693166 ], [ -3451761.990962750278413, -5978627.143982586450875 ], [ -3396348.202714902348816, -5882647.647297450341284 ], [ -3340926.16568616963923, -5786653.863304722122848 ] ] ] } },
{ "type": "Feature", "properties": { "ObjectID": 30, "WRLD30_ID": 31.0 }, "geometry": { "type": "Polygon", "coordinates": [ [ [ 0.0, -6681852.331372338347137 ], [ 116614.402641020467854, -6680834.652897992171347 ], [ 233193.283405327383662, -6677781.927469674497843 ], [ 349701.131236515007913, -6672695.084977122955024 ], [ 466102.456715497013647, -6665575.674921839497983 ], [ 582361.802870927611366, -6656425.865945092402399 ], [ 698443.755979738314636, -6645248.445167333818972 ], [ 814312.956354500958696, -6632046.817339209839702 ], [ 929934.109114331309684, -6616825.003804444335401 ], [ 1045271.994936051312834, -6599587.641274897381663 ], [ 1160291.480782336788252, -6580339.980418176390231 ], [ 1274957.530603579944, -6559087.884258235804737 ], [ 1389235.216010210337117, -6535837.826389438472688 ], [ 1503089.726912220241502, -6510596.8890046402812 ], [ 1616486.382122655631974, -6483372.76073788292706 ], [ 1729390.639921840978786, -6454173.734322363510728 ], [ 1841768.108579123159871, -6423008.704064383171499 ], [ 1953584.556828923756257, -6389887.163134063594043 ], [ 2064805.924297915538773, -6354819.200673625804484 ], [ 2175398.331880142446607, -6317815.498724147677422 ], [ 2285328.092056921217591, -6278887.328971704468131 ], [ 2394561.719158389605582, -6238046.549313909374177 ], [ 2503065.93956356216222, -6195305.600247879512608 ], [ 2610807.70183579903096, -6150677.501080741174519 ], [ 2717754.186790594831109, -6104175.845963822677732 ], [ 2823872.817492618225515, -6055814.799751743674278 ], [ 2929131.269178962800652, -6005609.093687666580081 ], [ 3033497.479105584323406, -5953574.020916009321809 ], [ 3136939.656313919927925, -5899725.431824014522135 ], [ 3239426.291314725764096, -5844079.72921356279403 ], [ 3340926.16568616963923, -5786653.863304722122848 ], [ 3396348.202714902348816, -5882647.647297450341284 ], [ 3451761.990962750278413, -5978627.143982586450875 ], [ 3507167.717318484559655, -6074592.677060975693166 ], [ 3562565.578354396857321, -6170544.587005816400051 ], [ 3617955.780083349440247, -6266483.230641852132976 ], [ 3673338.537705013062805, -6362408.980705846101046 ], [ 3728714.075341610703617, -6458322.225388875231147 ], [ 3784082.625763509888202, -6554223.367861043661833 ], [ 3839444.430104989558458, -6650112.82577917445451 ], [ 3894799.737570544239134, -6745991.030778111889958 ], [ 3950148.805132069159299, -6841858.427946235053241 ], [ 4005491.897217305377126, -6937715.475285827182233 ], [ 4060829.28538990020752, -7033562.64315892290324 ], [ 4116161.248021477367729, -7129400.41371931694448 ], [ 4171488.06995608843863, -7225229.280331378802657 ], [ 4226810.042167448438704, -7321049.746976369060576 ], [ 4282127.461409344337881, -7416862.327646921388805 ], [ 4337440.629859619773924, -7512667.545730413869023 ], [ 4392749.854758142493665, -7608465.93338190857321 ], [ 4448055.448039174079895, -7704258.030887395143509 ], [ 4503357.725958541966975, -7800044.386018035002053 ], [ 4558657.008716044947505, -7895825.553376147523522 ], [ 4613953.620073514990509, -7991602.093733675777912 ], [ 4669247.886968954466283, -8087374.573363850824535 ], [ 4724540.139127179980278, -8183143.563366807997227 ], [ 4779830.708667409606278, -8278909.638989905826747 ], [ 4835119.92970821633935, -8374673.378943488933146 ], [ 4890408.137970292940736, -8470435.364712854847312 ], [ 4945695.670377461239696, -8566196.179867181926966 ], [ 5000982.864656360819936, -8661956.409366166219115 ], [ 4849049.206944978795946, -8747916.3369897659868 ], [ 4695638.481871366500854, -8831211.564554149284959 ], [ 4540797.419828504323959, -8911816.719526100903749 ], [ 4384573.186903869733214, -8989707.248794579878449 ], [ 4227013.370512190274894, -9064859.426149824634194 ], [ 4068165.96489985473454, -9137250.359510600566864 ], [ 3908079.356525402050465, -9206857.997897336259484 ], [ 3746802.309320537373424, -9273661.13814907707274 ], [ 3584383.949836164247245, -9337639.431382166221738 ], [ 3420873.752277964260429, -9398773.389188710600138 ], [ 3256321.523436072282493, -9457044.389572946354747 ], [ 3090777.387513446621597, -9512434.682623671367764 ], [ 2924291.770857552066445, -9564927.395921045914292 ], [ 2756915.386600003112108, -9614506.539676090702415 ], [ 2588699.219208856578916, -9661157.011601334437728 ], [ 2419694.508958247024566, -9704864.601511113345623 ], [ 2249952.73632010165602, -9745615.995650138705969 ], [ 2079525.606282691704109, -9783398.780748987570405 ], [ 1908465.032600791193545, -9818201.447805307805538 ], [ 1736823.121982244309038, -9850013.39558957144618 ], [ 1564652.158215758390725, -9878824.933874318376184 ], [ 1392004.586244754260406, -9904627.2863858807832 ], [ 1218932.996192128630355, -9927412.593477731570601 ], [ 1045490.107340793823823, -9947173.914524601772428 ], [ 871728.752074872958474, -9963905.230036672204733 ], [ 697701.859786444110796, -9977601.443493155762553 ], [ 523462.440752734488342, -9988258.382894756272435 ], [ 349063.569988677103538, -9995872.802034493535757 ], [ 174558.371079746459145, -10000442.381486538797617 ], [ 0.0, -10001965.729312721639872 ], [ 0.0, -9891391.340754922479391 ], [ 0.0, -9780816.275940585881472 ], [ 0.0, -9670239.859416432678699 ], [ 0.0, -9559661.417334819212556 ], [ 0.0, -9449080.278254359960556 ], [ 0.0, -9338495.773937908932567 ], [ 0.0, -9227907.240147029981017 ], [ 0.0, -9117314.01743208989501 ], [ 0.0, -9006715.451917083933949 ], [ 0.0, -8896110.89607834815979 ], [ 0.0, -8785499.70951628498733 ], [ 0.0, -8674881.259719239547849 ], [ 0.0, -8564254.922818688675761 ], [ 0.0, -8453620.084334896877408 ], [ 0.0, -8342976.139912175945938 ], [ 0.0, -8232322.496042953804135 ], [ 0.0, -8121658.570779799483716 ], [ 0.0, -8010983.794434609822929 ], [ 0.0, -7900297.610264137387276 ], [ 0.0, -7789599.475141087546945 ], [ 0.0, -7678888.860209978185594 ], [ 0.0, -7568165.251527018845081 ], [ 0.0, -7457428.150683220475912 ], [ 0.0, -7346677.075410025194287 ], [ 0.0, -7235911.560166697949171 ], [ 0.0, -7125131.15670879278332 ], [ 0.0, -7014335.434636968187988 ], [ 0.0, -6903523.981925499625504 ], [ 0.0, -6792696.40542980376631 ], [ 0.0, -6681852.331372338347137 ] ] ] } },
{ "type": "Feature", "properties": { "ObjectID": 31, "WRLD30_ID": 32.0 }, "geometry": { "type": "Polygon", "coordinates": [ [ [ 3340926.16568616963923, -5786653.863304722122848 ], [ 3441408.361583267338574, -5727465.326572543010116 ], [ 3540842.27115575550124, -5666532.148418687283993 ], [ 3639197.605871540028602, -5603872.889679494313896 ], [ 3736444.405742877628654, -5539506.636972168460488 ], [ 3832553.048452475108206, -5473452.996880816295743 ], [ 3927494.258376739919186, -5405732.089984084479511 ], [ 4021239.115503412205726, -5336364.544726239517331 ], [ 4113759.064240884035826, -5265371.491133547388017 ], [ 4205025.922116508707404, -5192774.554377857595682 ], [ 4295011.888361255638301, -5118595.84818936791271 ], [ 4383689.552378093823791, -5042857.968120567500591 ], [ 4471031.902091523632407, -4965583.984663415700197 ], [ 4557012.332175717689097, -4886797.436221843585372 ], [ 4641604.652158761397004, -4806522.321941727772355 ], [ 4724783.094400523230433, -4724783.094400521367788 ], [ 4806522.321941728703678, -4641604.652158760465682 ], [ 4886797.436221844516695, -4557012.332175716757774 ], [ 4965583.98466341663152, -4471031.902091522701085 ], [ 5042857.968120568431914, -4383689.552378092892468 ], [ 5118595.848189368844032, -4295011.888361254706979 ], [ 5192774.554377858527005, -4205025.922116507776082 ], [ 5265371.491133549250662, -4113759.064240882638842 ], [ 5336364.544726240448654, -4021239.115503410808742 ], [ 5405732.089984085410833, -3927494.258376738522202 ], [ 5473452.996880817227066, -3832553.048452473711222 ], [ 5539506.636972170323133, -3736444.405742875300348 ], [ 5603872.889679495245218, -3639197.605871538631618 ], [ 5666532.148418689146638, -3540842.271155753172934 ], [ 5727465.326572543010116, -3441408.361583266407251 ], [ 5786653.863304722122848, -3340926.165686168707907 ], [ 5882647.647297451272607, -3396348.202714901417494 ], [ 5978627.143982586450875, -3451761.990962749347091 ], [ 6074592.677060976624489, -3507167.717318483628333 ], [ 6170544.587005817331374, -3562565.578354395925999 ], [ 6266483.230641852132976, -3617955.780083348508924 ], [ 6362408.980705846101046, -3673338.537705012131482 ], [ 6458322.225388876162469, -3728714.075341609772295 ], [ 6554223.367861044593155, -3784082.625763508491218 ], [ 6650112.82577917445451, -3839444.430104988161474 ], [ 6745991.030778111889958, -3894799.73757054284215 ], [ 6841858.427946235984564, -3950148.805132067762315 ], [ 6937715.475285828113556, -4005491.897217303980142 ], [ 7033562.64315892290324, -4060829.285389898810536 ], [ 7129400.41371931694448, -4116161.248021475970745 ], [ 7225229.28033137973398, -4171488.069956087041646 ], [ 7321049.746976369991899, -4226810.042167447507381 ], [ 7416862.327646921388805, -4282127.461409343406558 ], [ 7512667.545730414800346, -4337440.629859618842602 ], [ 7608465.933381909504533, -4392749.854758141562343 ], [ 7704258.030887396074831, -4448055.448039173148572 ], [ 7800044.386018035933375, -4503357.725958541035652 ], [ 7895825.553376148454845, -4558657.008716044016182 ], [ 7991602.093733676709235, -4613953.620073514059186 ], [ 8087374.573363851755857, -4669247.886968953534961 ], [ 8183143.563366808928549, -4724540.139127179048955 ], [ 8278909.63898990675807, -4779830.708667408674955 ], [ 8374673.378943489864469, -4835119.929708215408027 ], [ 8470435.364712856709957, -4890408.137970292009413 ], [ 8566196.179867181926966, -4945695.670377460308373 ], [ 8661956.40936616808176, -5000982.864656359888613 ], [ 8573357.965910019353032, -5151393.174541560001671 ], [ 8482147.994565473869443, -5300234.32016312610358 ], [ 8388354.27877336833626, -5447460.963066251017153 ], [ 8292005.389008137397468, -5593028.256589285098016 ], [ 8193130.67407495342195, -5736891.859524480998516 ], [ 8091760.252169808372855, -5879007.949624747037888 ], [ 7987925.001705209724605, -6019333.236952328123152 ], [ 7881656.551904325373471, -6157824.977065342478454 ], [ 7772987.273166408762336, -6294440.984038153663278 ], [ 7661950.267206467688084, -6429139.64331160672009 ], [ 7548579.356972157023847, -6561879.9243692336604 ], [ 7432909.076340981759131, -6692621.393235540017486 ], [ 7314974.659600946120918, -6821324.224792586639524 ], [ 7194812.030717845074832, -6947949.214911110699177 ], [ 7072457.792392479255795, -7072457.792392476461828 ], [ 6947949.214911112561822, -7194812.030717843212187 ], [ 6821324.224792589433491, -7314974.659600944258273 ], [ 6692621.393235541880131, -7432909.076340979896486 ], [ 6561879.924369235523045, -7548579.356972155161202 ], [ 6429139.643311608582735, -7661950.267206466756761 ], [ 6294440.984038155525923, -7772987.273166406899691 ], [ 6157824.977065345272422, -7881656.551904323510826 ], [ 6019333.236952329985797, -7987925.00170520786196 ], [ 5879007.949624748900533, -8091760.25216980651021 ], [ 5736891.859524482861161, -8193130.674074952490628 ], [ 5593028.256589287891984, -8292005.389008135534823 ], [ 5447460.963066252879798, -8388354.278773366473615 ], [ 5300234.32016312982887, -8482147.994565472006798 ], [ 5151393.174541560932994, -8573357.965910019353032 ], [ 5000982.864656360819936, -8661956.409366166219115 ], [ 4945695.670377461239696, -8566196.179867181926966 ], [ 4890408.137970292940736, -8470435.364712854847312 ], [ 4835119.92970821633935, -8374673.378943488933146 ], [ 4779830.708667409606278, -8278909.638989905826747 ], [ 4724540.139127179980278, -8183143.563366807997227 ], [ 4669247.886968954466283, -8087374.573363850824535 ], [ 4613953.620073514990509, -7991602.093733675777912 ], [ 4558657.008716044947505, -7895825.553376147523522 ], [ 4503357.725958541966975, -7800044.386018035002053 ], [ 4448055.448039174079895, -7704258.030887395143509 ], [ 4392749.854758142493665, -7608465.93338190857321 ], [ 4337440.629859619773924, -7512667.545730413869023 ], [ 4282127.461409344337881, -7416862.327646921388805 ], [ 4226810.042167448438704, -7321049.746976369060576 ], [ 4171488.06995608843863, -7225229.280331378802657 ], [ 4116161.248021477367729, -7129400.41371931694448 ], [ 4060829.28538990020752, -7033562.64315892290324 ], [ 4005491.897217305377126, -6937715.475285827182233 ], [ 3950148.805132069159299, -6841858.427946235053241 ], [ 3894799.737570544239134, -6745991.030778111889958 ], [ 3839444.430104989558458, -6650112.82577917445451 ], [ 3784082.625763509888202, -6554223.367861043661833 ], [ 3728714.075341610703617, -6458322.225388875231147 ], [ 3673338.537705013062805, -6362408.980705846101046 ], [ 3617955.780083349440247, -6266483.230641852132976 ], [ 3562565.578354396857321, -6170544.587005816400051 ], [ 3507167.717318484559655, -6074592.677060975693166 ], [ 3451761.990962750278413, -5978627.143982586450875 ], [ 3396348.202714902348816, -5882647.647297450341284 ], [ 3340926.16568616963923, -5786653.863304722122848 ] ] ] } },
{ "type": "Feature", "properties": { "ObjectID": 32, "WRLD30_ID": 33.0 }, "geometry": { "type": "Polygon", "coordinates": [ [ [ 5786653.863304722122848, -3340926.165686168707907 ], [ 5844079.729213563725352, -3239426.291314724367112 ], [ 5899725.431824015453458, -3136939.656313918530941 ], [ 5953574.020916010253131, -3033497.479105582460761 ], [ 6005609.093687666580081, -2929131.269178961403668 ], [ 6055814.799751744605601, -2823872.81749261636287 ], [ 6104175.845963823609054, -2717754.186790592968464 ], [ 6150677.501080742105842, -2610807.701835796702653 ], [ 6195305.600247880443931, -2503065.939563559833914 ], [ 6238046.5493139103055, -2394561.719158387277275 ], [ 6278887.328971704468131, -2285328.092056920286268 ], [ 6317815.498724147677422, -2175398.331880141049623 ], [ 6354819.200673626735806, -2064805.924297914141789 ], [ 6389887.163134064525366, -1953584.556828922126442 ], [ 6423008.704064384102821, -1841768.108579121297225 ], [ 6454173.734322363510728, -1729390.639921839116141 ], [ 6483372.760737883858383, -1616486.382122653536499 ], [ 6510596.889004641212523, -1503089.726912217913195 ], [ 6535837.826389438472688, -1389235.216010208008811 ], [ 6559087.884258235804737, -1274957.530603577382863 ], [ 6580339.980418176390231, -1160291.480782335624099 ], [ 6599587.641274897381663, -1045271.994936050032265 ], [ 6616825.003804444335401, -929934.109114329796284 ], [ 6632046.817339209839702, -814312.956354499328882 ], [ 6645248.445167333818972, -698443.755979736568406 ], [ 6656425.865945092402399, -582361.802870925748721 ], [ 6665575.674921839497983, -466102.456715495034587 ], [ 6672695.084977122955024, -349701.13123651285423 ], [ 6677781.927469674497843, -233193.283405325113563 ], [ 6680834.652897992171347, -116614.402641018052236 ], [ 6681852.331372338347137, 0.000000002558207 ], [ 6792696.40542980376631, 0.000000002600644 ], [ 6903523.981925499625504, 0.000000002643076 ], [ 7014335.434636968187988, 0.000000002685501 ], [ 7125131.15670879278332, 0.00000000272792 ], [ 7235911.560166697949171, 0.000000002770333 ], [ 7346677.075410025194287, 0.000000002812741 ], [ 7457428.150683220475912, 0.000000002855143 ], [ 7568165.251527018845081, 0.000000002897539 ], [ 7678888.860209978185594, 0.000000002939931 ], [ 7789599.475141087546945, 0.000000002982317 ], [ 7900297.610264137387276, 0.000000003024699 ], [ 8010983.794434609822929, 0.000000003067076 ], [ 8121658.570779799483716, 0.000000003109449 ], [ 8232322.496042953804135, 0.000000003151818 ], [ 8342976.139912175945938, 0.000000003194183 ], [ 8453620.084334896877408, 0.000000003236544 ], [ 8564254.922818688675761, 0.000000003278901 ], [ 8674881.259719239547849, 0.000000003321255 ], [ 8785499.70951628498733, 0.000000003363607 ], [ 8896110.89607834815979, 0.000000003405955 ], [ 9006715.451917083933949, 0.000000003448301 ], [ 9117314.01743208989501, 0.000000003490645 ], [ 9227907.240147029981017, 0.000000003532986 ], [ 9338495.773937908932567, 0.000000003575326 ], [ 9449080.278254359960556, 0.000000003617664 ], [ 9559661.417334819212556, 0.000000003660001 ], [ 9670239.859416432678699, 0.000000003702337 ], [ 9780816.275940585881472, 0.000000003744672 ], [ 9891391.340754922479391, 0.000000003787007 ], [ 10001965.729312721639872, 0.000000003829342 ], [ 10000442.381486538797617, -174558.37107974285027 ], [ 9995872.802034493535757, -349063.569988673727494 ], [ 9988258.382894756272435, -523462.440752731286921 ], [ 9977601.443493155762553, -697701.859786441083997 ], [ 9963905.230036672204733, -871728.752074870164506 ], [ 9947173.914524601772428, -1045490.107340791262686 ], [ 9927412.593477731570601, -1218932.996192126302049 ], [ 9904627.2863858807832, -1392004.58624475216493 ], [ 9878824.933874318376184, -1564652.15821575652808 ], [ 9850013.395589573308825, -1736823.121982242679223 ], [ 9818201.447805307805538, -1908465.032600787468255 ], [ 9783398.780748987570405, -2079525.60628268821165 ], [ 9745615.995650140568614, -2249952.736320098396391 ], [ 9704864.601511115208268, -2419694.508958244230598 ], [ 9661157.011601334437728, -2588699.219208853784949 ], [ 9614506.53967609256506, -2756915.38660000031814 ], [ 9564927.395921047776937, -2924291.770857549272478 ], [ 9512434.68262367323041, -3090777.387513444758952 ], [ 9457044.389572946354747, -3256321.523436070419848 ], [ 9398773.389188710600138, -3420873.752277962863445 ], [ 9337639.431382168084383, -3584383.949836160987616 ], [ 9273661.138149078935385, -3746802.309320534113795 ], [ 9206857.997897338122129, -3908079.356525399256498 ], [ 9137250.359510602429509, -4068165.964899851940572 ], [ 9064859.42614982649684, -4227013.370512187480927 ], [ 8989707.248794579878449, -4384573.186903866939247 ], [ 8911816.719526102766395, -4540797.419828501529992 ], [ 8831211.564554149284959, -4695638.481871363706887 ], [ 8747916.3369897659868, -4849049.2069449769333 ], [ 8661956.40936616808176, -5000982.864656359888613 ], [ 8566196.179867181926966, -4945695.670377460308373 ], [ 8470435.364712856709957, -4890408.137970292009413 ], [ 8374673.378943489864469, -4835119.929708215408027 ], [ 8278909.63898990675807, -4779830.708667408674955 ], [ 8183143.563366808928549, -4724540.139127179048955 ], [ 8087374.573363851755857, -4669247.886968953534961 ], [ 7991602.093733676709235, -4613953.620073514059186 ], [ 7895825.553376148454845, -4558657.008716044016182 ], [ 7800044.386018035933375, -4503357.725958541035652 ], [ 7704258.030887396074831, -4448055.448039173148572 ], [ 7608465.933381909504533, -4392749.854758141562343 ], [ 7512667.545730414800346, -4337440.629859618842602 ], [ 7416862.327646921388805, -4282127.461409343406558 ], [ 7321049.746976369991899, -4226810.042167447507381 ], [ 7225229.28033137973398, -4171488.069956087041646 ], [ 7129400.41371931694448, -4116161.248021475970745 ], [ 7033562.64315892290324, -4060829.285389898810536 ], [ 6937715.475285828113556, -4005491.897217303980142 ], [ 6841858.427946235984564, -3950148.805132067762315 ], [ 6745991.030778111889958, -3894799.73757054284215 ], [ 6650112.82577917445451, -3839444.430104988161474 ], [ 6554223.367861044593155, -3784082.625763508491218 ], [ 6458322.225388876162469, -3728714.075341609772295 ], [ 6362408.980705846101046, -3673338.537705012131482 ], [ 6266483.230641852132976, -3617955.780083348508924 ], [ 6170544.587005817331374, -3562565.578354395925999 ], [ 6074592.677060976624489, -3507167.717318483628333 ], [ 5978627.143982586450875, -3451761.990962749347091 ], [ 5882647.647297451272607, -3396348.202714901417494 ], [ 5786653.863304722122848, -3340926.165686168707907 ] ] ] } },
{ "type": "Feature", "properties": { "ObjectID": 33, "WRLD30_ID": 34.0 }, "geometry": { "type": "Polygon", "coordinates": [ [ [ 6681852.331372338347137, 0.000000002558207 ], [ 6680834.652897992171347, 116614.402641021675663 ], [ 6677781.927469674497843, 233193.283405328751542 ], [ 6672695.084977122955024, 349701.131236516463105 ], [ 6665575.674921839497983, 466102.456715498643462 ], [ 6656425.865945092402399, 582361.802870929357596 ], [ 6645248.445167333818972, 698443.755979740177281 ], [ 6632046.817339209839702, 814312.956354502937756 ], [ 6616825.003804444335401, 929934.109114333405159 ], [ 6599587.641274896450341, 1045271.99493605364114 ], [ 6580339.980418175458908, 1160291.480782339116558 ], [ 6559087.884258234873414, 1274957.530603582505137 ], [ 6535837.826389438472688, 1389235.216010211501271 ], [ 6510596.8890046402812, 1503089.726912221638486 ], [ 6483372.76073788292706, 1616486.382122657028958 ], [ 6454173.734322362579405, 1729390.639921842608601 ], [ 6423008.704064383171499, 1841768.108579124789685 ], [ 6389887.163134062662721, 1953584.556828925618902 ], [ 6354819.200673625804484, 2064805.924297917634249 ], [ 6317815.498724146746099, 2175398.331880144309253 ], [ 6278887.328971703536808, 2285328.092056923545897 ], [ 6238046.549313908442855, 2394561.719158391933888 ], [ 6195305.600247878581285, 2503065.939563564490527 ], [ 6150677.501080740243196, 2610807.701835799962282 ], [ 6104175.845963821746409, 2717754.186790596228093 ], [ 6055814.799751743674278, 2823872.817492619622499 ], [ 6005609.093687664717436, 2929131.269178966060281 ], [ 5953574.020916008390486, 3033497.47910558572039 ], [ 5899725.431824014522135, 3136939.656313920393586 ], [ 5844079.729213561862707, 3239426.291314727626741 ], [ 5786653.863304721191525, 3340926.165686170570552 ], [ 5882647.647297450341284, 3396348.202714903280139 ], [ 5978627.143982585519552, 3451761.990962751209736 ], [ 6074592.677060975693166, 3507167.717318485490978 ], [ 6170544.587005815468729, 3562565.578354397788644 ], [ 6266483.230641851201653, 3617955.780083350371569 ], [ 6362408.980705845169723, 3673338.537705013994128 ], [ 6458322.225388875231147, 3728714.07534161163494 ], [ 6554223.367861043661833, 3784082.625763510819525 ], [ 6650112.825779173523188, 3839444.430104990489781 ], [ 6745991.030778110958636, 3894799.737570545170456 ], [ 6841858.427946234121919, 3950148.805132070090622 ], [ 6937715.475285826250911, 4005491.897217306308448 ], [ 7033562.643158921971917, 4060829.285389901138842 ], [ 7129400.413719316013157, 4116161.248021478299052 ], [ 7225229.280331378802657, 4171488.069956089369953 ], [ 7321049.746976368129253, 4226810.042167450301349 ], [ 7416862.327646920457482, 4282127.461409346200526 ], [ 7512667.545730412937701, 4337440.629859621636569 ], [ 7608465.93338190857321, 4392749.85475814435631 ], [ 7704258.030887395143509, 4448055.44803917594254 ], [ 7800044.38601803407073, 4503357.72595854382962 ], [ 7895825.553376147523522, 4558657.00871604681015 ], [ 7991602.093733675777912, 4613953.620073516853154 ], [ 8087374.573363850824535, 4669247.886968956328928 ], [ 8183143.563366807065904, 4724540.139127181842923 ], [ 8278909.638989904895425, 4779830.708667411468923 ], [ 8374673.378943488001823, 4835119.929708218201995 ], [ 8470435.364712854847312, 4890408.137970294803381 ], [ 8566196.179867180064321, 4945695.670377463102341 ], [ 8661956.409366166219115, 5000982.864656362682581 ], [ 8747916.336989764124155, 4849049.206944981589913 ], [ 8831211.564554149284959, 4695638.481871366500854 ], [ 8911816.719526100903749, 4540797.419828506186604 ], [ 8989707.248794578015804, 4384573.186903873458505 ], [ 9064859.426149824634194, 4227013.370512192137539 ], [ 9137250.359510598704219, 4068165.964899857062846 ], [ 9206857.997897336259484, 3908079.356525404378772 ], [ 9273661.13814907707274, 3746802.309320541098714 ], [ 9337639.431382164359093, 3584383.949836167972535 ], [ 9398773.389188708737493, 3420873.752277967985719 ], [ 9457044.389572944492102, 3256321.523436075542122 ], [ 9512434.682623671367764, 3090777.387513449881226 ], [ 9564927.395921045914292, 2924291.770857554394752 ], [ 9614506.539676090702415, 2756915.386600005440414 ], [ 9661157.011601332575083, 2588699.219208859372884 ], [ 9704864.601511113345623, 2419694.508958249352872 ], [ 9745615.995650138705969, 2249952.736320103984326 ], [ 9783398.780748987570405, 2079525.606282693566754 ], [ 9818201.447805305942893, 1908465.032600794918835 ], [ 9850013.39558957144618, 1736823.121982248034328 ], [ 9878824.933874318376184, 1564652.158215761883184 ], [ 9904627.2863858807832, 1392004.586244757520035 ], [ 9927412.593477729707956, 1218932.996192131657153 ], [ 9947173.914524601772428, 1045490.107340796734206 ], [ 9963905.230036672204733, 871728.752074875636026 ], [ 9977601.443493155762553, 697701.859786446439102 ], [ 9988258.38289475440979, 523462.440752736700233 ], [ 9995872.802034493535757, 349063.569988679140806 ], [ 10000442.381486538797617, 174558.371079748263583 ], [ 10001965.729312721639872, 0.000000003829342 ], [ 9891391.340754922479391, 0.000000003787007 ], [ 9780816.275940585881472, 0.000000003744672 ], [ 9670239.859416432678699, 0.000000003702337 ], [ 9559661.417334819212556, 0.000000003660001 ], [ 9449080.278254359960556, 0.000000003617664 ], [ 9338495.773937908932567, 0.000000003575326 ], [ 9227907.240147029981017, 0.000000003532986 ], [ 9117314.01743208989501, 0.000000003490645 ], [ 9006715.451917083933949, 0.000000003448301 ], [ 8896110.89607834815979, 0.000000003405955 ], [ 8785499.70951628498733, 0.000000003363607 ], [ 8674881.259719239547849, 0.000000003321255 ], [ 8564254.922818688675761, 0.000000003278901 ], [ 8453620.084334896877408, 0.000000003236544 ], [ 8342976.139912175945938, 0.000000003194183 ], [ 8232322.496042953804135, 0.000000003151818 ], [ 8121658.570779799483716, 0.000000003109449 ], [ 8010983.794434609822929, 0.000000003067076 ], [ 7900297.610264137387276, 0.000000003024699 ], [ 7789599.475141087546945, 0.000000002982317 ], [ 7678888.860209978185594, 0.000000002939931 ], [ 7568165.251527018845081, 0.000000002897539 ], [ 7457428.150683220475912, 0.000000002855143 ], [ 7346677.075410025194287, 0.000000002812741 ], [ 7235911.560166697949171, 0.000000002770333 ], [ 7125131.15670879278332, 0.00000000272792 ], [ 7014335.434636968187988, 0.000000002685501 ], [ 6903523.981925499625504, 0.000000002643076 ], [ 6792696.40542980376631, 0.000000002600644 ], [ 6681852.331372338347137, 0.000000002558207 ] ] ] } },
{ "type": "Feature", "properties": { "ObjectID": 34, "WRLD30_ID": 35.0 }, "geometry": { "type": "Polygon", "coordinates": [ [ [ 5786653.863304721191525, 3340926.165686170570552 ], [ 5727465.32657254114747, 3441408.361583269201219 ], [ 5666532.148418687283993, 3540842.271155755966902 ], [ 5603872.889679492451251, 3639197.605871542356908 ], [ 5539506.636972168460488, 3736444.405742878559977 ], [ 5473452.996880814433098, 3832553.048452477902174 ], [ 5405732.089984082616866, 3927494.258376741781831 ], [ 5336364.544726237654686, 4021239.115503414999694 ], [ 5265371.491133546456695, 4113759.06424088543281 ], [ 5192774.554377857595682, 4205025.922116508707404 ], [ 5118595.848189366050065, 4295011.888361257500947 ], [ 5042857.968120566569269, 4383689.552378094755113 ], [ 4965583.984663413837552, 4471031.902091525495052 ], [ 4886797.436221842654049, 4557012.33217571862042 ], [ 4806522.32194172590971, 4641604.652158763259649 ], [ 4724783.094400520436466, 4724783.094400524161756 ], [ 4641604.652158757671714, 4806522.321941731497645 ], [ 4557012.332175714895129, 4886797.436221845448017 ], [ 4471031.902091519907117, 4965583.984663419425488 ], [ 4383689.552378091029823, 5042857.968120570294559 ], [ 4295011.888361253775656, 5118595.848189368844032 ], [ 4205025.922116505913436, 5192774.55437786038965 ], [ 4113759.064240881707519, 5265371.491133549250662 ], [ 4021239.115503408480436, 5336364.544726242311299 ], [ 3927494.258376737590879, 5405732.089984085410833 ], [ 3832553.048452471848577, 5473452.996880819089711 ], [ 3736444.405742874369025, 5539506.636972171254456 ], [ 3639197.60587153583765, 5603872.889679497107863 ], [ 3540842.271155752241611, 5666532.148418689146638 ], [ 3441408.361583262681961, 5727465.326572545804083 ], [ 3340926.165686166379601, 5786653.863304723985493 ], [ 3396348.202714899089187, 5882647.647297452203929 ], [ 3451761.990962747018784, 5978627.14398258831352 ], [ 3507167.717318481300026, 6074592.677060978487134 ], [ 3562565.578354393597692, 6170544.587005818262696 ], [ 3617955.780083345714957, 6266483.230641853995621 ], [ 3673338.537705009337515, 6362408.980705847963691 ], [ 3728714.075341606978327, 6458322.225388877093792 ], [ 3784082.625763506162912, 6554223.367861046455801 ], [ 3839444.430104985833168, 6650112.825779176317155 ], [ 3894799.737570540513843, 6745991.030778113752604 ], [ 3950148.805132065434009, 6841858.427946236915886 ], [ 4005491.897217301651835, 6937715.475285829044878 ], [ 4060829.285389896482229, 7033562.643158924765885 ], [ 4116161.248021473176777, 7129400.413719318807125 ], [ 4171488.069956084247679, 7225229.280331381596625 ], [ 4226810.042167444713414, 7321049.746976371854544 ], [ 4282127.46140934061259, 7416862.32764692325145 ], [ 4337440.629859616048634, 7512667.545730416662991 ], [ 4392749.854758138768375, 7608465.933381911367178 ], [ 4448055.448039170354605, 7704258.030887397937477 ], [ 4503357.725958538241684, 7800044.386018037796021 ], [ 4558657.008716041222215, 7895825.55337615031749 ], [ 4613953.620073511265218, 7991602.09373367857188 ], [ 4669247.886968950740993, 8087374.573363853618503 ], [ 4724540.139127176254988, 8183143.563366809859872 ], [ 4779830.708667405880988, 8278909.638989908620715 ], [ 4835119.929708212614059, 8374673.378943491727114 ], [ 4890408.137970289215446, 8470435.364712858572602 ], [ 4945695.670377456583083, 8566196.179867183789611 ], [ 5000982.864656356163323, 8661956.409366169944406 ], [ 5151393.174541554413736, 8573357.965910023078322 ], [ 5300234.320163125172257, 8482147.994565473869443 ], [ 5447460.963066247291863, 8388354.278773371130228 ], [ 5593028.256589283235371, 8292005.389008138328791 ], [ 5736891.859524478204548, 8193130.674074956215918 ], [ 5879007.949624745175242, 8091760.252169809304178 ], [ 6019333.236952324397862, 7987925.001705212518573 ], [ 6157824.977065341547132, 7881656.551904326304793 ], [ 6294440.98403815086931, 7772987.273166411556304 ], [ 6429139.64331160672009, 7661950.267206468619406 ], [ 6561879.924369231797755, 7548579.356972158886492 ], [ 6692621.393235536292195, 7432909.076340984553099 ], [ 6821324.224792584776878, 7314974.659600947983563 ], [ 6947949.214911106973886, 7194812.030717848800123 ], [ 7072457.792392475530505, 7072457.792392480187118 ], [ 7194812.03071784041822, 6947949.21491111535579 ], [ 7314974.65960094332695, 6821324.224792590364814 ], [ 7432909.076340977102518, 6692621.393235544674098 ], [ 7548579.356972154229879, 6561879.92436923738569 ], [ 7661950.267206463962793, 6429139.643311612308025 ], [ 7772987.273166406899691, 6294440.984038156457245 ], [ 7881656.55190432164818, 6157824.977065347135067 ], [ 7987925.001705205067992, 6019333.236952333711088 ], [ 8091760.252169804647565, 5879007.949624750763178 ], [ 8193130.67407494969666, 5736891.859524487517774 ], [ 8292005.3890081346035, 5593028.256589288823307 ], [ 8388354.27877336461097, 5447460.963066256605089 ], [ 8482147.994565470144153, 5300234.320163130760193 ], [ 8573357.965910017490387, 5151393.174541564658284 ], [ 8661956.409366166219115, 5000982.864656362682581 ], [ 8566196.179867180064321, 4945695.670377463102341 ], [ 8470435.364712854847312, 4890408.137970294803381 ], [ 8374673.378943488001823, 4835119.929708218201995 ], [ 8278909.638989904895425, 4779830.708667411468923 ], [ 8183143.563366807065904, 4724540.139127181842923 ], [ 8087374.573363850824535, 4669247.886968956328928 ], [ 7991602.093733675777912, 4613953.620073516853154 ], [ 7895825.553376147523522, 4558657.00871604681015 ], [ 7800044.38601803407073, 4503357.72595854382962 ], [ 7704258.030887395143509, 4448055.44803917594254 ], [ 7608465.93338190857321, 4392749.85475814435631 ], [ 7512667.545730412937701, 4337440.629859621636569 ], [ 7416862.327646920457482, 4282127.461409346200526 ], [ 7321049.746976368129253, 4226810.042167450301349 ], [ 7225229.280331378802657, 4171488.069956089369953 ], [ 7129400.413719316013157, 4116161.248021478299052 ], [ 7033562.643158921971917, 4060829.285389901138842 ], [ 6937715.475285826250911, 4005491.897217306308448 ], [ 6841858.427946234121919, 3950148.805132070090622 ], [ 6745991.030778110958636, 3894799.737570545170456 ], [ 6650112.825779173523188, 3839444.430104990489781 ], [ 6554223.367861043661833, 3784082.625763510819525 ], [ 6458322.225388875231147, 3728714.07534161163494 ], [ 6362408.980705845169723, 3673338.537705013994128 ], [ 6266483.230641851201653, 3617955.780083350371569 ], [ 6170544.587005815468729, 3562565.578354397788644 ], [ 6074592.677060975693166, 3507167.717318485490978 ], [ 5978627.143982585519552, 3451761.990962751209736 ], [ 5882647.647297450341284, 3396348.202714903280139 ], [ 5786653.863304721191525, 3340926.165686170570552 ] ] ] } },
{ "type": "Feature", "properties": { "ObjectID": 35, "WRLD30_ID": 36.0 }, "geometry": { "type": "Polygon", "coordinates": [ [ [ 3340926.165686166379601, 5786653.863304723985493 ], [ 3239426.291314723435789, 5844079.729213564656675 ], [ 3136939.656313916202635, 5899725.431824017316103 ], [ 3033497.479105581529438, 5953574.020916010253131 ], [ 2929131.269178959075361, 6005609.093687668442726 ], [ 2823872.817492615431547, 6055814.799751745536923 ], [ 2717754.186790590174496, 6104175.845963824540377 ], [ 2610807.701835795771331, 6150677.501080742105842 ], [ 2503065.939563557039946, 6195305.600247881375253 ], [ 2394561.719158386345953, 6238046.5493139103055 ], [ 2285328.092056919354945, 6278887.328971705399454 ], [ 2175398.331880138255656, 6317815.498724148608744 ], [ 2064805.924297912977636, 6354819.200673626735806 ], [ 1953584.556828919565305, 6389887.163134064525366 ], [ 1841768.108579120365903, 6423008.704064384102821 ], [ 1729390.639921836787835, 6454173.73432236444205 ], [ 1616486.382122652372345, 6483372.760737883858383 ], [ 1503089.726912215584889, 6510596.889004641212523 ], [ 1389235.216010206844658, 6535837.826389439404011 ], [ 1274957.530603574821725, 6559087.884258236736059 ], [ 1160291.480782333062962, 6580339.980418177321553 ], [ 1045271.994936048984528, 6599587.641274897381663 ], [ 929934.109114327351563, 6616825.003804445266724 ], [ 814312.956354498281144, 6632046.817339210771024 ], [ 698443.755979734007269, 6645248.445167334750295 ], [ 582361.802870924700983, 6656425.865945093333721 ], [ 466102.45671549247345, 6665575.674921839497983 ], [ 349701.131236511806492, 6672695.084977122955024 ], [ 233193.283405322552426, 6677781.927469674497843 ], [ 116614.402641016975394, 6680834.652897992171347 ], [ -0.000000006752941, 6681852.331372338347137 ], [ -0.000000006864964, 6792696.40542980376631 ], [ -0.000000006976971, 6903523.981925499625504 ], [ -0.000000007088961, 7014335.434636968187988 ], [ -0.000000007200936, 7125131.15670879278332 ], [ -0.000000007312895, 7235911.560166697949171 ], [ -0.000000007424839, 7346677.075410025194287 ], [ -0.000000007536768, 7457428.150683220475912 ], [ -0.000000007648683, 7568165.251527018845081 ], [ -0.000000007760585, 7678888.860209978185594 ], [ -0.000000007872473, 7789599.475141087546945 ], [ -0.000000007984349, 7900297.610264137387276 ], [ -0.000000008096213, 8010983.794434609822929 ], [ -0.000000008208065, 8121658.570779799483716 ], [ -0.000000008319907, 8232322.496042953804135 ], [ -0.000000008431738, 8342976.139912175945938 ], [ -0.000000008543559, 8453620.084334896877408 ], [ -0.000000008655371, 8564254.922818688675761 ], [ -0.000000008767174, 8674881.259719239547849 ], [ -0.000000008878969, 8785499.70951628498733 ], [ -0.000000008990757, 8896110.89607834815979 ], [ -0.000000009102538, 9006715.451917083933949 ], [ -0.000000009214314, 9117314.01743208989501 ], [ -0.000000009326083, 9227907.240147029981017 ], [ -0.000000009437849, 9338495.773937908932567 ], [ -0.00000000954961, 9449080.278254359960556 ], [ -0.000000009661367, 9559661.417334819212556 ], [ -0.000000009773122, 9670239.859416432678699 ], [ -0.000000009884875, 9780816.275940585881472 ], [ -0.000000009996626, 9891391.340754922479391 ], [ -0.000000010108377, 10001965.729312721639872 ], [ 174558.371079741220456, 10000442.381486538797617 ], [ 349063.569988669885788, 9995872.802034493535757 ], [ 523462.440752729715314, 9988258.382894756272435 ], [ 697701.859786437242292, 9977601.443493155762553 ], [ 871728.752074868651107, 9963905.230036672204733 ], [ 1045490.107340787537396, 9947173.914524603635073 ], [ 1218932.996192124672234, 9927412.593477731570601 ], [ 1392004.58624474843964, 9904627.2863858807832 ], [ 1564652.158215754898265, 9878824.933874318376184 ], [ 1736823.121982238953933, 9850013.395589573308825 ], [ 1908465.032600783742964, 9818201.447805307805538 ], [ 2079525.606282686581835, 9783398.780748987570405 ], [ 2249952.7363200946711, 9745615.995650140568614 ], [ 2419694.508958242367953, 9704864.601511115208268 ], [ 2588699.219208850059658, 9661157.011601336300373 ], [ 2756915.386599998921156, 9614506.53967609256506 ], [ 2924291.770857545547187, 9564927.395921047776937 ], [ 3090777.387513442896307, 9512434.68262367323041 ], [ 3256321.523436066694558, 9457044.389572948217392 ], [ 3420873.7522779610008, 9398773.389188712462783 ], [ 3584383.949836159590632, 9337639.431382168084383 ], [ 3746802.309320530388504, 9273661.13814908079803 ], [ 3908079.356525397859514, 9206857.997897338122129 ], [ 4068165.964899848215282, 9137250.359510602429509 ], [ 4227013.370512185618281, 9064859.42614982649684 ], [ 4384573.186903863213956, 8989707.248794581741095 ], [ 4540797.419828499667346, 8911816.719526102766395 ], [ 4695638.481871360912919, 8831211.564554151147604 ], [ 4849049.206944975070655, 8747916.336989767849445 ], [ 5000982.864656356163323, 8661956.409366169944406 ], [ 4945695.670377456583083, 8566196.179867183789611 ], [ 4890408.137970289215446, 8470435.364712858572602 ], [ 4835119.929708212614059, 8374673.378943491727114 ], [ 4779830.708667405880988, 8278909.638989908620715 ], [ 4724540.139127176254988, 8183143.563366809859872 ], [ 4669247.886968950740993, 8087374.573363853618503 ], [ 4613953.620073511265218, 7991602.09373367857188 ], [ 4558657.008716041222215, 7895825.55337615031749 ], [ 4503357.725958538241684, 7800044.386018037796021 ], [ 4448055.448039170354605, 7704258.030887397937477 ], [ 4392749.854758138768375, 7608465.933381911367178 ], [ 4337440.629859616048634, 7512667.545730416662991 ], [ 4282127.46140934061259, 7416862.32764692325145 ], [ 4226810.042167444713414, 7321049.746976371854544 ], [ 4171488.069956084247679, 7225229.280331381596625 ], [ 4116161.248021473176777, 7129400.413719318807125 ], [ 4060829.285389896482229, 7033562.643158924765885 ], [ 4005491.897217301651835, 6937715.475285829044878 ], [ 3950148.805132065434009, 6841858.427946236915886 ], [ 3894799.737570540513843, 6745991.030778113752604 ], [ 3839444.430104985833168, 6650112.825779176317155 ], [ 3784082.625763506162912, 6554223.367861046455801 ], [ 3728714.075341606978327, 6458322.225388877093792 ], [ 3673338.537705009337515, 6362408.980705847963691 ], [ 3617955.780083345714957, 6266483.230641853995621 ], [ 3562565.578354393597692, 6170544.587005818262696 ], [ 3507167.717318481300026, 6074592.677060978487134 ], [ 3451761.990962747018784, 5978627.14398258831352 ], [ 3396348.202714899089187, 5882647.647297452203929 ], [ 3340926.165686166379601, 5786653.863304723985493 ] ] ] } },
{ "type": "Feature", "properties": { "ObjectID": 36, "WRLD30_ID": 37.0 }, "geometry": { "type": "Polygon", "coordinates": [ [ [ 0.000000010108377, 10001965.729312721639872 ], [ -174558.371079741220456, 10000442.381486538797617 ], [ -349063.569988669885788, 9995872.802034493535757 ], [ -523462.440752729715314, 9988258.382894756272435 ], [ -697701.859786437242292, 9977601.443493155762553 ], [ -871728.752074868651107, 9963905.230036672204733 ], [ -1045490.107340787537396, 9947173.914524603635073 ], [ -1218932.996192124672234, 9927412.593477731570601 ], [ -1392004.58624474843964, 9904627.2863858807832 ], [ -1564652.158215754898265, 9878824.933874318376184 ], [ -1736823.121982238953933, 9850013.395589573308825 ], [ -1908465.032600783742964, 9818201.447805307805538 ], [ -2079525.606282686581835, 9783398.780748987570405 ], [ -2249952.7363200946711, 9745615.995650140568614 ], [ -2419694.508958242367953, 9704864.601511115208268 ], [ -2588699.219208850059658, 9661157.011601336300373 ], [ -2756915.386599998921156, 9614506.53967609256506 ], [ -2924291.770857545547187, 9564927.395921047776937 ], [ -3090777.387513442896307, 9512434.68262367323041 ], [ -3256321.523436066694558, 9457044.389572948217392 ], [ -3420873.7522779610008, 9398773.389188712462783 ], [ -3584383.949836159590632, 9337639.431382168084383 ], [ -3746802.309320530388504, 9273661.13814908079803 ], [ -3908079.356525397859514, 9206857.997897338122129 ], [ -4068165.964899848215282, 9137250.359510602429509 ], [ -4227013.370512185618281, 9064859.42614982649684 ], [ -4384573.186903863213956, 8989707.248794581741095 ], [ -4540797.419828499667346, 8911816.719526102766395 ], [ -4695638.481871360912919, 8831211.564554151147604 ], [ -4849049.206944975070655, 8747916.336989767849445 ], [ -5000982.864656356163323, 8661956.409366169944406 ], [ -5056270.058935254812241, 8757716.638865154236555 ], [ -5111557.5913424231112, 8853477.454019479453564 ], [ -5166845.799604499712586, 8949239.439788846299052 ], [ -5222135.020645306445658, 9045003.179742429405451 ], [ -5277425.590185536071658, 9140769.255365528166294 ], [ -5332717.842343761585653, 9236538.245368484407663 ], [ -5388012.10923920199275, 9332310.724998660385609 ], [ -5443308.720596672035754, 9428087.265356188639998 ], [ -5498608.003354175016284, 9523868.432714302092791 ], [ -5553910.281273541972041, 9619654.787844939157367 ], [ -5609215.874554573558271, 9715446.885350426658988 ], [ -5664525.099453097209334, 9811245.273001922294497 ], [ -5719838.267903371714056, 9907050.491085413843393 ], [ -5775155.687145267613232, 10002863.071755966171622 ], [ -5830477.659356628544629, 10098683.538400957360864 ], [ -5885804.481291239149868, 10194512.405013019219041 ], [ -5941136.443922816775739, 10290350.175573414191604 ], [ -5996473.832095411606133, 10386197.34344650991261 ], [ -6051816.924180646426976, 10482054.390786100178957 ], [ -6107165.991742171347141, 10577921.787954224273562 ], [ -6162521.299207726493478, 10673799.992953162640333 ], [ -6217883.103549206629395, 10769689.450871292501688 ], [ -6273251.653971104882658, 10865590.593343460932374 ], [ -6328627.19160770252347, 10961503.838026490062475 ], [ -6384009.949229367077351, 11057429.588090484961867 ], [ -6439400.150958320125937, 11153368.231726521626115 ], [ -6494798.011994231492281, 11249320.141671359539032 ], [ -6550203.738349965773523, 11345285.674749750643969 ], [ -6605617.52659781370312, 11441265.171434886753559 ], [ -6661039.563626546412706, 11537258.955427614971995 ], [ -6458672.122575227171183, 11651752.944765970110893 ], [ -6254337.30742880422622, 11762697.697284284979105 ], [ -6048097.360551417805254, 11870059.41813619621098 ], [ -5840015.104628767818213, 11973805.403901496902108 ], [ -5630153.923531756736338, 12073904.052547907456756 ], [ -5418577.743009106256068, 12170324.873057382181287 ], [ -5205351.011214999482036, 12263038.494713934138417 ], [ -4990538.679077503271401, 12352016.676050279289484 ], [ -4774206.180513932369649, 12437232.313450424000621 ], [ -4556419.412499003112316, 12518659.44940571859479 ], [ -4337244.71499199513346, 12596273.280421746894717 ], [ -4116748.850728972814977, 12670050.164573717862368 ], [ -3894998.984886171296239, 12739967.628708031028509 ], [ -3672062.664620876777917, 12806004.375287799164653 ], [ -3448007.798495863564312, 12868140.288880307227373 ], [ -3222902.63579383213073, 12926356.442284345626831 ], [ -2996815.745727973990142, 12980635.102295638993382 ], [ -2769815.996555166319013, 13030959.735108535736799 ], [ -2541972.534597992431372, 13077315.011352378875017 ], [ -2313354.763182144612074, 13119686.810760967433453 ], [ -2084032.321495460812002, 13158062.226473739370704 ], [ -1854075.063375169178471, 13192429.568967316299677 ], [ -1623553.036029750946909, 13222778.369616251438856 ], [ -1392536.458701840834692, 13249099.383881870657206 ], [ -1161095.701278812484816, 13271384.594128251075745 ], [ -929301.262857381952927, 13289627.2120644710958 ], [ -697223.750268947565928, 13303821.680812386795878 ], [ -464933.856572017190047, 13313963.676599312573671 ], [ -232502.339518465480069, 13320050.110075084492564 ], [ 0.000000013463813, 13322079.127253104001284 ], [ 0.00000001335179, 13211235.05319563858211 ], [ 0.000000013239783, 13100407.476699942722917 ], [ 0.000000013127793, 12989596.023988474160433 ], [ 0.000000013015819, 12878800.301916651427746 ], [ 0.00000001290386, 12768019.898458745330572 ], [ 0.000000012791916, 12657254.383215416222811 ], [ 0.000000012679986, 12546503.307942220941186 ], [ 0.000000012568071, 12435766.207098424434662 ], [ 0.000000012456169, 12325042.598415464162827 ], [ 0.000000012344281, 12214331.983484353870153 ], [ 0.000000012232405, 12103633.848361304029822 ], [ 0.000000012120541, 11992947.664190832525492 ], [ 0.000000012008689, 11882272.887845642864704 ], [ 0.000000011896848, 11771608.962582487612963 ], [ 0.000000011785017, 11660955.318713266402483 ], [ 0.000000011673196, 11550311.37429054453969 ], [ 0.000000011561384, 11439676.535806752741337 ], [ 0.000000011449581, 11329050.198906203731894 ], [ 0.000000011337785, 11218431.749109156429768 ], [ 0.000000011225997, 11107820.562547093257308 ], [ 0.000000011114216, 10997216.006708359345794 ], [ 0.000000011002441, 10886617.441193353384733 ], [ 0.000000010890671, 10776024.218478413298726 ], [ 0.000000010778906, 10665435.684687532484531 ], [ 0.000000010667145, 10554851.180371081456542 ], [ 0.000000010555387, 10444270.041290622204542 ], [ 0.000000010443632, 10333691.599209008738399 ], [ 0.000000010331879, 10223115.182684855535626 ], [ 0.000000010220128, 10112540.117870518937707 ], [ 0.000000010108377, 10001965.729312721639872 ] ] ] } },
{ "type": "Feature", "properties": { "ObjectID": 37, "WRLD30_ID": 38.0 }, "geometry": { "type": "Polygon", "coordinates": [ [ [ -5000982.864656356163323, 8661956.409366169944406 ], [ -5151393.174541554413736, 8573357.965910023078322 ], [ -5300234.320163125172257, 8482147.994565473869443 ], [ -5447460.963066247291863, 8388354.278773371130228 ], [ -5593028.256589283235371, 8292005.389008138328791 ], [ -5736891.859524478204548, 8193130.674074956215918 ], [ -5879007.949624745175242, 8091760.252169809304178 ], [ -6019333.236952324397862, 7987925.001705212518573 ], [ -6157824.977065341547132, 7881656.551904326304793 ], [ -6294440.98403815086931, 7772987.273166411556304 ], [ -6429139.64331160672009, 7661950.267206468619406 ], [ -6561879.924369231797755, 7548579.356972158886492 ], [ -6692621.393235536292195, 7432909.076340984553099 ], [ -6821324.224792584776878, 7314974.659600947983563 ], [ -6947949.214911106973886, 7194812.030717848800123 ], [ -7072457.792392475530505, 7072457.792392480187118 ], [ -7194812.03071784041822, 6947949.21491111535579 ], [ -7314974.65960094332695, 6821324.224792590364814 ], [ -7432909.076340977102518, 6692621.393235544674098 ], [ -7548579.356972154229879, 6561879.92436923738569 ], [ -7661950.267206463962793, 6429139.643311612308025 ], [ -7772987.273166406899691, 6294440.984038156457245 ], [ -7881656.55190432164818, 6157824.977065347135067 ], [ -7987925.001705205067992, 6019333.236952333711088 ], [ -8091760.252169804647565, 5879007.949624750763178 ], [ -8193130.67407494969666, 5736891.859524487517774 ], [ -8292005.3890081346035, 5593028.256589288823307 ], [ -8388354.27877336461097, 5447460.963066256605089 ], [ -8482147.994565470144153, 5300234.320163130760193 ], [ -8573357.965910017490387, 5151393.174541564658284 ], [ -8661956.409366166219115, 5000982.864656362682581 ], [ -8757716.638865150511265, 5056270.058935261331499 ], [ -8853477.454019475728273, 5111557.591342429630458 ], [ -8949239.439788842573762, 5166845.799604506231844 ], [ -9045003.179742425680161, 5222135.020645312964916 ], [ -9140769.255365524441004, 5277425.590185542590916 ], [ -9236538.245368480682373, 5332717.842343768104911 ], [ -9332310.724998656660318, 5388012.109239208512008 ], [ -9428087.265356184914708, 5443308.720596678555012 ], [ -9523868.4327142983675, 5498608.003354181535542 ], [ -9619654.787844935432076, 5553910.281273548491299 ], [ -9715446.885350422933698, 5609215.874554580077529 ], [ -9811245.273001918569207, 5664525.099453103728592 ], [ -9907050.491085410118103, 5719838.267903378233314 ], [ -10002863.071755962446332, 5775155.68714527413249 ], [ -10098683.538400953635573, 5830477.659356635063887 ], [ -10194512.405013013631105, 5885804.481291245669127 ], [ -10290350.175573408603668, 5941136.443922823294997 ], [ -10386197.343446504324675, 5996473.832095418125391 ], [ -10482054.390786096453667, 6051816.924180653877556 ], [ -10577921.787954220548272, 6107165.991742178797722 ], [ -10673799.992953157052398, 6162521.299207733944058 ], [ -10769689.450871288776398, 6217883.103549214079976 ], [ -10865590.593343455344439, 6273251.653971113264561 ], [ -10961503.838026486337185, 6328627.191607710905373 ], [ -11057429.588090481236577, 6384009.949229375459254 ], [ -11153368.231726517900825, 6439400.150958328507841 ], [ -11249320.141671355813742, 6494798.011994239874184 ], [ -11345285.674749745056033, 6550203.738349974155426 ], [ -11441265.171434881165624, 6605617.526597822085023 ], [ -11537258.95542760938406, 6661039.56362655479461 ], [ -11419250.605247491970658, 6861377.987499859184027 ], [ -11297763.840712253004313, 7059626.369170504622161 ], [ -11172835.667867235839367, 7255724.320260970853269 ], [ -11044504.141044098883867, 7449612.107435699552298 ], [ -10912808.351269083097577, 7641230.670596496202052 ], [ -10777788.414355525746942, 7830521.640872759744525 ], [ -10639485.458684172481298, 8017427.35840125195682 ], [ -10497941.612675094977021, 8201890.889889808371663 ], [ -10353199.991954956203699, 8383856.045959803275764 ], [ -10205304.6862235609442, 8563267.398261966183782 ], [ -10054300.745823740959167, 8740070.296360379084945 ], [ -9900234.168018540367484, 8914210.884379563853145 ], [ -9743151.882980043068528, 9085636.117409460246563 ], [ -9583101.739493954926729, 9254293.77766346745193 ], [ -9420132.490384429693222, 9420132.490384435281157 ], [ -9254293.777663456276059, 9583101.7394939661026 ], [ -9085636.117409454658628, 9743151.882980048656464 ], [ -8914210.884379550814629, 9900234.16801854968071 ], [ -8740070.296360371634364, 10054300.745823746547103 ], [ -8563267.398261958733201, 10205304.686223566532135 ], [ -8383856.045959795825183, 10353199.991954961791635 ], [ -8201890.889889800921082, 10497941.612675102427602 ], [ -8017427.358401239849627, 10639485.458684181794524 ], [ -7830521.640872752293944, 10777788.414355531334877 ], [ -7641230.670596483163536, 10912808.351269092410803 ], [ -7449612.107435692101717, 11044504.141044104471803 ], [ -7255724.320260957814753, 11172835.667867245152593 ], [ -7059626.369170497171581, 11297763.840712258592248 ], [ -6861377.987499846145511, 11419250.605247499421239 ], [ -6661039.563626546412706, 11537258.955427614971995 ], [ -6605617.52659781370312, 11441265.171434886753559 ], [ -6550203.738349965773523, 11345285.674749750643969 ], [ -6494798.011994231492281, 11249320.141671359539032 ], [ -6439400.150958320125937, 11153368.231726521626115 ], [ -6384009.949229367077351, 11057429.588090484961867 ], [ -6328627.19160770252347, 10961503.838026490062475 ], [ -6273251.653971104882658, 10865590.593343460932374 ], [ -6217883.103549206629395, 10769689.450871292501688 ], [ -6162521.299207726493478, 10673799.992953162640333 ], [ -6107165.991742171347141, 10577921.787954224273562 ], [ -6051816.924180646426976, 10482054.390786100178957 ], [ -5996473.832095411606133, 10386197.34344650991261 ], [ -5941136.443922816775739, 10290350.175573414191604 ], [ -5885804.481291239149868, 10194512.405013019219041 ], [ -5830477.659356628544629, 10098683.538400957360864 ], [ -5775155.687145267613232, 10002863.071755966171622 ], [ -5719838.267903371714056, 9907050.491085413843393 ], [ -5664525.099453097209334, 9811245.273001922294497 ], [ -5609215.874554573558271, 9715446.885350426658988 ], [ -5553910.281273541972041, 9619654.787844939157367 ], [ -5498608.003354175016284, 9523868.432714302092791 ], [ -5443308.720596672035754, 9428087.265356188639998 ], [ -5388012.10923920199275, 9332310.724998660385609 ], [ -5332717.842343761585653, 9236538.245368484407663 ], [ -5277425.590185536071658, 9140769.255365528166294 ], [ -5222135.020645306445658, 9045003.179742429405451 ], [ -5166845.799604499712586, 8949239.439788846299052 ], [ -5111557.5913424231112, 8853477.454019479453564 ], [ -5056270.058935254812241, 8757716.638865154236555 ], [ -5000982.864656356163323, 8661956.409366169944406 ] ] ] } },
{ "type": "Feature", "properties": { "ObjectID": 38, "WRLD30_ID": 39.0 }, "geometry": { "type": "Polygon", "coordinates": [ [ [ -8661956.409366166219115, 5000982.864656362682581 ], [ -8747916.336989764124155, 4849049.206944981589913 ], [ -8831211.564554149284959, 4695638.481871366500854 ], [ -8911816.719526100903749, 4540797.419828506186604 ], [ -8989707.248794578015804, 4384573.186903873458505 ], [ -9064859.426149824634194, 4227013.370512192137539 ], [ -9137250.359510598704219, 4068165.964899857062846 ], [ -9206857.997897336259484, 3908079.356525404378772 ], [ -9273661.13814907707274, 3746802.309320541098714 ], [ -9337639.431382164359093, 3584383.949836167972535 ], [ -9398773.389188708737493, 3420873.752277967985719 ], [ -9457044.389572944492102, 3256321.523436075542122 ], [ -9512434.682623671367764, 3090777.387513449881226 ], [ -9564927.395921045914292, 2924291.770857554394752 ], [ -9614506.539676090702415, 2756915.386600005440414 ], [ -9661157.011601332575083, 2588699.219208859372884 ], [ -9704864.601511113345623, 2419694.508958249352872 ], [ -9745615.995650138705969, 2249952.736320103984326 ], [ -9783398.780748987570405, 2079525.606282693566754 ], [ -9818201.447805305942893, 1908465.032600794918835 ], [ -9850013.39558957144618, 1736823.121982248034328 ], [ -9878824.933874318376184, 1564652.158215761883184 ], [ -9904627.2863858807832, 1392004.586244757520035 ], [ -9927412.593477729707956, 1218932.996192131657153 ], [ -9947173.914524601772428, 1045490.107340796734206 ], [ -9963905.230036672204733, 871728.752074875636026 ], [ -9977601.443493155762553, 697701.859786446439102 ], [ -9988258.38289475440979, 523462.440752736700233 ], [ -9995872.802034493535757, 349063.569988679140806 ], [ -10000442.381486538797617, 174558.371079748263583 ], [ -10001965.729312721639872, 0.000000003829342 ], [ -10112540.117870518937707, 0.000000003871676 ], [ -10223115.182684855535626, 0.000000003914011 ], [ -10333691.599209008738399, 0.000000003956346 ], [ -10444270.041290622204542, 0.000000003998682 ], [ -10554851.180371081456542, 0.000000004041019 ], [ -10665435.684687532484531, 0.000000004083357 ], [ -10776024.218478413298726, 0.000000004125697 ], [ -10886617.441193353384733, 0.000000004168038 ], [ -10997216.006708359345794, 0.000000004210382 ], [ -11107820.562547093257308, 0.000000004252728 ], [ -11218431.749109156429768, 0.000000004295076 ], [ -11329050.198906203731894, 0.000000004337428 ], [ -11439676.535806752741337, 0.000000004379782 ], [ -11550311.37429054453969, 0.000000004422139 ], [ -11660955.318713266402483, 0.0000000044645 ], [ -11771608.962582487612963, 0.000000004506865 ], [ -11882272.887845642864704, 0.000000004549234 ], [ -11992947.664190832525492, 0.000000004591607 ], [ -12103633.848361304029822, 0.000000004633984 ], [ -12214331.983484353870153, 0.000000004676366 ], [ -12325042.598415464162827, 0.000000004718752 ], [ -12435766.207098424434662, 0.000000004761144 ], [ -12546503.307942220941186, 0.00000000480354 ], [ -12657254.383215416222811, 0.000000004845942 ], [ -12768019.898458745330572, 0.00000000488835 ], [ -12878800.301916651427746, 0.000000004930763 ], [ -12989596.023988474160433, 0.000000004973182 ], [ -13100407.476699942722917, 0.000000005015607 ], [ -13211235.05319563858211, 0.000000005058039 ], [ -13322079.127253104001284, 0.000000005100476 ], [ -13320050.110075084492564, 232502.339518474851502 ], [ -13313963.676599312573671, 464933.856572029530071 ], [ -13303821.680812386795878, 697223.750268956879154 ], [ -13289627.2120644710958, 929301.262857394292951 ], [ -13271384.594128251075745, 1161095.701278821798041 ], [ -13249099.38388186879456, 1392536.458701853174716 ], [ -13222778.369616249576211, 1623553.036029760260135 ], [ -13192429.568967314437032, 1854075.063375181518495 ], [ -13158062.226473737508059, 2084032.321495470125228 ], [ -13119686.810760965570807, 2313354.763182156719267 ], [ -13077315.011352377012372, 2541972.534598007332534 ], [ -13030959.735108533874154, 2769815.996555175632238 ], [ -12980635.102295635268092, 2996815.745727985631675 ], [ -12926356.442284343764186, 3222902.635793841443956 ], [ -12868140.288880303502083, 3448007.798495875205845 ], [ -12806004.375287797302008, 3672062.664620886091143 ], [ -12739967.628708027303219, 3894998.984886182937771 ], [ -12670050.164573715999722, 4116748.850728981662542 ], [ -12596273.280421743169427, 4337244.71499200630933 ], [ -12518659.449405714869499, 4556419.412499011494219 ], [ -12437232.313450420275331, 4774206.18051394354552 ], [ -12352016.676050273701549, 4990538.67907751724124 ], [ -12263038.494713930413127, 5205351.011215007863939 ], [ -12170324.873057376593351, 5418577.743009117431939 ], [ -12073904.052547903731465, 5630153.923531765118241 ], [ -11973805.403901489451528, 5840015.104628781788051 ], [ -11870059.418136190623045, 6048097.360551426187158 ], [ -11762697.697284281253815, 6254337.307428812608123 ], [ -11651752.944765964522958, 6458672.122575235553086 ], [ -11537258.95542760938406, 6661039.56362655479461 ], [ -11441265.171434881165624, 6605617.526597822085023 ], [ -11345285.674749745056033, 6550203.738349974155426 ], [ -11249320.141671355813742, 6494798.011994239874184 ], [ -11153368.231726517900825, 6439400.150958328507841 ], [ -11057429.588090481236577, 6384009.949229375459254 ], [ -10961503.838026486337185, 6328627.191607710905373 ], [ -10865590.593343455344439, 6273251.653971113264561 ], [ -10769689.450871288776398, 6217883.103549214079976 ], [ -10673799.992953157052398, 6162521.299207733944058 ], [ -10577921.787954220548272, 6107165.991742178797722 ], [ -10482054.390786096453667, 6051816.924180653877556 ], [ -10386197.343446504324675, 5996473.832095418125391 ], [ -10290350.175573408603668, 5941136.443922823294997 ], [ -10194512.405013013631105, 5885804.481291245669127 ], [ -10098683.538400953635573, 5830477.659356635063887 ], [ -10002863.071755962446332, 5775155.68714527413249 ], [ -9907050.491085410118103, 5719838.267903378233314 ], [ -9811245.273001918569207, 5664525.099453103728592 ], [ -9715446.885350422933698, 5609215.874554580077529 ], [ -9619654.787844935432076, 5553910.281273548491299 ], [ -9523868.4327142983675, 5498608.003354181535542 ], [ -9428087.265356184914708, 5443308.720596678555012 ], [ -9332310.724998656660318, 5388012.109239208512008 ], [ -9236538.245368480682373, 5332717.842343768104911 ], [ -9140769.255365524441004, 5277425.590185542590916 ], [ -9045003.179742425680161, 5222135.020645312964916 ], [ -8949239.439788842573762, 5166845.799604506231844 ], [ -8853477.454019475728273, 5111557.591342429630458 ], [ -8757716.638865150511265, 5056270.058935261331499 ], [ -8661956.409366166219115, 5000982.864656362682581 ] ] ] } },
{ "type": "Feature", "properties": { "ObjectID": 39, "WRLD30_ID": 40.0 }, "geometry": { "type": "Polygon", "coordinates": [ [ [ -10001965.729312721639872, 0.000000003829342 ], [ -10000442.381486538797617, -174558.37107974285027 ], [ -9995872.802034493535757, -349063.569988673727494 ], [ -9988258.382894756272435, -523462.440752731286921 ], [ -9977601.443493155762553, -697701.859786441083997 ], [ -9963905.230036672204733, -871728.752074870164506 ], [ -9947173.914524601772428, -1045490.107340791262686 ], [ -9927412.593477731570601, -1218932.996192126302049 ], [ -9904627.2863858807832, -1392004.58624475216493 ], [ -9878824.933874318376184, -1564652.15821575652808 ], [ -9850013.395589573308825, -1736823.121982242679223 ], [ -9818201.447805307805538, -1908465.032600787468255 ], [ -9783398.780748987570405, -2079525.60628268821165 ], [ -9745615.995650140568614, -2249952.736320098396391 ], [ -9704864.601511115208268, -2419694.508958244230598 ], [ -9661157.011601334437728, -2588699.219208853784949 ], [ -9614506.53967609256506, -2756915.38660000031814 ], [ -9564927.395921047776937, -2924291.770857549272478 ], [ -9512434.68262367323041, -3090777.387513444758952 ], [ -9457044.389572946354747, -3256321.523436070419848 ], [ -9398773.389188710600138, -3420873.752277962863445 ], [ -9337639.431382168084383, -3584383.949836160987616 ], [ -9273661.138149078935385, -3746802.309320534113795 ], [ -9206857.997897338122129, -3908079.356525399256498 ], [ -9137250.359510602429509, -4068165.964899851940572 ], [ -9064859.42614982649684, -4227013.370512187480927 ], [ -8989707.248794579878449, -4384573.186903866939247 ], [ -8911816.719526102766395, -4540797.419828501529992 ], [ -8831211.564554149284959, -4695638.481871363706887 ], [ -8747916.3369897659868, -4849049.2069449769333 ], [ -8661956.40936616808176, -5000982.864656359888613 ], [ -8757716.63886515237391, -5056270.058935258537531 ], [ -8853477.454019477590919, -5111557.591342426836491 ], [ -8949239.439788844436407, -5166845.799604503437877 ], [ -9045003.179742427542806, -5222135.020645310170949 ], [ -9140769.255365524441004, -5277425.590185539796948 ], [ -9236538.245368482545018, -5332717.842343765310943 ], [ -9332310.724998658522964, -5388012.10923920571804 ], [ -9428087.265356186777353, -5443308.720596675761044 ], [ -9523868.432714300230145, -5498608.003354178741574 ], [ -9619654.787844937294722, -5553910.281273545697331 ], [ -9715446.885350424796343, -5609215.874554577283561 ], [ -9811245.273001920431852, -5664525.099453100934625 ], [ -9907050.491085411980748, -5719838.267903375439346 ], [ -10002863.071755964308977, -5775155.687145271338522 ], [ -10098683.538400955498219, -5830477.659356632269919 ], [ -10194512.405013015493751, -5885804.481291242875159 ], [ -10290350.175573410466313, -5941136.443922820501029 ], [ -10386197.34344650618732, -5996473.832095415331423 ], [ -10482054.390786098316312, -6051816.924180651083589 ], [ -10577921.787954222410917, -6107165.991742176003754 ], [ -10673799.992953160777688, -6162521.299207731150091 ], [ -10769689.450871290639043, -6217883.103549211286008 ], [ -10865590.593343457207084, -6273251.65397110953927 ], [ -10961503.83802648819983, -6328627.191607707180083 ], [ -11057429.588090483099222, -6384009.949229371733963 ], [ -11153368.23172651976347, -6439400.15095832478255 ], [ -11249320.141671357676387, -6494798.011994236148894 ], [ -11345285.674749746918678, -6550203.738349970430136 ], [ -11441265.171434883028269, -6605617.526597818359733 ], [ -11537258.955427611246705, -6661039.563626551069319 ], [ -11651752.944765968248248, -6458672.122575229033828 ], [ -11762697.69728428311646, -6254337.307428808882833 ], [ -11870059.418136194348335, -6048097.3605514196679 ], [ -11973805.403901493176818, -5840015.104628772474825 ], [ -12073904.052547907456756, -5630153.923531758598983 ], [ -12170324.873057380318642, -5418577.743009110912681 ], [ -12263038.494713934138417, -5205351.011215001344681 ], [ -12352016.676050277426839, -4990538.679077507928014 ], [ -12437232.313450424000621, -4774206.180513934232295 ], [ -12518659.449405716732144, -4556419.412499004974961 ], [ -12596273.280421745032072, -4337244.714991999790072 ], [ -12670050.164573717862368, -4116748.850728974677622 ], [ -12739967.628708029165864, -3894998.984886176418513 ], [ -12806004.375287799164653, -3672062.664620879106224 ], [ -12868140.288880305364728, -3448007.798495868220925 ], [ -12926356.442284343764186, -3222902.635793834459037 ], [ -12980635.102295637130737, -2996815.745727978646755 ], [ -13030959.735108535736799, -2769815.996555168181658 ], [ -13077315.011352378875017, -2541972.534597997087985 ], [ -13119686.810760967433453, -2313354.763182149734348 ], [ -13158062.226473739370704, -2084032.321495462907478 ], [ -13192429.568967316299677, -1854075.063375174300745 ], [ -13222778.369616251438856, -1623553.036029753042385 ], [ -13249099.383881870657206, -1392536.458701845956966 ], [ -13271384.594128251075745, -1161095.701278814580292 ], [ -13289627.2120644710958, -929301.262857387075201 ], [ -13303821.680812386795878, -697223.750268949661404 ], [ -13313963.676599312573671, -464933.856572022254113 ], [ -13320050.110075084492564, -232502.339518467604648 ], [ -13322079.127253104001284, 0.000000005100476 ], [ -13211235.05319563858211, 0.000000005058039 ], [ -13100407.476699942722917, 0.000000005015607 ], [ -12989596.023988474160433, 0.000000004973182 ], [ -12878800.301916651427746, 0.000000004930763 ], [ -12768019.898458745330572, 0.00000000488835 ], [ -12657254.383215416222811, 0.000000004845942 ], [ -12546503.307942220941186, 0.00000000480354 ], [ -12435766.207098424434662, 0.000000004761144 ], [ -12325042.598415464162827, 0.000000004718752 ], [ -12214331.983484353870153, 0.000000004676366 ], [ -12103633.848361304029822, 0.000000004633984 ], [ -11992947.664190832525492, 0.000000004591607 ], [ -11882272.887845642864704, 0.000000004549234 ], [ -11771608.962582487612963, 0.000000004506865 ], [ -11660955.318713266402483, 0.0000000044645 ], [ -11550311.37429054453969, 0.000000004422139 ], [ -11439676.535806752741337, 0.000000004379782 ], [ -11329050.198906203731894, 0.000000004337428 ], [ -11218431.749109156429768, 0.000000004295076 ], [ -11107820.562547093257308, 0.000000004252728 ], [ -10997216.006708359345794, 0.000000004210382 ], [ -10886617.441193353384733, 0.000000004168038 ], [ -10776024.218478413298726, 0.000000004125697 ], [ -10665435.684687532484531, 0.000000004083357 ], [ -10554851.180371081456542, 0.000000004041019 ], [ -10444270.041290622204542, 0.000000003998682 ], [ -10333691.599209008738399, 0.000000003956346 ], [ -10223115.182684855535626, 0.000000003914011 ], [ -10112540.117870518937707, 0.000000003871676 ], [ -10001965.729312721639872, 0.000000003829342 ] ] ] } },
{ "type": "Feature", "properties": { "ObjectID": 40, "WRLD30_ID": 41.0 }, "geometry": { "type": "Polygon", "coordinates": [ [ [ -8661956.40936616808176, -5000982.864656359888613 ], [ -8573357.965910019353032, -5151393.174541560001671 ], [ -8482147.994565473869443, -5300234.32016312610358 ], [ -8388354.27877336833626, -5447460.963066251017153 ], [ -8292005.389008137397468, -5593028.256589285098016 ], [ -8193130.67407495342195, -5736891.859524480998516 ], [ -8091760.252169808372855, -5879007.949624747037888 ], [ -7987925.001705209724605, -6019333.236952328123152 ], [ -7881656.551904325373471, -6157824.977065342478454 ], [ -7772987.273166408762336, -6294440.984038153663278 ], [ -7661950.267206467688084, -6429139.64331160672009 ], [ -7548579.356972157023847, -6561879.9243692336604 ], [ -7432909.076340981759131, -6692621.393235540017486 ], [ -7314974.659600946120918, -6821324.224792586639524 ], [ -7194812.030717845074832, -6947949.214911110699177 ], [ -7072457.792392479255795, -7072457.792392476461828 ], [ -6947949.214911112561822, -7194812.030717843212187 ], [ -6821324.224792589433491, -7314974.659600944258273 ], [ -6692621.393235541880131, -7432909.076340979896486 ], [ -6561879.924369235523045, -7548579.356972155161202 ], [ -6429139.643311608582735, -7661950.267206466756761 ], [ -6294440.984038155525923, -7772987.273166406899691 ], [ -6157824.977065345272422, -7881656.551904323510826 ], [ -6019333.236952329985797, -7987925.00170520786196 ], [ -5879007.949624748900533, -8091760.25216980651021 ], [ -5736891.859524482861161, -8193130.674074952490628 ], [ -5593028.256589287891984, -8292005.389008135534823 ], [ -5447460.963066252879798, -8388354.278773366473615 ], [ -5300234.32016312982887, -8482147.994565472006798 ], [ -5151393.174541560932994, -8573357.965910019353032 ], [ -5000982.864656360819936, -8661956.409366166219115 ], [ -5056270.058935260400176, -8757716.638865150511265 ], [ -5111557.591342428699136, -8853477.454019477590919 ], [ -5166845.799604505300522, -8949239.439788842573762 ], [ -5222135.020645312033594, -9045003.179742425680161 ], [ -5277425.590185541659594, -9140769.255365524441004 ], [ -5332717.842343767173588, -9236538.245368480682373 ], [ -5388012.109239207580686, -9332310.724998656660318 ], [ -5443308.720596677623689, -9428087.265356184914708 ], [ -5498608.003354180604219, -9523868.4327142983675 ], [ -5553910.281273547559977, -9619654.787844937294722 ], [ -5609215.874554579146206, -9715446.885350422933698 ], [ -5664525.09945310279727, -9811245.273001920431852 ], [ -5719838.267903377301991, -9907050.491085410118103 ], [ -5775155.687145273201168, -10002863.071755962446332 ], [ -5830477.659356634132564, -10098683.538400953635573 ], [ -5885804.481291244737804, -10194512.405013015493751 ], [ -5941136.443922822363675, -10290350.175573410466313 ], [ -5996473.832095417194068, -10386197.34344650618732 ], [ -6051816.924180652946234, -10482054.390786096453667 ], [ -6107165.991742177866399, -10577921.787954220548272 ], [ -6162521.299207733012736, -10673799.992953158915043 ], [ -6217883.103549213148654, -10769689.450871290639043 ], [ -6273251.653971111401916, -10865590.593343457207084 ], [ -6328627.191607709042728, -10961503.838026486337185 ], [ -6384009.949229373596609, -11057429.588090481236577 ], [ -6439400.150958326645195, -11153368.231726517900825 ], [ -6494798.011994238011539, -11249320.141671357676387 ], [ -6550203.738349972292781, -11345285.674749746918678 ], [ -6605617.526597820222378, -11441265.171434883028269 ], [ -6661039.563626552931964, -11537258.955427611246705 ], [ -6861377.987499854527414, -11419250.605247493833303 ], [ -7059626.369170502759516, -11297763.840712254866958 ], [ -7255724.320260966196656, -11172835.667867239564657 ], [ -7449612.107435697689652, -11044504.141044100746512 ], [ -7641230.670596490614116, -10912808.351269086822867 ], [ -7830521.640872756950557, -10777788.414355527609587 ], [ -8017427.358401247300208, -10639485.458684176206589 ], [ -8201890.889889805577695, -10497941.612675098702312 ], [ -8383856.045959802344441, -10353199.991954956203699 ], [ -8563267.398261960595846, -10205304.68622356466949 ], [ -8740070.2963603772223, -10054300.745823742821813 ], [ -8914210.884379560127854, -9900234.168018544092774 ], [ -9085636.117409460246563, -9743151.882980044931173 ], [ -9254293.77766346372664, -9583101.73949395865202 ], [ -9420132.490384435281157, -9420132.490384431555867 ], [ -9583101.739493960514665, -9254293.777663461863995 ], [ -9743151.882980046793818, -9085636.117409456521273 ], [ -9900234.16801854595542, -8914210.884379556402564 ], [ -10054300.745823744684458, -8740070.296360373497009 ], [ -10205304.686223566532135, -8563267.398261958733201 ], [ -10353199.991954958066344, -8383856.045959799550474 ], [ -10497941.612675100564957, -8201890.889889802783728 ], [ -10639485.458684178069234, -8017427.35840124450624 ], [ -10777788.414355529472232, -7830521.64087275415659 ], [ -10912808.351269088685513, -7641230.670596487820148 ], [ -11044504.141044102609158, -7449612.107435693964362 ], [ -11172835.667867241427302, -7255724.320260963402689 ], [ -11297763.840712258592248, -7059626.369170499034226 ], [ -11419250.605247495695949, -6861377.987499852664769 ], [ -11537258.955427611246705, -6661039.563626551069319 ], [ -11441265.171434883028269, -6605617.526597818359733 ], [ -11345285.674749746918678, -6550203.738349970430136 ], [ -11249320.141671357676387, -6494798.011994236148894 ], [ -11153368.23172651976347, -6439400.15095832478255 ], [ -11057429.588090483099222, -6384009.949229371733963 ], [ -10961503.83802648819983, -6328627.191607707180083 ], [ -10865590.593343457207084, -6273251.65397110953927 ], [ -10769689.450871290639043, -6217883.103549211286008 ], [ -10673799.992953160777688, -6162521.299207731150091 ], [ -10577921.787954222410917, -6107165.991742176003754 ], [ -10482054.390786098316312, -6051816.924180651083589 ], [ -10386197.34344650618732, -5996473.832095415331423 ], [ -10290350.175573410466313, -5941136.443922820501029 ], [ -10194512.405013015493751, -5885804.481291242875159 ], [ -10098683.538400955498219, -5830477.659356632269919 ], [ -10002863.071755964308977, -5775155.687145271338522 ], [ -9907050.491085411980748, -5719838.267903375439346 ], [ -9811245.273001920431852, -5664525.099453100934625 ], [ -9715446.885350424796343, -5609215.874554577283561 ], [ -9619654.787844937294722, -5553910.281273545697331 ], [ -9523868.432714300230145, -5498608.003354178741574 ], [ -9428087.265356186777353, -5443308.720596675761044 ], [ -9332310.724998658522964, -5388012.10923920571804 ], [ -9236538.245368482545018, -5332717.842343765310943 ], [ -9140769.255365524441004, -5277425.590185539796948 ], [ -9045003.179742427542806, -5222135.020645310170949 ], [ -8949239.439788844436407, -5166845.799604503437877 ], [ -8853477.454019477590919, -5111557.591342426836491 ], [ -8757716.63886515237391, -5056270.058935258537531 ], [ -8661956.40936616808176, -5000982.864656359888613 ] ] ] } },
{ "type": "Feature", "properties": { "ObjectID": 41, "WRLD30_ID": 42.0 }, "geometry": { "type": "Polygon", "coordinates": [ [ [ -5000982.864656360819936, -8661956.409366166219115 ], [ -4849049.206944978795946, -8747916.3369897659868 ], [ -4695638.481871366500854, -8831211.564554149284959 ], [ -4540797.419828504323959, -8911816.719526100903749 ], [ -4384573.186903869733214, -8989707.248794579878449 ], [ -4227013.370512190274894, -9064859.426149824634194 ], [ -4068165.96489985473454, -9137250.359510600566864 ], [ -3908079.356525402050465, -9206857.997897336259484 ], [ -3746802.309320537373424, -9273661.13814907707274 ], [ -3584383.949836164247245, -9337639.431382166221738 ], [ -3420873.752277964260429, -9398773.389188710600138 ], [ -3256321.523436072282493, -9457044.389572946354747 ], [ -3090777.387513446621597, -9512434.682623671367764 ], [ -2924291.770857552066445, -9564927.395921045914292 ], [ -2756915.386600003112108, -9614506.539676090702415 ], [ -2588699.219208856578916, -9661157.011601334437728 ], [ -2419694.508958247024566, -9704864.601511113345623 ], [ -2249952.73632010165602, -9745615.995650138705969 ], [ -2079525.606282691704109, -9783398.780748987570405 ], [ -1908465.032600791193545, -9818201.447805307805538 ], [ -1736823.121982244309038, -9850013.39558957144618 ], [ -1564652.158215758390725, -9878824.933874318376184 ], [ -1392004.586244754260406, -9904627.2863858807832 ], [ -1218932.996192128630355, -9927412.593477731570601 ], [ -1045490.107340793823823, -9947173.914524601772428 ], [ -871728.752074872958474, -9963905.230036672204733 ], [ -697701.859786444110796, -9977601.443493155762553 ], [ -523462.440752734488342, -9988258.382894756272435 ], [ -349063.569988677103538, -9995872.802034493535757 ], [ -174558.371079746459145, -10000442.381486538797617 ], [ 0.0, -10001965.729312721639872 ], [ 0.0, -10112540.117870518937707 ], [ 0.0, -10223115.182684855535626 ], [ 0.0, -10333691.599209008738399 ], [ 0.0, -10444270.041290622204542 ], [ 0.0, -10554851.180371081456542 ], [ 0.0, -10665435.684687532484531 ], [ 0.0, -10776024.218478413298726 ], [ 0.0, -10886617.441193353384733 ], [ 0.0, -10997216.006708359345794 ], [ 0.0, -11107820.562547093257308 ], [ 0.0, -11218431.749109156429768 ], [ 0.0, -11329050.198906203731894 ], [ 0.0, -11439676.535806752741337 ], [ 0.0, -11550311.37429054453969 ], [ 0.0, -11660955.318713266402483 ], [ 0.0, -11771608.962582487612963 ], [ 0.0, -11882272.887845642864704 ], [ 0.0, -11992947.664190832525492 ], [ 0.0, -12103633.848361304029822 ], [ 0.0, -12214331.983484353870153 ], [ 0.0, -12325042.598415464162827 ], [ 0.0, -12435766.207098424434662 ], [ 0.0, -12546503.307942220941186 ], [ 0.0, -12657254.383215416222811 ], [ 0.0, -12768019.898458745330572 ], [ 0.0, -12878800.301916651427746 ], [ 0.0, -12989596.023988474160433 ], [ 0.0, -13100407.476699942722917 ], [ 0.0, -13211235.05319563858211 ], [ 0.0, -13322079.127253104001284 ], [ -232502.339518472435884, -13320050.110075084492564 ], [ -464933.856572026794311, -13313963.676599312573671 ], [ -697223.750268953968771, -13303821.680812386795878 ], [ -929301.262857391033322, -13289627.2120644710958 ], [ -1161095.701278818072751, -13271384.594128251075745 ], [ -1392536.458701849449426, -13249099.38388186879456 ], [ -1623553.036029756302014, -13222778.369616249576211 ], [ -1854075.063375177094713, -13192429.568967316299677 ], [ -2084032.321495465235785, -13158062.226473739370704 ], [ -2313354.763182151596993, -13119686.810760967433453 ], [ -2541972.534598002210259, -13077315.011352377012372 ], [ -2769815.996555172838271, -13030959.735108535736799 ], [ -2996815.745727982837707, -12980635.102295637130737 ], [ -3222902.635793838649988, -12926356.442284343764186 ], [ -3448007.798495871946216, -12868140.288880303502083 ], [ -3672062.664620882365853, -12806004.375287797302008 ], [ -3894998.984886179678142, -12739967.628708027303219 ], [ -4116748.85072897747159, -12670050.164573715999722 ], [ -4337244.71499200258404, -12596273.280421745032072 ], [ -4556419.412499006837606, -12518659.449405716732144 ], [ -4774206.180513938888907, -12437232.313450422137976 ], [ -4990538.679077512584627, -12352016.676050275564194 ], [ -5205351.011215005069971, -12263038.494713932275772 ], [ -5418577.743009114637971, -12170324.873057378455997 ], [ -5630153.923531762324274, -12073904.05254790559411 ], [ -5840015.104628775268793, -11973805.403901491314173 ], [ -6048097.36055142339319, -11870059.41813619248569 ], [ -6254337.3074288116768, -11762697.697284281253815 ], [ -6458672.122575231827796, -11651752.944765966385603 ], [ -6661039.563626552931964, -11537258.955427611246705 ], [ -6605617.526597820222378, -11441265.171434883028269 ], [ -6550203.738349972292781, -11345285.674749746918678 ], [ -6494798.011994238011539, -11249320.141671357676387 ], [ -6439400.150958326645195, -11153368.231726517900825 ], [ -6384009.949229373596609, -11057429.588090481236577 ], [ -6328627.191607709042728, -10961503.838026486337185 ], [ -6273251.653971111401916, -10865590.593343457207084 ], [ -6217883.103549213148654, -10769689.450871290639043 ], [ -6162521.299207733012736, -10673799.992953158915043 ], [ -6107165.991742177866399, -10577921.787954220548272 ], [ -6051816.924180652946234, -10482054.390786096453667 ], [ -5996473.832095417194068, -10386197.34344650618732 ], [ -5941136.443922822363675, -10290350.175573410466313 ], [ -5885804.481291244737804, -10194512.405013015493751 ], [ -5830477.659356634132564, -10098683.538400953635573 ], [ -5775155.687145273201168, -10002863.071755962446332 ], [ -5719838.267903377301991, -9907050.491085410118103 ], [ -5664525.09945310279727, -9811245.273001920431852 ], [ -5609215.874554579146206, -9715446.885350422933698 ], [ -5553910.281273547559977, -9619654.787844937294722 ], [ -5498608.003354180604219, -9523868.4327142983675 ], [ -5443308.720596677623689, -9428087.265356184914708 ], [ -5388012.109239207580686, -9332310.724998656660318 ], [ -5332717.842343767173588, -9236538.245368480682373 ], [ -5277425.590185541659594, -9140769.255365524441004 ], [ -5222135.020645312033594, -9045003.179742425680161 ], [ -5166845.799604505300522, -8949239.439788842573762 ], [ -5111557.591342428699136, -8853477.454019477590919 ], [ -5056270.058935260400176, -8757716.638865150511265 ], [ -5000982.864656360819936, -8661956.409366166219115 ] ] ] } },
{ "type": "Feature", "properties": { "ObjectID": 42, "WRLD30_ID": 43.0 }, "geometry": { "type": "Polygon", "coordinates": [ [ [ 0.0, -10001965.729312721639872 ], [ 174558.371079746459145, -10000442.381486538797617 ], [ 349063.569988677103538, -9995872.802034493535757 ], [ 523462.440752734488342, -9988258.382894756272435 ], [ 697701.859786444110796, -9977601.443493155762553 ], [ 871728.752074872958474, -9963905.230036672204733 ], [ 1045490.107340793823823, -9947173.914524601772428 ], [ 1218932.996192128630355, -9927412.593477731570601 ], [ 1392004.586244754260406, -9904627.2863858807832 ], [ 1564652.158215758390725, -9878824.933874318376184 ], [ 1736823.121982244309038, -9850013.39558957144618 ], [ 1908465.032600791193545, -9818201.447805307805538 ], [ 2079525.606282691704109, -9783398.780748987570405 ], [ 2249952.73632010165602, -9745615.995650138705969 ], [ 2419694.508958247024566, -9704864.601511113345623 ], [ 2588699.219208856578916, -9661157.011601334437728 ], [ 2756915.386600003112108, -9614506.539676090702415 ], [ 2924291.770857552066445, -9564927.395921045914292 ], [ 3090777.387513446621597, -9512434.682623671367764 ], [ 3256321.523436072282493, -9457044.389572946354747 ], [ 3420873.752277964260429, -9398773.389188710600138 ], [ 3584383.949836164247245, -9337639.431382166221738 ], [ 3746802.309320537373424, -9273661.13814907707274 ], [ 3908079.356525402050465, -9206857.997897336259484 ], [ 4068165.96489985473454, -9137250.359510600566864 ], [ 4227013.370512190274894, -9064859.426149824634194 ], [ 4384573.186903869733214, -8989707.248794579878449 ], [ 4540797.419828504323959, -8911816.719526100903749 ], [ 4695638.481871366500854, -8831211.564554149284959 ], [ 4849049.206944978795946, -8747916.3369897659868 ], [ 5000982.864656360819936, -8661956.409366166219115 ], [ 5056270.058935260400176, -8757716.638865150511265 ], [ 5111557.591342428699136, -8853477.454019477590919 ], [ 5166845.799604505300522, -8949239.439788842573762 ], [ 5222135.020645312033594, -9045003.179742425680161 ], [ 5277425.590185541659594, -9140769.255365524441004 ], [ 5332717.842343767173588, -9236538.245368480682373 ], [ 5388012.109239207580686, -9332310.724998656660318 ], [ 5443308.720596677623689, -9428087.265356184914708 ], [ 5498608.003354180604219, -9523868.4327142983675 ], [ 5553910.281273547559977, -9619654.787844937294722 ], [ 5609215.874554579146206, -9715446.885350422933698 ], [ 5664525.09945310279727, -9811245.273001920431852 ], [ 5719838.267903377301991, -9907050.491085410118103 ], [ 5775155.687145273201168, -10002863.071755962446332 ], [ 5830477.659356634132564, -10098683.538400953635573 ], [ 5885804.481291244737804, -10194512.405013015493751 ], [ 5941136.443922822363675, -10290350.175573410466313 ], [ 5996473.832095417194068, -10386197.34344650618732 ], [ 6051816.924180652946234, -10482054.390786096453667 ], [ 6107165.991742177866399, -10577921.787954220548272 ], [ 6162521.299207733012736, -10673799.992953158915043 ], [ 6217883.103549213148654, -10769689.450871290639043 ], [ 6273251.653971111401916, -10865590.593343457207084 ], [ 6328627.191607709042728, -10961503.838026486337185 ], [ 6384009.949229373596609, -11057429.588090481236577 ], [ 6439400.150958326645195, -11153368.231726517900825 ], [ 6494798.011994238011539, -11249320.141671357676387 ], [ 6550203.738349972292781, -11345285.674749746918678 ], [ 6605617.526597820222378, -11441265.171434883028269 ], [ 6661039.563626552931964, -11537258.955427611246705 ], [ 6458672.122575231827796, -11651752.944765966385603 ], [ 6254337.3074288116768, -11762697.697284281253815 ], [ 6048097.36055142339319, -11870059.41813619248569 ], [ 5840015.104628775268793, -11973805.403901491314173 ], [ 5630153.923531762324274, -12073904.05254790559411 ], [ 5418577.743009114637971, -12170324.873057378455997 ], [ 5205351.011215005069971, -12263038.494713932275772 ], [ 4990538.679077512584627, -12352016.676050275564194 ], [ 4774206.180513938888907, -12437232.313450422137976 ], [ 4556419.412499006837606, -12518659.449405716732144 ], [ 4337244.71499200258404, -12596273.280421745032072 ], [ 4116748.85072897747159, -12670050.164573715999722 ], [ 3894998.984886179678142, -12739967.628708027303219 ], [ 3672062.664620882365853, -12806004.375287797302008 ], [ 3448007.798495871946216, -12868140.288880303502083 ], [ 3222902.635793838649988, -12926356.442284343764186 ], [ 2996815.745727982837707, -12980635.102295637130737 ], [ 2769815.996555172838271, -13030959.735108535736799 ], [ 2541972.534598002210259, -13077315.011352377012372 ], [ 2313354.763182151596993, -13119686.810760967433453 ], [ 2084032.321495465235785, -13158062.226473739370704 ], [ 1854075.063375177094713, -13192429.568967316299677 ], [ 1623553.036029756302014, -13222778.369616249576211 ], [ 1392536.458701849449426, -13249099.38388186879456 ], [ 1161095.701278818072751, -13271384.594128251075745 ], [ 929301.262857391033322, -13289627.2120644710958 ], [ 697223.750268953968771, -13303821.680812386795878 ], [ 464933.856572026794311, -13313963.676599312573671 ], [ 232502.339518472435884, -13320050.110075084492564 ], [ 0.0, -13322079.127253104001284 ], [ 0.0, -13211235.05319563858211 ], [ 0.0, -13100407.476699942722917 ], [ 0.0, -12989596.023988474160433 ], [ 0.0, -12878800.301916651427746 ], [ 0.0, -12768019.898458745330572 ], [ 0.0, -12657254.383215416222811 ], [ 0.0, -12546503.307942220941186 ], [ 0.0, -12435766.207098424434662 ], [ 0.0, -12325042.598415464162827 ], [ 0.0, -12214331.983484353870153 ], [ 0.0, -12103633.848361304029822 ], [ 0.0, -11992947.664190832525492 ], [ 0.0, -11882272.887845642864704 ], [ 0.0, -11771608.962582487612963 ], [ 0.0, -11660955.318713266402483 ], [ 0.0, -11550311.37429054453969 ], [ 0.0, -11439676.535806752741337 ], [ 0.0, -11329050.198906203731894 ], [ 0.0, -11218431.749109156429768 ], [ 0.0, -11107820.562547093257308 ], [ 0.0, -10997216.006708359345794 ], [ 0.0, -10886617.441193353384733 ], [ 0.0, -10776024.218478413298726 ], [ 0.0, -10665435.684687532484531 ], [ 0.0, -10554851.180371081456542 ], [ 0.0, -10444270.041290622204542 ], [ 0.0, -10333691.599209008738399 ], [ 0.0, -10223115.182684855535626 ], [ 0.0, -10112540.117870518937707 ], [ 0.0, -10001965.729312721639872 ] ] ] } },
{ "type": "Feature", "properties": { "ObjectID": 43, "WRLD30_ID": 44.0 }, "geometry": { "type": "Polygon", "coordinates": [ [ [ 5000982.864656360819936, -8661956.409366166219115 ], [ 5151393.174541560932994, -8573357.965910019353032 ], [ 5300234.32016312982887, -8482147.994565472006798 ], [ 5447460.963066252879798, -8388354.278773366473615 ], [ 5593028.256589287891984, -8292005.389008135534823 ], [ 5736891.859524482861161, -8193130.674074952490628 ], [ 5879007.949624748900533, -8091760.25216980651021 ], [ 6019333.236952329985797, -7987925.00170520786196 ], [ 6157824.977065345272422, -7881656.551904323510826 ], [ 6294440.984038155525923, -7772987.273166406899691 ], [ 6429139.643311608582735, -7661950.267206466756761 ], [ 6561879.924369235523045, -7548579.356972155161202 ], [ 6692621.393235541880131, -7432909.076340979896486 ], [ 6821324.224792589433491, -7314974.659600944258273 ], [ 6947949.214911112561822, -7194812.030717843212187 ], [ 7072457.792392479255795, -7072457.792392476461828 ], [ 7194812.030717845074832, -6947949.214911110699177 ], [ 7314974.659600946120918, -6821324.224792586639524 ], [ 7432909.076340981759131, -6692621.393235540017486 ], [ 7548579.356972157023847, -6561879.9243692336604 ], [ 7661950.267206467688084, -6429139.64331160672009 ], [ 7772987.273166408762336, -6294440.984038153663278 ], [ 7881656.551904325373471, -6157824.977065342478454 ], [ 7987925.001705209724605, -6019333.236952328123152 ], [ 8091760.252169808372855, -5879007.949624747037888 ], [ 8193130.67407495342195, -5736891.859524480998516 ], [ 8292005.389008137397468, -5593028.256589285098016 ], [ 8388354.27877336833626, -5447460.963066251017153 ], [ 8482147.994565473869443, -5300234.32016312610358 ], [ 8573357.965910019353032, -5151393.174541560001671 ], [ 8661956.40936616808176, -5000982.864656359888613 ], [ 8757716.63886515237391, -5056270.058935258537531 ], [ 8853477.454019477590919, -5111557.591342426836491 ], [ 8949239.439788844436407, -5166845.799604503437877 ], [ 9045003.179742427542806, -5222135.020645310170949 ], [ 9140769.255365524441004, -5277425.590185539796948 ], [ 9236538.245368482545018, -5332717.842343765310943 ], [ 9332310.724998658522964, -5388012.10923920571804 ], [ 9428087.265356186777353, -5443308.720596675761044 ], [ 9523868.432714300230145, -5498608.003354178741574 ], [ 9619654.787844937294722, -5553910.281273545697331 ], [ 9715446.885350424796343, -5609215.874554577283561 ], [ 9811245.273001920431852, -5664525.099453100934625 ], [ 9907050.491085411980748, -5719838.267903375439346 ], [ 10002863.071755964308977, -5775155.687145271338522 ], [ 10098683.538400955498219, -5830477.659356632269919 ], [ 10194512.405013015493751, -5885804.481291242875159 ], [ 10290350.175573410466313, -5941136.443922820501029 ], [ 10386197.34344650618732, -5996473.832095415331423 ], [ 10482054.390786098316312, -6051816.924180651083589 ], [ 10577921.787954222410917, -6107165.991742176003754 ], [ 10673799.992953160777688, -6162521.299207731150091 ], [ 10769689.450871290639043, -6217883.103549211286008 ], [ 10865590.593343457207084, -6273251.65397110953927 ], [ 10961503.83802648819983, -6328627.191607707180083 ], [ 11057429.588090483099222, -6384009.949229371733963 ], [ 11153368.23172651976347, -6439400.15095832478255 ], [ 11249320.141671357676387, -6494798.011994236148894 ], [ 11345285.674749746918678, -6550203.738349970430136 ], [ 11441265.171434883028269, -6605617.526597818359733 ], [ 11537258.955427611246705, -6661039.563626551069319 ], [ 11419250.605247495695949, -6861377.987499852664769 ], [ 11297763.840712258592248, -7059626.369170499034226 ], [ 11172835.667867241427302, -7255724.320260963402689 ], [ 11044504.141044102609158, -7449612.107435693964362 ], [ 10912808.351269088685513, -7641230.670596487820148 ], [ 10777788.414355529472232, -7830521.64087275415659 ], [ 10639485.458684178069234, -8017427.35840124450624 ], [ 10497941.612675100564957, -8201890.889889802783728 ], [ 10353199.991954958066344, -8383856.045959799550474 ], [ 10205304.686223566532135, -8563267.398261958733201 ], [ 10054300.745823744684458, -8740070.296360373497009 ], [ 9900234.16801854595542, -8914210.884379556402564 ], [ 9743151.882980046793818, -9085636.117409456521273 ], [ 9583101.739493960514665, -9254293.777663461863995 ], [ 9420132.490384435281157, -9420132.490384431555867 ], [ 9254293.77766346372664, -9583101.73949395865202 ], [ 9085636.117409460246563, -9743151.882980044931173 ], [ 8914210.884379560127854, -9900234.168018544092774 ], [ 8740070.2963603772223, -10054300.745823742821813 ], [ 8563267.398261960595846, -10205304.68622356466949 ], [ 8383856.045959802344441, -10353199.991954956203699 ], [ 8201890.889889805577695, -10497941.612675098702312 ], [ 8017427.358401247300208, -10639485.458684176206589 ], [ 7830521.640872756950557, -10777788.414355527609587 ], [ 7641230.670596490614116, -10912808.351269086822867 ], [ 7449612.107435697689652, -11044504.141044100746512 ], [ 7255724.320260966196656, -11172835.667867239564657 ], [ 7059626.369170502759516, -11297763.840712254866958 ], [ 6861377.987499854527414, -11419250.605247493833303 ], [ 6661039.563626552931964, -11537258.955427611246705 ], [ 6605617.526597820222378, -11441265.171434883028269 ], [ 6550203.738349972292781, -11345285.674749746918678 ], [ 6494798.011994238011539, -11249320.141671357676387 ], [ 6439400.150958326645195, -11153368.231726517900825 ], [ 6384009.949229373596609, -11057429.588090481236577 ], [ 6328627.191607709042728, -10961503.838026486337185 ], [ 6273251.653971111401916, -10865590.593343457207084 ], [ 6217883.103549213148654, -10769689.450871290639043 ], [ 6162521.299207733012736, -10673799.992953158915043 ], [ 6107165.991742177866399, -10577921.787954220548272 ], [ 6051816.924180652946234, -10482054.390786096453667 ], [ 5996473.832095417194068, -10386197.34344650618732 ], [ 5941136.443922822363675, -10290350.175573410466313 ], [ 5885804.481291244737804, -10194512.405013015493751 ], [ 5830477.659356634132564, -10098683.538400953635573 ], [ 5775155.687145273201168, -10002863.071755962446332 ], [ 5719838.267903377301991, -9907050.491085410118103 ], [ 5664525.09945310279727, -9811245.273001920431852 ], [ 5609215.874554579146206, -9715446.885350422933698 ], [ 5553910.281273547559977, -9619654.787844937294722 ], [ 5498608.003354180604219, -9523868.4327142983675 ], [ 5443308.720596677623689, -9428087.265356184914708 ], [ 5388012.109239207580686, -9332310.724998656660318 ], [ 5332717.842343767173588, -9236538.245368480682373 ], [ 5277425.590185541659594, -9140769.255365524441004 ], [ 5222135.020645312033594, -9045003.179742425680161 ], [ 5166845.799604505300522, -8949239.439788842573762 ], [ 5111557.591342428699136, -8853477.454019477590919 ], [ 5056270.058935260400176, -8757716.638865150511265 ], [ 5000982.864656360819936, -8661956.409366166219115 ] ] ] } },
{ "type": "Feature", "properties": { "ObjectID": 44, "WRLD30_ID": 45.0 }, "geometry": { "type": "Polygon", "coordinates": [ [ [ 8661956.40936616808176, -5000982.864656359888613 ], [ 8747916.3369897659868, -4849049.2069449769333 ], [ 8831211.564554149284959, -4695638.481871363706887 ], [ 8911816.719526102766395, -4540797.419828501529992 ], [ 8989707.248794579878449, -4384573.186903866939247 ], [ 9064859.42614982649684, -4227013.370512187480927 ], [ 9137250.359510602429509, -4068165.964899851940572 ], [ 9206857.997897338122129, -3908079.356525399256498 ], [ 9273661.138149078935385, -3746802.309320534113795 ], [ 9337639.431382168084383, -3584383.949836160987616 ], [ 9398773.389188710600138, -3420873.752277962863445 ], [ 9457044.389572946354747, -3256321.523436070419848 ], [ 9512434.68262367323041, -3090777.387513444758952 ], [ 9564927.395921047776937, -2924291.770857549272478 ], [ 9614506.53967609256506, -2756915.38660000031814 ], [ 9661157.011601334437728, -2588699.219208853784949 ], [ 9704864.601511115208268, -2419694.508958244230598 ], [ 9745615.995650140568614, -2249952.736320098396391 ], [ 9783398.780748987570405, -2079525.60628268821165 ], [ 9818201.447805307805538, -1908465.032600787468255 ], [ 9850013.395589573308825, -1736823.121982242679223 ], [ 9878824.933874318376184, -1564652.15821575652808 ], [ 9904627.2863858807832, -1392004.58624475216493 ], [ 9927412.593477731570601, -1218932.996192126302049 ], [ 9947173.914524601772428, -1045490.107340791262686 ], [ 9963905.230036672204733, -871728.752074870164506 ], [ 9977601.443493155762553, -697701.859786441083997 ], [ 9988258.382894756272435, -523462.440752731286921 ], [ 9995872.802034493535757, -349063.569988673727494 ], [ 10000442.381486538797617, -174558.37107974285027 ], [ 10001965.729312721639872, 0.000000003829342 ], [ 10112540.117870518937707, 0.000000003871676 ], [ 10223115.182684855535626, 0.000000003914011 ], [ 10333691.599209008738399, 0.000000003956346 ], [ 10444270.041290622204542, 0.000000003998682 ], [ 10554851.180371081456542, 0.000000004041019 ], [ 10665435.684687532484531, 0.000000004083357 ], [ 10776024.218478413298726, 0.000000004125697 ], [ 10886617.441193353384733, 0.000000004168038 ], [ 10997216.006708359345794, 0.000000004210382 ], [ 11107820.562547093257308, 0.000000004252728 ], [ 11218431.749109156429768, 0.000000004295076 ], [ 11329050.198906203731894, 0.000000004337428 ], [ 11439676.535806752741337, 0.000000004379782 ], [ 11550311.37429054453969, 0.000000004422139 ], [ 11660955.318713266402483, 0.0000000044645 ], [ 11771608.962582487612963, 0.000000004506865 ], [ 11882272.887845642864704, 0.000000004549234 ], [ 11992947.664190832525492, 0.000000004591607 ], [ 12103633.848361304029822, 0.000000004633984 ], [ 12214331.983484353870153, 0.000000004676366 ], [ 12325042.598415464162827, 0.000000004718752 ], [ 12435766.207098424434662, 0.000000004761144 ], [ 12546503.307942220941186, 0.00000000480354 ], [ 12657254.383215416222811, 0.000000004845942 ], [ 12768019.898458745330572, 0.00000000488835 ], [ 12878800.301916651427746, 0.000000004930763 ], [ 12989596.023988474160433, 0.000000004973182 ], [ 13100407.476699942722917, 0.000000005015607 ], [ 13211235.05319563858211, 0.000000005058039 ], [ 13322079.127253104001284, 0.000000005100476 ], [ 13320050.110075084492564, -232502.339518467604648 ], [ 13313963.676599312573671, -464933.856572022254113 ], [ 13303821.680812386795878, -697223.750268949661404 ], [ 13289627.2120644710958, -929301.262857387075201 ], [ 13271384.594128251075745, -1161095.701278814580292 ], [ 13249099.383881870657206, -1392536.458701845956966 ], [ 13222778.369616251438856, -1623553.036029753042385 ], [ 13192429.568967316299677, -1854075.063375174300745 ], [ 13158062.226473739370704, -2084032.321495462907478 ], [ 13119686.810760967433453, -2313354.763182149734348 ], [ 13077315.011352378875017, -2541972.534597997087985 ], [ 13030959.735108535736799, -2769815.996555168181658 ], [ 12980635.102295637130737, -2996815.745727978646755 ], [ 12926356.442284343764186, -3222902.635793834459037 ], [ 12868140.288880305364728, -3448007.798495868220925 ], [ 12806004.375287799164653, -3672062.664620879106224 ], [ 12739967.628708029165864, -3894998.984886176418513 ], [ 12670050.164573717862368, -4116748.850728974677622 ], [ 12596273.280421745032072, -4337244.714991999790072 ], [ 12518659.449405716732144, -4556419.412499004974961 ], [ 12437232.313450424000621, -4774206.180513934232295 ], [ 12352016.676050277426839, -4990538.679077507928014 ], [ 12263038.494713934138417, -5205351.011215001344681 ], [ 12170324.873057380318642, -5418577.743009110912681 ], [ 12073904.052547907456756, -5630153.923531758598983 ], [ 11973805.403901493176818, -5840015.104628772474825 ], [ 11870059.418136194348335, -6048097.3605514196679 ], [ 11762697.69728428311646, -6254337.307428808882833 ], [ 11651752.944765968248248, -6458672.122575229033828 ], [ 11537258.955427611246705, -6661039.563626551069319 ], [ 11441265.171434883028269, -6605617.526597818359733 ], [ 11345285.674749746918678, -6550203.738349970430136 ], [ 11249320.141671357676387, -6494798.011994236148894 ], [ 11153368.23172651976347, -6439400.15095832478255 ], [ 11057429.588090483099222, -6384009.949229371733963 ], [ 10961503.83802648819983, -6328627.191607707180083 ], [ 10865590.593343457207084, -6273251.65397110953927 ], [ 10769689.450871290639043, -6217883.103549211286008 ], [ 10673799.992953160777688, -6162521.299207731150091 ], [ 10577921.787954222410917, -6107165.991742176003754 ], [ 10482054.390786098316312, -6051816.924180651083589 ], [ 10386197.34344650618732, -5996473.832095415331423 ], [ 10290350.175573410466313, -5941136.443922820501029 ], [ 10194512.405013015493751, -5885804.481291242875159 ], [ 10098683.538400955498219, -5830477.659356632269919 ], [ 10002863.071755964308977, -5775155.687145271338522 ], [ 9907050.491085411980748, -5719838.267903375439346 ], [ 9811245.273001920431852, -5664525.099453100934625 ], [ 9715446.885350424796343, -5609215.874554577283561 ], [ 9619654.787844937294722, -5553910.281273545697331 ], [ 9523868.432714300230145, -5498608.003354178741574 ], [ 9428087.265356186777353, -5443308.720596675761044 ], [ 9332310.724998658522964, -5388012.10923920571804 ], [ 9236538.245368482545018, -5332717.842343765310943 ], [ 9140769.255365524441004, -5277425.590185539796948 ], [ 9045003.179742427542806, -5222135.020645310170949 ], [ 8949239.439788844436407, -5166845.799604503437877 ], [ 8853477.454019477590919, -5111557.591342426836491 ], [ 8757716.63886515237391, -5056270.058935258537531 ], [ 8661956.40936616808176, -5000982.864656359888613 ] ] ] } },
{ "type": "Feature", "properties": { "ObjectID": 45, "WRLD30_ID": 46.0 }, "geometry": { "type": "Polygon", "coordinates": [ [ [ 10001965.729312721639872, 0.000000003829342 ], [ 10000442.381486538797617, 174558.371079748263583 ], [ 9995872.802034493535757, 349063.569988679140806 ], [ 9988258.38289475440979, 523462.440752736700233 ], [ 9977601.443493155762553, 697701.859786446439102 ], [ 9963905.230036672204733, 871728.752074875636026 ], [ 9947173.914524601772428, 1045490.107340796734206 ], [ 9927412.593477729707956, 1218932.996192131657153 ], [ 9904627.2863858807832, 1392004.586244757520035 ], [ 9878824.933874318376184, 1564652.158215761883184 ], [ 9850013.39558957144618, 1736823.121982248034328 ], [ 9818201.447805305942893, 1908465.032600794918835 ], [ 9783398.780748987570405, 2079525.606282693566754 ], [ 9745615.995650138705969, 2249952.736320103984326 ], [ 9704864.601511113345623, 2419694.508958249352872 ], [ 9661157.011601332575083, 2588699.219208859372884 ], [ 9614506.539676090702415, 2756915.386600005440414 ], [ 9564927.395921045914292, 2924291.770857554394752 ], [ 9512434.682623671367764, 3090777.387513449881226 ], [ 9457044.389572944492102, 3256321.523436075542122 ], [ 9398773.389188708737493, 3420873.752277967985719 ], [ 9337639.431382164359093, 3584383.949836167972535 ], [ 9273661.13814907707274, 3746802.309320541098714 ], [ 9206857.997897336259484, 3908079.356525404378772 ], [ 9137250.359510598704219, 4068165.964899857062846 ], [ 9064859.426149824634194, 4227013.370512192137539 ], [ 8989707.248794578015804, 4384573.186903873458505 ], [ 8911816.719526100903749, 4540797.419828506186604 ], [ 8831211.564554149284959, 4695638.481871366500854 ], [ 8747916.336989764124155, 4849049.206944981589913 ], [ 8661956.409366166219115, 5000982.864656362682581 ], [ 8757716.638865150511265, 5056270.058935261331499 ], [ 8853477.454019475728273, 5111557.591342429630458 ], [ 8949239.439788842573762, 5166845.799604506231844 ], [ 9045003.179742425680161, 5222135.020645312964916 ], [ 9140769.255365524441004, 5277425.590185542590916 ], [ 9236538.245368480682373, 5332717.842343768104911 ], [ 9332310.724998656660318, 5388012.109239208512008 ], [ 9428087.265356184914708, 5443308.720596678555012 ], [ 9523868.4327142983675, 5498608.003354181535542 ], [ 9619654.787844935432076, 5553910.281273548491299 ], [ 9715446.885350422933698, 5609215.874554580077529 ], [ 9811245.273001918569207, 5664525.099453103728592 ], [ 9907050.491085410118103, 5719838.267903378233314 ], [ 10002863.071755962446332, 5775155.68714527413249 ], [ 10098683.538400953635573, 5830477.659356635063887 ], [ 10194512.405013013631105, 5885804.481291245669127 ], [ 10290350.175573408603668, 5941136.443922823294997 ], [ 10386197.343446504324675, 5996473.832095418125391 ], [ 10482054.390786096453667, 6051816.924180653877556 ], [ 10577921.787954220548272, 6107165.991742178797722 ], [ 10673799.992953157052398, 6162521.299207733944058 ], [ 10769689.450871288776398, 6217883.103549214079976 ], [ 10865590.593343455344439, 6273251.653971113264561 ], [ 10961503.838026486337185, 6328627.191607710905373 ], [ 11057429.588090481236577, 6384009.949229375459254 ], [ 11153368.231726517900825, 6439400.150958328507841 ], [ 11249320.141671355813742, 6494798.011994239874184 ], [ 11345285.674749745056033, 6550203.738349974155426 ], [ 11441265.171434881165624, 6605617.526597822085023 ], [ 11537258.95542760938406, 6661039.56362655479461 ], [ 11651752.944765964522958, 6458672.122575235553086 ], [ 11762697.697284281253815, 6254337.307428812608123 ], [ 11870059.418136190623045, 6048097.360551426187158 ], [ 11973805.403901489451528, 5840015.104628781788051 ], [ 12073904.052547903731465, 5630153.923531765118241 ], [ 12170324.873057376593351, 5418577.743009117431939 ], [ 12263038.494713930413127, 5205351.011215007863939 ], [ 12352016.676050273701549, 4990538.67907751724124 ], [ 12437232.313450420275331, 4774206.18051394354552 ], [ 12518659.449405714869499, 4556419.412499011494219 ], [ 12596273.280421743169427, 4337244.71499200630933 ], [ 12670050.164573715999722, 4116748.850728981662542 ], [ 12739967.628708027303219, 3894998.984886182937771 ], [ 12806004.375287797302008, 3672062.664620886091143 ], [ 12868140.288880303502083, 3448007.798495875205845 ], [ 12926356.442284343764186, 3222902.635793841443956 ], [ 12980635.102295635268092, 2996815.745727985631675 ], [ 13030959.735108533874154, 2769815.996555175632238 ], [ 13077315.011352377012372, 2541972.534598007332534 ], [ 13119686.810760965570807, 2313354.763182156719267 ], [ 13158062.226473737508059, 2084032.321495470125228 ], [ 13192429.568967314437032, 1854075.063375181518495 ], [ 13222778.369616249576211, 1623553.036029760260135 ], [ 13249099.38388186879456, 1392536.458701853174716 ], [ 13271384.594128251075745, 1161095.701278821798041 ], [ 13289627.2120644710958, 929301.262857394292951 ], [ 13303821.680812386795878, 697223.750268956879154 ], [ 13313963.676599312573671, 464933.856572029530071 ], [ 13320050.110075084492564, 232502.339518474851502 ], [ 13322079.127253104001284, 0.000000005100476 ], [ 13211235.05319563858211, 0.000000005058039 ], [ 13100407.476699942722917, 0.000000005015607 ], [ 12989596.023988474160433, 0.000000004973182 ], [ 12878800.301916651427746, 0.000000004930763 ], [ 12768019.898458745330572, 0.00000000488835 ], [ 12657254.383215416222811, 0.000000004845942 ], [ 12546503.307942220941186, 0.00000000480354 ], [ 12435766.207098424434662, 0.000000004761144 ], [ 12325042.598415464162827, 0.000000004718752 ], [ 12214331.983484353870153, 0.000000004676366 ], [ 12103633.848361304029822, 0.000000004633984 ], [ 11992947.664190832525492, 0.000000004591607 ], [ 11882272.887845642864704, 0.000000004549234 ], [ 11771608.962582487612963, 0.000000004506865 ], [ 11660955.318713266402483, 0.0000000044645 ], [ 11550311.37429054453969, 0.000000004422139 ], [ 11439676.535806752741337, 0.000000004379782 ], [ 11329050.198906203731894, 0.000000004337428 ], [ 11218431.749109156429768, 0.000000004295076 ], [ 11107820.562547093257308, 0.000000004252728 ], [ 10997216.006708359345794, 0.000000004210382 ], [ 10886617.441193353384733, 0.000000004168038 ], [ 10776024.218478413298726, 0.000000004125697 ], [ 10665435.684687532484531, 0.000000004083357 ], [ 10554851.180371081456542, 0.000000004041019 ], [ 10444270.041290622204542, 0.000000003998682 ], [ 10333691.599209008738399, 0.000000003956346 ], [ 10223115.182684855535626, 0.000000003914011 ], [ 10112540.117870518937707, 0.000000003871676 ], [ 10001965.729312721639872, 0.000000003829342 ] ] ] } },
{ "type": "Feature", "properties": { "ObjectID": 46, "WRLD30_ID": 47.0 }, "geometry": { "type": "Polygon", "coordinates": [ [ [ 8661956.409366166219115, 5000982.864656362682581 ], [ 8573357.965910017490387, 5151393.174541564658284 ], [ 8482147.994565470144153, 5300234.320163130760193 ], [ 8388354.27877336461097, 5447460.963066256605089 ], [ 8292005.3890081346035, 5593028.256589288823307 ], [ 8193130.67407494969666, 5736891.859524487517774 ], [ 8091760.252169804647565, 5879007.949624750763178 ], [ 7987925.001705205067992, 6019333.236952333711088 ], [ 7881656.55190432164818, 6157824.977065347135067 ], [ 7772987.273166406899691, 6294440.984038156457245 ], [ 7661950.267206463962793, 6429139.643311612308025 ], [ 7548579.356972154229879, 6561879.92436923738569 ], [ 7432909.076340977102518, 6692621.393235544674098 ], [ 7314974.65960094332695, 6821324.224792590364814 ], [ 7194812.03071784041822, 6947949.21491111535579 ], [ 7072457.792392475530505, 7072457.792392480187118 ], [ 6947949.214911106973886, 7194812.030717848800123 ], [ 6821324.224792584776878, 7314974.659600947983563 ], [ 6692621.393235536292195, 7432909.076340984553099 ], [ 6561879.924369231797755, 7548579.356972158886492 ], [ 6429139.64331160672009, 7661950.267206468619406 ], [ 6294440.98403815086931, 7772987.273166411556304 ], [ 6157824.977065341547132, 7881656.551904326304793 ], [ 6019333.236952324397862, 7987925.001705212518573 ], [ 5879007.949624745175242, 8091760.252169809304178 ], [ 5736891.859524478204548, 8193130.674074956215918 ], [ 5593028.256589283235371, 8292005.389008138328791 ], [ 5447460.963066247291863, 8388354.278773371130228 ], [ 5300234.320163125172257, 8482147.994565473869443 ], [ 5151393.174541554413736, 8573357.965910023078322 ], [ 5000982.864656356163323, 8661956.409366169944406 ], [ 5056270.058935254812241, 8757716.638865154236555 ], [ 5111557.5913424231112, 8853477.454019479453564 ], [ 5166845.799604499712586, 8949239.439788846299052 ], [ 5222135.020645306445658, 9045003.179742429405451 ], [ 5277425.590185536071658, 9140769.255365528166294 ], [ 5332717.842343761585653, 9236538.245368484407663 ], [ 5388012.10923920199275, 9332310.724998660385609 ], [ 5443308.720596672035754, 9428087.265356188639998 ], [ 5498608.003354175016284, 9523868.432714302092791 ], [ 5553910.281273541972041, 9619654.787844939157367 ], [ 5609215.874554573558271, 9715446.885350426658988 ], [ 5664525.099453097209334, 9811245.273001922294497 ], [ 5719838.267903371714056, 9907050.491085413843393 ], [ 5775155.687145267613232, 10002863.071755966171622 ], [ 5830477.659356628544629, 10098683.538400957360864 ], [ 5885804.481291239149868, 10194512.405013019219041 ], [ 5941136.443922816775739, 10290350.175573414191604 ], [ 5996473.832095411606133, 10386197.34344650991261 ], [ 6051816.924180646426976, 10482054.390786100178957 ], [ 6107165.991742171347141, 10577921.787954224273562 ], [ 6162521.299207726493478, 10673799.992953162640333 ], [ 6217883.103549206629395, 10769689.450871292501688 ], [ 6273251.653971104882658, 10865590.593343460932374 ], [ 6328627.19160770252347, 10961503.838026490062475 ], [ 6384009.949229367077351, 11057429.588090484961867 ], [ 6439400.150958320125937, 11153368.231726521626115 ], [ 6494798.011994231492281, 11249320.141671359539032 ], [ 6550203.738349965773523, 11345285.674749750643969 ], [ 6605617.52659781370312, 11441265.171434886753559 ], [ 6661039.563626546412706, 11537258.955427614971995 ], [ 6861377.987499846145511, 11419250.605247499421239 ], [ 7059626.369170497171581, 11297763.840712258592248 ], [ 7255724.320260957814753, 11172835.667867245152593 ], [ 7449612.107435692101717, 11044504.141044104471803 ], [ 7641230.670596483163536, 10912808.351269092410803 ], [ 7830521.640872752293944, 10777788.414355531334877 ], [ 8017427.358401239849627, 10639485.458684181794524 ], [ 8201890.889889800921082, 10497941.612675102427602 ], [ 8383856.045959795825183, 10353199.991954961791635 ], [ 8563267.398261958733201, 10205304.686223566532135 ], [ 8740070.296360371634364, 10054300.745823746547103 ], [ 8914210.884379550814629, 9900234.16801854968071 ], [ 9085636.117409454658628, 9743151.882980048656464 ], [ 9254293.777663456276059, 9583101.7394939661026 ], [ 9420132.490384429693222, 9420132.490384435281157 ], [ 9583101.739493954926729, 9254293.77766346745193 ], [ 9743151.882980043068528, 9085636.117409460246563 ], [ 9900234.168018540367484, 8914210.884379563853145 ], [ 10054300.745823740959167, 8740070.296360379084945 ], [ 10205304.6862235609442, 8563267.398261966183782 ], [ 10353199.991954956203699, 8383856.045959803275764 ], [ 10497941.612675094977021, 8201890.889889808371663 ], [ 10639485.458684172481298, 8017427.35840125195682 ], [ 10777788.414355525746942, 7830521.640872759744525 ], [ 10912808.351269083097577, 7641230.670596496202052 ], [ 11044504.141044098883867, 7449612.107435699552298 ], [ 11172835.667867235839367, 7255724.320260970853269 ], [ 11297763.840712253004313, 7059626.369170504622161 ], [ 11419250.605247491970658, 6861377.987499859184027 ], [ 11537258.95542760938406, 6661039.56362655479461 ], [ 11441265.171434881165624, 6605617.526597822085023 ], [ 11345285.674749745056033, 6550203.738349974155426 ], [ 11249320.141671355813742, 6494798.011994239874184 ], [ 11153368.231726517900825, 6439400.150958328507841 ], [ 11057429.588090481236577, 6384009.949229375459254 ], [ 10961503.838026486337185, 6328627.191607710905373 ], [ 10865590.593343455344439, 6273251.653971113264561 ], [ 10769689.450871288776398, 6217883.103549214079976 ], [ 10673799.992953157052398, 6162521.299207733944058 ], [ 10577921.787954220548272, 6107165.991742178797722 ], [ 10482054.390786096453667, 6051816.924180653877556 ], [ 10386197.343446504324675, 5996473.832095418125391 ], [ 10290350.175573408603668, 5941136.443922823294997 ], [ 10194512.405013013631105, 5885804.481291245669127 ], [ 10098683.538400953635573, 5830477.659356635063887 ], [ 10002863.071755962446332, 5775155.68714527413249 ], [ 9907050.491085410118103, 5719838.267903378233314 ], [ 9811245.273001918569207, 5664525.099453103728592 ], [ 9715446.885350422933698, 5609215.874554580077529 ], [ 9619654.787844935432076, 5553910.281273548491299 ], [ 9523868.4327142983675, 5498608.003354181535542 ], [ 9428087.265356184914708, 5443308.720596678555012 ], [ 9332310.724998656660318, 5388012.109239208512008 ], [ 9236538.245368480682373, 5332717.842343768104911 ], [ 9140769.255365524441004, 5277425.590185542590916 ], [ 9045003.179742425680161, 5222135.020645312964916 ], [ 8949239.439788842573762, 5166845.799604506231844 ], [ 8853477.454019475728273, 5111557.591342429630458 ], [ 8757716.638865150511265, 5056270.058935261331499 ], [ 8661956.409366166219115, 5000982.864656362682581 ] ] ] } },
{ "type": "Feature", "properties": { "ObjectID": 47, "WRLD30_ID": 48.0 }, "geometry": { "type": "Polygon", "coordinates": [ [ [ 5000982.864656356163323, 8661956.409366169944406 ], [ 4849049.206944975070655, 8747916.336989767849445 ], [ 4695638.481871360912919, 8831211.564554151147604 ], [ 4540797.419828499667346, 8911816.719526102766395 ], [ 4384573.186903863213956, 8989707.248794581741095 ], [ 4227013.370512185618281, 9064859.42614982649684 ], [ 4068165.964899848215282, 9137250.359510602429509 ], [ 3908079.356525397859514, 9206857.997897338122129 ], [ 3746802.309320530388504, 9273661.13814908079803 ], [ 3584383.949836159590632, 9337639.431382168084383 ], [ 3420873.7522779610008, 9398773.389188712462783 ], [ 3256321.523436066694558, 9457044.389572948217392 ], [ 3090777.387513442896307, 9512434.68262367323041 ], [ 2924291.770857545547187, 9564927.395921047776937 ], [ 2756915.386599998921156, 9614506.53967609256506 ], [ 2588699.219208850059658, 9661157.011601336300373 ], [ 2419694.508958242367953, 9704864.601511115208268 ], [ 2249952.7363200946711, 9745615.995650140568614 ], [ 2079525.606282686581835, 9783398.780748987570405 ], [ 1908465.032600783742964, 9818201.447805307805538 ], [ 1736823.121982238953933, 9850013.395589573308825 ], [ 1564652.158215754898265, 9878824.933874318376184 ], [ 1392004.58624474843964, 9904627.2863858807832 ], [ 1218932.996192124672234, 9927412.593477731570601 ], [ 1045490.107340787537396, 9947173.914524603635073 ], [ 871728.752074868651107, 9963905.230036672204733 ], [ 697701.859786437242292, 9977601.443493155762553 ], [ 523462.440752729715314, 9988258.382894756272435 ], [ 349063.569988669885788, 9995872.802034493535757 ], [ 174558.371079741220456, 10000442.381486538797617 ], [ -0.000000010108377, 10001965.729312721639872 ], [ -0.000000010220128, 10112540.117870518937707 ], [ -0.000000010331879, 10223115.182684855535626 ], [ -0.000000010443632, 10333691.599209008738399 ], [ -0.000000010555387, 10444270.041290622204542 ], [ -0.000000010667145, 10554851.180371081456542 ], [ -0.000000010778906, 10665435.684687532484531 ], [ -0.000000010890671, 10776024.218478413298726 ], [ -0.000000011002441, 10886617.441193353384733 ], [ -0.000000011114216, 10997216.006708359345794 ], [ -0.000000011225997, 11107820.562547093257308 ], [ -0.000000011337785, 11218431.749109156429768 ], [ -0.000000011449581, 11329050.198906203731894 ], [ -0.000000011561384, 11439676.535806752741337 ], [ -0.000000011673196, 11550311.37429054453969 ], [ -0.000000011785017, 11660955.318713266402483 ], [ -0.000000011896848, 11771608.962582487612963 ], [ -0.000000012008689, 11882272.887845642864704 ], [ -0.000000012120541, 11992947.664190832525492 ], [ -0.000000012232405, 12103633.848361304029822 ], [ -0.000000012344281, 12214331.983484353870153 ], [ -0.000000012456169, 12325042.598415464162827 ], [ -0.000000012568071, 12435766.207098424434662 ], [ -0.000000012679986, 12546503.307942220941186 ], [ -0.000000012791916, 12657254.383215416222811 ], [ -0.00000001290386, 12768019.898458745330572 ], [ -0.000000013015819, 12878800.301916651427746 ], [ -0.000000013127793, 12989596.023988474160433 ], [ -0.000000013239783, 13100407.476699942722917 ], [ -0.00000001335179, 13211235.05319563858211 ], [ -0.000000013463813, 13322079.127253104001284 ], [ 232502.339518465480069, 13320050.110075084492564 ], [ 464933.856572017190047, 13313963.676599312573671 ], [ 697223.750268947565928, 13303821.680812386795878 ], [ 929301.262857381952927, 13289627.2120644710958 ], [ 1161095.701278812484816, 13271384.594128251075745 ], [ 1392536.458701840834692, 13249099.383881870657206 ], [ 1623553.036029750946909, 13222778.369616251438856 ], [ 1854075.063375169178471, 13192429.568967316299677 ], [ 2084032.321495460812002, 13158062.226473739370704 ], [ 2313354.763182144612074, 13119686.810760967433453 ], [ 2541972.534597992431372, 13077315.011352378875017 ], [ 2769815.996555166319013, 13030959.735108535736799 ], [ 2996815.745727973990142, 12980635.102295638993382 ], [ 3222902.63579383213073, 12926356.442284345626831 ], [ 3448007.798495863564312, 12868140.288880307227373 ], [ 3672062.664620876777917, 12806004.375287799164653 ], [ 3894998.984886171296239, 12739967.628708031028509 ], [ 4116748.850728972814977, 12670050.164573717862368 ], [ 4337244.71499199513346, 12596273.280421746894717 ], [ 4556419.412499003112316, 12518659.44940571859479 ], [ 4774206.180513932369649, 12437232.313450424000621 ], [ 4990538.679077503271401, 12352016.676050279289484 ], [ 5205351.011214999482036, 12263038.494713934138417 ], [ 5418577.743009106256068, 12170324.873057382181287 ], [ 5630153.923531756736338, 12073904.052547907456756 ], [ 5840015.104628767818213, 11973805.403901496902108 ], [ 6048097.360551417805254, 11870059.41813619621098 ], [ 6254337.30742880422622, 11762697.697284284979105 ], [ 6458672.122575227171183, 11651752.944765970110893 ], [ 6661039.563626546412706, 11537258.955427614971995 ], [ 6605617.52659781370312, 11441265.171434886753559 ], [ 6550203.738349965773523, 11345285.674749750643969 ], [ 6494798.011994231492281, 11249320.141671359539032 ], [ 6439400.150958320125937, 11153368.231726521626115 ], [ 6384009.949229367077351, 11057429.588090484961867 ], [ 6328627.19160770252347, 10961503.838026490062475 ], [ 6273251.653971104882658, 10865590.593343460932374 ], [ 6217883.103549206629395, 10769689.450871292501688 ], [ 6162521.299207726493478, 10673799.992953162640333 ], [ 6107165.991742171347141, 10577921.787954224273562 ], [ 6051816.924180646426976, 10482054.390786100178957 ], [ 5996473.832095411606133, 10386197.34344650991261 ], [ 5941136.443922816775739, 10290350.175573414191604 ], [ 5885804.481291239149868, 10194512.405013019219041 ], [ 5830477.659356628544629, 10098683.538400957360864 ], [ 5775155.687145267613232, 10002863.071755966171622 ], [ 5719838.267903371714056, 9907050.491085413843393 ], [ 5664525.099453097209334, 9811245.273001922294497 ], [ 5609215.874554573558271, 9715446.885350426658988 ], [ 5553910.281273541972041, 9619654.787844939157367 ], [ 5498608.003354175016284, 9523868.432714302092791 ], [ 5443308.720596672035754, 9428087.265356188639998 ], [ 5388012.10923920199275, 9332310.724998660385609 ], [ 5332717.842343761585653, 9236538.245368484407663 ], [ 5277425.590185536071658, 9140769.255365528166294 ], [ 5222135.020645306445658, 9045003.179742429405451 ], [ 5166845.799604499712586, 8949239.439788846299052 ], [ 5111557.5913424231112, 8853477.454019479453564 ], [ 5056270.058935254812241, 8757716.638865154236555 ], [ 5000982.864656356163323, 8661956.409366169944406 ] ] ] } },
{ "type": "Feature", "properties": { "ObjectID": 48, "WRLD30_ID": 49.0 }, "geometry": { "type": "Polygon", "coordinates": [ [ [ 0.000000013463813, 13322079.127253104001284 ], [ -232502.339518465480069, 13320050.110075084492564 ], [ -464933.856572017190047, 13313963.676599312573671 ], [ -697223.750268947565928, 13303821.680812386795878 ], [ -929301.262857381952927, 13289627.2120644710958 ], [ -1161095.701278812484816, 13271384.594128251075745 ], [ -1392536.458701840834692, 13249099.383881870657206 ], [ -1623553.036029750946909, 13222778.369616251438856 ], [ -1854075.063375169178471, 13192429.568967316299677 ], [ -2084032.321495460812002, 13158062.226473739370704 ], [ -2313354.763182144612074, 13119686.810760967433453 ], [ -2541972.534597992431372, 13077315.011352378875017 ], [ -2769815.996555166319013, 13030959.735108535736799 ], [ -2996815.745727973990142, 12980635.102295638993382 ], [ -3222902.63579383213073, 12926356.442284345626831 ], [ -3448007.798495863564312, 12868140.288880307227373 ], [ -3672062.664620876777917, 12806004.375287799164653 ], [ -3894998.984886171296239, 12739967.628708031028509 ], [ -4116748.850728972814977, 12670050.164573717862368 ], [ -4337244.71499199513346, 12596273.280421746894717 ], [ -4556419.412499003112316, 12518659.44940571859479 ], [ -4774206.180513932369649, 12437232.313450424000621 ], [ -4990538.679077503271401, 12352016.676050279289484 ], [ -5205351.011214999482036, 12263038.494713934138417 ], [ -5418577.743009106256068, 12170324.873057382181287 ], [ -5630153.923531756736338, 12073904.052547907456756 ], [ -5840015.104628767818213, 11973805.403901496902108 ], [ -6048097.360551417805254, 11870059.41813619621098 ], [ -6254337.30742880422622, 11762697.697284284979105 ], [ -6458672.122575227171183, 11651752.944765970110893 ], [ -6661039.563626546412706, 11537258.955427614971995 ], [ -6716470.026409585960209, 11633267.333254894241691 ], [ -6771909.081784603185952, 11729290.593888049945235 ], [ -6827356.886244831606746, 11825329.008381308987737 ], [ -6882813.58574238512665, 11921382.829531151801348 ], [ -6938279.315503825433552, 12017452.291556851938367 ], [ -6993754.199858268722892, 12113537.609802754595876 ], [ -7049238.352078246884048, 12209638.980462642386556 ], [ -7104731.874233562499285, 12305756.580326598137617 ], [ -7160234.857058358378708, 12401890.566550768911839 ], [ -7215747.379831612110138, 12498041.076450368389487 ], [ -7271269.510271217674017, 12594208.227316232398152 ], [ -7326801.304441857151687, 12690392.116255236789584 ], [ -7382342.806676807813346, 12786592.820054871961474 ], [ -7437894.049513821490109, 12882810.395072177052498 ], [ -7493455.05364522524178, 12979044.877147311344743 ], [ -7549025.827882329933345, 13075296.281541917473078 ], [ -7604606.369134245440364, 13171564.602902412414551 ], [ -7660196.662401200272143, 13267849.815248431637883 ], [ -7715796.68078238889575, 13364151.871986415237188 ], [ -7771406.385498428717256, 13460470.705948498100042 ], [ -7827025.725928406231105, 13556806.229456689208746 ], [ -7882654.639661562629044, 13653158.334412382915616 ], [ -7938293.052563559263945, 13749526.892411136999726 ], [ -7993940.878857330419123, 13845911.754882715642452 ], [ -8049598.021218446083367, 13942312.753256261348724 ], [ -8105264.370884923264384, 14038729.699150495231152 ], [ -8160939.807781392708421, 14135162.384588774293661 ], [ -8216624.200657512061298, 14231610.582238839939237 ], [ -8272317.407240493223071, 14328074.045676995068789 ], [ -8328019.274401608854532, 14424552.509676499292254 ], [ -8075007.723653641529381, 14567699.557656772434711 ], [ -7819536.44732868578285, 14706409.143231313675642 ], [ -7561683.264452329836786, 14840639.014116637408733 ], [ -7301526.719601945020258, 14970348.282593766227365 ], [ -7039146.058981298469007, 15095497.437962995842099 ], [ -6774621.206281339749694, 15216048.358579255640507 ], [ -6508032.738334725610912, 15331964.323464319109917 ], [ -6239461.860571279190481, 15443210.023492384701967 ], [ -5968990.382282085716724, 15549751.572145558893681 ], [ -5696700.691699540242553, 15651556.515836030244827 ], [ -5422675.73090111836791, 15748593.84379174746573 ], [ -5146998.970544430427253, 15840833.997502589598298 ], [ -4869754.384441209957004, 15928248.879724189639091 ], [ -4591026.423978125676513, 16010811.863036612048745 ], [ -4310899.992392018437386, 16088497.797955339774489 ], [ -4029460.418907609768212, 16161283.020592028275132 ], [ -3746793.432745335157961, 16229145.359862783923745 ], [ -3462985.137007450684905, 16292064.144241660833359 ], [ -3178121.982450136449188, 16350020.208057435229421 ], [ -2892290.741149815730751, 16402995.89733163267374 ], [ -2605578.48007149156183, 16450975.075156111270189 ], [ -2318072.534547324758023, 16493943.126608526334167 ], [ -2029860.481673469301313, 16531886.96320416033268 ], [ -1741030.113633188651875, 16564795.026882816106081 ], [ -1451669.41095456527546, 16592657.293529512360692 ], [ -1161866.515710720559582, 16615465.276027919724584 ], [ -871709.704670943785459, 16633212.026845620945096 ], [ -581287.362410675501451, 16645892.140150401741266 ], [ -290687.95438876724802, 16653501.75345691666007 ], [ 0.000000016833243, 16656038.548803232610226 ], [ 0.000000016720654, 16544634.814481001347303 ], [ 0.000000016608083, 16433248.401315037161112 ], [ 0.000000016495529, 16321879.615562798455358 ], [ 0.000000016382993, 16210528.741769859567285 ], [ 0.000000016270476, 16099196.04243690520525 ], [ 0.000000016157978, 15987881.757714673876762 ], [ 0.000000016045498, 15876586.105127131566405 ], [ 0.000000015933037, 15765309.279323138296604 ], [ 0.000000015820596, 15654051.451856825500727 ], [ 0.000000015708174, 15542812.770996870473027 ], [ 0.000000015595771, 15431593.361564790830016 ], [ 0.000000015483388, 15320393.324802413582802 ], [ 0.000000015371024, 15209212.738268503919244 ], [ 0.000000015258681, 15098051.655764672905207 ], [ 0.000000015146357, 14986910.107290463522077 ], [ 0.000000015034052, 14875788.099027656018734 ], [ 0.000000014921768, 14764685.613353628665209 ], [ 0.000000014809503, 14653602.60888372734189 ], [ 0.000000014697258, 14542539.02054244838655 ], [ 0.000000014585032, 14431494.759663237258792 ], [ 0.000000014472826, 14320469.714116729795933 ], [ 0.000000014360639, 14209463.74846713617444 ], [ 0.000000014248471, 14098476.704156504943967 ], [ 0.000000014136322, 13987508.399716548621655 ], [ 0.000000014024192, 13876558.631007662042975 ], [ 0.00000001391208, 13765627.171484781429172 ], [ 0.000000013799987, 13654713.772489674389362 ], [ 0.000000013687912, 13543818.163569217547774 ], [ 0.000000013575854, 13432940.05281918309629 ], [ 0.000000013463813, 13322079.127253104001284 ] ] ] } },
{ "type": "Feature", "properties": { "ObjectID": 49, "WRLD30_ID": 50.0 }, "geometry": { "type": "Polygon", "coordinates": [ [ [ -6661039.563626546412706, 11537258.955427614971995 ], [ -6861377.987499846145511, 11419250.605247499421239 ], [ -7059626.369170497171581, 11297763.840712258592248 ], [ -7255724.320260957814753, 11172835.667867245152593 ], [ -7449612.107435692101717, 11044504.141044104471803 ], [ -7641230.670596483163536, 10912808.351269092410803 ], [ -7830521.640872752293944, 10777788.414355531334877 ], [ -8017427.358401239849627, 10639485.458684181794524 ], [ -8201890.889889800921082, 10497941.612675102427602 ], [ -8383856.045959795825183, 10353199.991954961791635 ], [ -8563267.398261958733201, 10205304.686223566532135 ], [ -8740070.296360371634364, 10054300.745823746547103 ], [ -8914210.884379550814629, 9900234.16801854968071 ], [ -9085636.117409454658628, 9743151.882980048656464 ], [ -9254293.777663456276059, 9583101.7394939661026 ], [ -9420132.490384429693222, 9420132.490384435281157 ], [ -9583101.739493954926729, 9254293.77766346745193 ], [ -9743151.882980043068528, 9085636.117409460246563 ], [ -9900234.168018540367484, 8914210.884379563853145 ], [ -10054300.745823740959167, 8740070.296360379084945 ], [ -10205304.6862235609442, 8563267.398261966183782 ], [ -10353199.991954956203699, 8383856.045959803275764 ], [ -10497941.612675094977021, 8201890.889889808371663 ], [ -10639485.458684172481298, 8017427.35840125195682 ], [ -10777788.414355525746942, 7830521.640872759744525 ], [ -10912808.351269083097577, 7641230.670596496202052 ], [ -11044504.141044098883867, 7449612.107435699552298 ], [ -11172835.667867235839367, 7255724.320260970853269 ], [ -11297763.840712253004313, 7059626.369170504622161 ], [ -11419250.605247491970658, 6861377.987499859184027 ], [ -11537258.95542760938406, 6661039.56362655479461 ], [ -11633267.3332548905164, 6716470.026409594342113 ], [ -11729290.5938880443573, 6771909.081784611567855 ], [ -11825329.008381303399801, 6827356.886244839988649 ], [ -11921382.829531146213412, 6882813.585742393508554 ], [ -12017452.291556846350431, 6938279.315503833815455 ], [ -12113537.60980274900794, 6993754.199858277104795 ], [ -12209638.98046263679862, 7049238.352078255265951 ], [ -12305756.580326592549682, 7104731.874233570881188 ], [ -12401890.566550763323903, 7160234.857058367691934 ], [ -12498041.076450364664197, 7215747.379831621423364 ], [ -12594208.227316226810217, 7271269.510271226987243 ], [ -12690392.116255231201649, 7326801.304441866464913 ], [ -12786592.820054866373539, 7382342.806676817126572 ], [ -12882810.395072171464562, 7437894.049513830803335 ], [ -12979044.877147307619452, 7493455.053645234555006 ], [ -13075296.281541911885142, 7549025.827882339246571 ], [ -13171564.602902406826615, 7604606.36913425475359 ], [ -13267849.815248427912593, 7660196.662401209585369 ], [ -13364151.871986409649253, 7715796.680782398208976 ], [ -13460470.705948492512107, 7771406.385498438030481 ], [ -13556806.229456683620811, 7827025.725928415544331 ], [ -13653158.334412377327681, 7882654.63966157194227 ], [ -13749526.892411131411791, 7938293.05256356857717 ], [ -13845911.754882710054517, 7993940.878857339732349 ], [ -13942312.753256255760789, 8049598.021218455396593 ], [ -14038729.699150489643216, 8105264.37088493257761 ], [ -14135162.384588768705726, 8160939.807781402021646 ], [ -14231610.582238834351301, 8216624.200657521374524 ], [ -14328074.045676989480853, 8272317.407240503467619 ], [ -14424552.509676493704319, 8328019.274401619099081 ], [ -14277011.6032679900527, 8578494.029803276062012 ], [ -14125121.780820619314909, 8826355.692821711301804 ], [ -13968929.309445679187775, 9071528.762393292039633 ], [ -13808481.766883028671145, 9313938.556425968185067 ], [ -13643828.027008414268494, 9553511.234548214823008 ], [ -13475018.244946049526334, 9790173.820601470768452 ], [ -13302103.841790834441781, 10023854.224869433790445 ], [ -13125137.488945042714477, 10254481.266037240624428 ], [ -12944173.092074055224657, 10481984.692874019965529 ], [ -12759265.774686198681593, 10706295.205632090568542 ], [ -12570471.861341593787074, 10927344.47715630941093 ], [ -12377848.860495124012232, 11145065.173697229474783 ], [ -12181455.446978837251663, 11359390.975421566516161 ], [ -11981351.444128988310695, 11570256.596613902598619 ], [ -11777597.805563304573298, 11777597.805563312023878 ], [ -11570256.596613887697458, 11981351.444129001349211 ], [ -11359390.975421557202935, 12181455.446978844702244 ], [ -11145065.173697216436267, 12377848.860495137050748 ], [ -10927344.477156301960349, 12570471.861341601237655 ], [ -10706295.205632081255317, 12759265.774686206132174 ], [ -10481984.692874010652304, 12944173.092074062675238 ], [ -10254481.266037231311202, 13125137.488945050165057 ], [ -10023854.224869418889284, 13302103.841790845617652 ], [ -9790173.820601461455226, 13475018.244946055114269 ], [ -9553511.234548199921846, 13643828.027008425444365 ], [ -9313938.556425958871841, 13808481.766883034259081 ], [ -9071528.762393275275826, 13968929.309445688501 ], [ -8826355.692821701988578, 14125121.780820624902844 ], [ -8578494.029803259298205, 14277011.603268001228571 ], [ -8328019.274401608854532, 14424552.509676499292254 ], [ -8272317.407240493223071, 14328074.045676995068789 ], [ -8216624.200657512061298, 14231610.582238839939237 ], [ -8160939.807781392708421, 14135162.384588774293661 ], [ -8105264.370884923264384, 14038729.699150495231152 ], [ -8049598.021218446083367, 13942312.753256261348724 ], [ -7993940.878857330419123, 13845911.754882715642452 ], [ -7938293.052563559263945, 13749526.892411136999726 ], [ -7882654.639661562629044, 13653158.334412382915616 ], [ -7827025.725928406231105, 13556806.229456689208746 ], [ -7771406.385498428717256, 13460470.705948498100042 ], [ -7715796.68078238889575, 13364151.871986415237188 ], [ -7660196.662401200272143, 13267849.815248431637883 ], [ -7604606.369134245440364, 13171564.602902412414551 ], [ -7549025.827882329933345, 13075296.281541917473078 ], [ -7493455.05364522524178, 12979044.877147311344743 ], [ -7437894.049513821490109, 12882810.395072177052498 ], [ -7382342.806676807813346, 12786592.820054871961474 ], [ -7326801.304441857151687, 12690392.116255236789584 ], [ -7271269.510271217674017, 12594208.227316232398152 ], [ -7215747.379831612110138, 12498041.076450368389487 ], [ -7160234.857058358378708, 12401890.566550768911839 ], [ -7104731.874233562499285, 12305756.580326598137617 ], [ -7049238.352078246884048, 12209638.980462642386556 ], [ -6993754.199858268722892, 12113537.609802754595876 ], [ -6938279.315503825433552, 12017452.291556851938367 ], [ -6882813.58574238512665, 11921382.829531151801348 ], [ -6827356.886244831606746, 11825329.008381308987737 ], [ -6771909.081784603185952, 11729290.593888049945235 ], [ -6716470.026409585960209, 11633267.333254894241691 ], [ -6661039.563626546412706, 11537258.955427614971995 ] ] ] } },
{ "type": "Feature", "properties": { "ObjectID": 50, "WRLD30_ID": 51.0 }, "geometry": { "type": "Polygon", "coordinates": [ [ [ -11537258.95542760938406, 6661039.56362655479461 ], [ -11651752.944765964522958, 6458672.122575235553086 ], [ -11762697.697284281253815, 6254337.307428812608123 ], [ -11870059.418136190623045, 6048097.360551426187158 ], [ -11973805.403901489451528, 5840015.104628781788051 ], [ -12073904.052547903731465, 5630153.923531765118241 ], [ -12170324.873057376593351, 5418577.743009117431939 ], [ -12263038.494713930413127, 5205351.011215007863939 ], [ -12352016.676050273701549, 4990538.67907751724124 ], [ -12437232.313450420275331, 4774206.18051394354552 ], [ -12518659.449405714869499, 4556419.412499011494219 ], [ -12596273.280421743169427, 4337244.71499200630933 ], [ -12670050.164573715999722, 4116748.850728981662542 ], [ -12739967.628708027303219, 3894998.984886182937771 ], [ -12806004.375287797302008, 3672062.664620886091143 ], [ -12868140.288880303502083, 3448007.798495875205845 ], [ -12926356.442284343764186, 3222902.635793841443956 ], [ -12980635.102295635268092, 2996815.745727985631675 ], [ -13030959.735108533874154, 2769815.996555175632238 ], [ -13077315.011352377012372, 2541972.534598007332534 ], [ -13119686.810760965570807, 2313354.763182156719267 ], [ -13158062.226473737508059, 2084032.321495470125228 ], [ -13192429.568967314437032, 1854075.063375181518495 ], [ -13222778.369616249576211, 1623553.036029760260135 ], [ -13249099.38388186879456, 1392536.458701853174716 ], [ -13271384.594128251075745, 1161095.701278821798041 ], [ -13289627.2120644710958, 929301.262857394292951 ], [ -13303821.680812386795878, 697223.750268956879154 ], [ -13313963.676599312573671, 464933.856572029530071 ], [ -13320050.110075084492564, 232502.339518474851502 ], [ -13322079.127253104001284, 0.000000005100476 ], [ -13432940.05281918309629, 0.000000005142921 ], [ -13543818.163569217547774, 0.000000005185371 ], [ -13654713.772489674389362, 0.000000005227829 ], [ -13765627.171484781429172, 0.000000005270293 ], [ -13876558.631007662042975, 0.000000005312764 ], [ -13987508.399716548621655, 0.000000005355242 ], [ -14098476.704156504943967, 0.000000005397727 ], [ -14209463.74846713617444, 0.00000000544022 ], [ -14320469.714116729795933, 0.000000005482719 ], [ -14431494.759663237258792, 0.000000005525226 ], [ -14542539.02054244838655, 0.00000000556774 ], [ -14653602.60888372734189, 0.000000005610262 ], [ -14764685.613353628665209, 0.000000005652791 ], [ -14875788.099027656018734, 0.000000005695328 ], [ -14986910.107290463522077, 0.000000005737872 ], [ -15098051.655764672905207, 0.000000005780423 ], [ -15209212.738268503919244, 0.000000005822982 ], [ -15320393.324802413582802, 0.000000005865549 ], [ -15431593.361564790830016, 0.000000005908123 ], [ -15542812.770996870473027, 0.000000005950704 ], [ -15654051.451856825500727, 0.000000005993293 ], [ -15765309.279323138296604, 0.000000006035889 ], [ -15876586.105127131566405, 0.000000006078492 ], [ -15987881.757714673876762, 0.000000006121103 ], [ -16099196.04243690520525, 0.00000000616372 ], [ -16210528.741769859567285, 0.000000006206345 ], [ -16321879.615562798455358, 0.000000006248977 ], [ -16433248.401315037161112, 0.000000006291615 ], [ -16544634.814481001347303, 0.000000006334261 ], [ -16656038.548803232610226, 0.000000006376912 ], [ -16653501.753456914797425, 290687.954388778947759 ], [ -16645892.140150401741266, 581287.362410690984689 ], [ -16633212.026845619082451, 871709.704670955543406 ], [ -16615465.276027917861938, 1161866.515710735926405 ], [ -16592657.293529510498047, 1451669.410954576916993 ], [ -16564795.026882816106081, 1741030.113633204018697 ], [ -16531886.963204158470035, 2029860.481673480942845 ], [ -16493943.126608524471521, 2318072.534547340124846 ], [ -16450975.075156109407544, 2605578.480071503203362 ], [ -16402995.89733162894845, 2892290.741149831097573 ], [ -16350020.20805743150413, 3178121.982450155075639 ], [ -16292064.144241658970714, 3462985.137007462326437 ], [ -16229145.359862780198455, 3746793.432745350524783 ], [ -16161283.020592026412487, 4029460.418907620944083 ], [ -16088497.797955334186554, 4310899.992392033338547 ], [ -16010811.863036608323455, 4591026.423978136852384 ], [ -15928248.879724185913801, 4869754.384441224858165 ], [ -15840833.997502585873008, 5146998.970544441603124 ], [ -15748593.843791741877794, 5422675.730901132337749 ], [ -15651556.515836024656892, 5696700.691699551418424 ], [ -15549751.572145553305745, 5968990.382282099686563 ], [ -15443210.023492379114032, 6239461.86057129688561 ], [ -15331964.323464315384626, 6508032.738334736786783 ], [ -15216048.358579250052571, 6774621.206281353719532 ], [ -15095497.437962990254164, 7039146.058981308713555 ], [ -14970348.282593758776784, 7301526.719601962715387 ], [ -14840639.014116631820798, 7561683.264452341012657 ], [ -14706409.143231308087707, 7819536.447328696027398 ], [ -14567699.557656766846776, 8075007.72365365177393 ], [ -14424552.509676493704319, 8328019.274401619099081 ], [ -14328074.045676989480853, 8272317.407240503467619 ], [ -14231610.582238834351301, 8216624.200657521374524 ], [ -14135162.384588768705726, 8160939.807781402021646 ], [ -14038729.699150489643216, 8105264.37088493257761 ], [ -13942312.753256255760789, 8049598.021218455396593 ], [ -13845911.754882710054517, 7993940.878857339732349 ], [ -13749526.892411131411791, 7938293.05256356857717 ], [ -13653158.334412377327681, 7882654.63966157194227 ], [ -13556806.229456683620811, 7827025.725928415544331 ], [ -13460470.705948492512107, 7771406.385498438030481 ], [ -13364151.871986409649253, 7715796.680782398208976 ], [ -13267849.815248427912593, 7660196.662401209585369 ], [ -13171564.602902406826615, 7604606.36913425475359 ], [ -13075296.281541911885142, 7549025.827882339246571 ], [ -12979044.877147307619452, 7493455.053645234555006 ], [ -12882810.395072171464562, 7437894.049513830803335 ], [ -12786592.820054866373539, 7382342.806676817126572 ], [ -12690392.116255231201649, 7326801.304441866464913 ], [ -12594208.227316226810217, 7271269.510271226987243 ], [ -12498041.076450364664197, 7215747.379831621423364 ], [ -12401890.566550763323903, 7160234.857058367691934 ], [ -12305756.580326592549682, 7104731.874233570881188 ], [ -12209638.98046263679862, 7049238.352078255265951 ], [ -12113537.60980274900794, 6993754.199858277104795 ], [ -12017452.291556846350431, 6938279.315503833815455 ], [ -11921382.829531146213412, 6882813.585742393508554 ], [ -11825329.008381303399801, 6827356.886244839988649 ], [ -11729290.5938880443573, 6771909.081784611567855 ], [ -11633267.3332548905164, 6716470.026409594342113 ], [ -11537258.95542760938406, 6661039.56362655479461 ] ] ] } },
{ "type": "Feature", "properties": { "ObjectID": 51, "WRLD30_ID": 52.0 }, "geometry": { "type": "Polygon", "coordinates": [ [ [ -13322079.127253104001284, 0.000000005100476 ], [ -13320050.110075084492564, -232502.339518467604648 ], [ -13313963.676599312573671, -464933.856572022254113 ], [ -13303821.680812386795878, -697223.750268949661404 ], [ -13289627.2120644710958, -929301.262857387075201 ], [ -13271384.594128251075745, -1161095.701278814580292 ], [ -13249099.383881870657206, -1392536.458701845956966 ], [ -13222778.369616251438856, -1623553.036029753042385 ], [ -13192429.568967316299677, -1854075.063375174300745 ], [ -13158062.226473739370704, -2084032.321495462907478 ], [ -13119686.810760967433453, -2313354.763182149734348 ], [ -13077315.011352378875017, -2541972.534597997087985 ], [ -13030959.735108535736799, -2769815.996555168181658 ], [ -12980635.102295637130737, -2996815.745727978646755 ], [ -12926356.442284343764186, -3222902.635793834459037 ], [ -12868140.288880305364728, -3448007.798495868220925 ], [ -12806004.375287799164653, -3672062.664620879106224 ], [ -12739967.628708029165864, -3894998.984886176418513 ], [ -12670050.164573717862368, -4116748.850728974677622 ], [ -12596273.280421745032072, -4337244.714991999790072 ], [ -12518659.449405716732144, -4556419.412499004974961 ], [ -12437232.313450424000621, -4774206.180513934232295 ], [ -12352016.676050277426839, -4990538.679077507928014 ], [ -12263038.494713934138417, -5205351.011215001344681 ], [ -12170324.873057380318642, -5418577.743009110912681 ], [ -12073904.052547907456756, -5630153.923531758598983 ], [ -11973805.403901493176818, -5840015.104628772474825 ], [ -11870059.418136194348335, -6048097.3605514196679 ], [ -11762697.69728428311646, -6254337.307428808882833 ], [ -11651752.944765968248248, -6458672.122575229033828 ], [ -11537258.955427611246705, -6661039.563626551069319 ], [ -11633267.333254892379045, -6716470.026409590616822 ], [ -11729290.593888046219945, -6771909.081784607842565 ], [ -11825329.008381307125092, -6827356.886244836263359 ], [ -11921382.829531148076057, -6882813.585742389783263 ], [ -12017452.291556848213077, -6938279.315503830090165 ], [ -12113537.609802752733231, -6993754.199858273379505 ], [ -12209638.980462640523911, -7049238.352078251540661 ], [ -12305756.580326596274972, -7104731.874233567155898 ], [ -12401890.566550767049193, -7160234.857058363966644 ], [ -12498041.076450366526842, -7215747.379831617698073 ], [ -12594208.227316228672862, -7271269.510271223261952 ], [ -12690392.116255234926939, -7326801.304441862739623 ], [ -12786592.820054870098829, -7382342.806676813401282 ], [ -12882810.395072173327208, -7437894.049513827078044 ], [ -12979044.877147309482098, -7493455.053645230829716 ], [ -13075296.281541913747787, -7549025.827882334589958 ], [ -13171564.602902410551906, -7604606.369134250096977 ], [ -13267849.815248429775238, -7660196.662401204928756 ], [ -13364151.871986411511898, -7715796.680782393552363 ], [ -13460470.705948496237397, -7771406.385498433373868 ], [ -13556806.229456685483456, -7827025.725928410887718 ], [ -13653158.334412379190326, -7882654.639661567285657 ], [ -13749526.892411133274436, -7938293.052563563920557 ], [ -13845911.754882711917162, -7993940.878857335075736 ], [ -13942312.753256257623434, -8049598.02121845073998 ], [ -14038729.699150491505861, -8105264.370884927920997 ], [ -14135162.384588772431016, -8160939.807781397365034 ], [ -14231610.582238836213946, -8216624.200657516717911 ], [ -14328074.045676991343498, -8272317.407240498811007 ], [ -14424552.509676495566964, -8328019.274401614442468 ], [ -14567699.557656770572066, -8075007.723653643392026 ], [ -14706409.143231309950352, -7819536.447328691370785 ], [ -14840639.014116635546088, -7561683.264452332630754 ], [ -14970348.282593764364719, -7301526.719601950608194 ], [ -15095497.437962993979454, -7039146.058981300331652 ], [ -15216048.358579253777862, -6774621.206281346268952 ], [ -15331964.323464319109917, -6508032.73833472840488 ], [ -15443210.023492382839322, -6239461.860571285709739 ], [ -15549751.572145557031035, -5968990.382282088510692 ], [ -15651556.515836028382182, -5696700.69169954303652 ], [ -15748593.843791745603085, -5422675.730901123955846 ], [ -15840833.997502587735653, -5146998.970544433221221 ], [ -15928248.879724187776446, -4869754.384441215544939 ], [ -16010811.863036612048745, -4591026.423978127539158 ], [ -16088497.797955337911844, -4310899.992392024025321 ], [ -16161283.020592028275132, -4029460.41890761256218 ], [ -16229145.3598627820611, -3746793.432745341677219 ], [ -16292064.144241660833359, -3462985.137007453478873 ], [ -16350020.208057435229421, -3178121.982450142502785 ], [ -16402995.897331630811095, -2892290.741149822250009 ], [ -16450975.075156111270189, -2605578.480071494355798 ], [ -16493943.126608524471521, -2318072.534547331277281 ], [ -16531886.963204158470035, -2029860.48167347186245 ], [ -16564795.026882816106081, -1741030.113633194938302 ], [ -16592657.293529512360692, -1451669.410954567836598 ], [ -16615465.276027917861938, -1161866.515710726846009 ], [ -16633212.026845620945096, -871709.704670946463011 ], [ -16645892.140150401741266, -581287.362410681904294 ], [ -16653501.75345691666007, -290687.954388769925572 ], [ -16656038.548803232610226, 0.000000006376912 ], [ -16544634.814481001347303, 0.000000006334261 ], [ -16433248.401315037161112, 0.000000006291615 ], [ -16321879.615562798455358, 0.000000006248977 ], [ -16210528.741769859567285, 0.000000006206345 ], [ -16099196.04243690520525, 0.00000000616372 ], [ -15987881.757714673876762, 0.000000006121103 ], [ -15876586.105127131566405, 0.000000006078492 ], [ -15765309.279323138296604, 0.000000006035889 ], [ -15654051.451856825500727, 0.000000005993293 ], [ -15542812.770996870473027, 0.000000005950704 ], [ -15431593.361564790830016, 0.000000005908123 ], [ -15320393.324802413582802, 0.000000005865549 ], [ -15209212.738268503919244, 0.000000005822982 ], [ -15098051.655764672905207, 0.000000005780423 ], [ -14986910.107290463522077, 0.000000005737872 ], [ -14875788.099027656018734, 0.000000005695328 ], [ -14764685.613353628665209, 0.000000005652791 ], [ -14653602.60888372734189, 0.000000005610262 ], [ -14542539.02054244838655, 0.00000000556774 ], [ -14431494.759663237258792, 0.000000005525226 ], [ -14320469.714116729795933, 0.000000005482719 ], [ -14209463.74846713617444, 0.00000000544022 ], [ -14098476.704156504943967, 0.000000005397727 ], [ -13987508.399716548621655, 0.000000005355242 ], [ -13876558.631007662042975, 0.000000005312764 ], [ -13765627.171484781429172, 0.000000005270293 ], [ -13654713.772489674389362, 0.000000005227829 ], [ -13543818.163569217547774, 0.000000005185371 ], [ -13432940.05281918309629, 0.000000005142921 ], [ -13322079.127253104001284, 0.000000005100476 ] ] ] } },
{ "type": "Feature", "properties": { "ObjectID": 52, "WRLD30_ID": 53.0 }, "geometry": { "type": "Polygon", "coordinates": [ [ [ -11537258.955427611246705, -6661039.563626551069319 ], [ -11419250.605247495695949, -6861377.987499852664769 ], [ -11297763.840712258592248, -7059626.369170499034226 ], [ -11172835.667867241427302, -7255724.320260963402689 ], [ -11044504.141044102609158, -7449612.107435693964362 ], [ -10912808.351269088685513, -7641230.670596487820148 ], [ -10777788.414355529472232, -7830521.64087275415659 ], [ -10639485.458684178069234, -8017427.35840124450624 ], [ -10497941.612675100564957, -8201890.889889802783728 ], [ -10353199.991954958066344, -8383856.045959799550474 ], [ -10205304.686223566532135, -8563267.398261958733201 ], [ -10054300.745823744684458, -8740070.296360373497009 ], [ -9900234.16801854595542, -8914210.884379556402564 ], [ -9743151.882980046793818, -9085636.117409456521273 ], [ -9583101.739493960514665, -9254293.777663461863995 ], [ -9420132.490384435281157, -9420132.490384431555867 ], [ -9254293.77766346372664, -9583101.73949395865202 ], [ -9085636.117409460246563, -9743151.882980044931173 ], [ -8914210.884379560127854, -9900234.168018544092774 ], [ -8740070.2963603772223, -10054300.745823742821813 ], [ -8563267.398261960595846, -10205304.68622356466949 ], [ -8383856.045959802344441, -10353199.991954956203699 ], [ -8201890.889889805577695, -10497941.612675098702312 ], [ -8017427.358401247300208, -10639485.458684176206589 ], [ -7830521.640872756950557, -10777788.414355527609587 ], [ -7641230.670596490614116, -10912808.351269086822867 ], [ -7449612.107435697689652, -11044504.141044100746512 ], [ -7255724.320260966196656, -11172835.667867239564657 ], [ -7059626.369170502759516, -11297763.840712254866958 ], [ -6861377.987499854527414, -11419250.605247493833303 ], [ -6661039.563626552931964, -11537258.955427611246705 ], [ -6716470.026409592479467, -11633267.3332548905164 ], [ -6771909.08178460970521, -11729290.593888046219945 ], [ -6827356.886244838126004, -11825329.008381305262446 ], [ -6882813.585742391645908, -11921382.829531148076057 ], [ -6938279.31550383195281, -12017452.291556848213077 ], [ -6993754.19985827524215, -12113537.609802750870585 ], [ -7049238.352078253403306, -12209638.980462638661265 ], [ -7104731.874233569018543, -12305756.580326594412327 ], [ -7160234.857058365829289, -12401890.566550765186548 ], [ -7215747.379831619560719, -12498041.076450364664197 ], [ -7271269.510271225124598, -12594208.227316228672862 ], [ -7326801.304441864602268, -12690392.116255233064294 ], [ -7382342.806676815263927, -12786592.820054868236184 ], [ -7437894.04951382894069, -12882810.395072173327208 ], [ -7493455.053645232692361, -12979044.877147307619452 ], [ -7549025.827882337383926, -13075296.281541913747787 ], [ -7604606.369134252890944, -13171564.60290240868926 ], [ -7660196.662401207722723, -13267849.815248427912593 ], [ -7715796.680782396346331, -13364151.871986409649253 ], [ -7771406.385498436167836, -13460470.705948494374752 ], [ -7827025.725928413681686, -13556806.229456685483456 ], [ -7882654.639661570079625, -13653158.334412377327681 ], [ -7938293.052563566714525, -13749526.892411131411791 ], [ -7993940.878857337869704, -13845911.754882710054517 ], [ -8049598.021218453533947, -13942312.753256257623434 ], [ -8105264.370884930714965, -14038729.699150489643216 ], [ -8160939.807781400159001, -14135162.384588770568371 ], [ -8216624.200657519511878, -14231610.582238836213946 ], [ -8272317.407240501604974, -14328074.045676989480853 ], [ -8328019.274401617236435, -14424552.509676493704319 ], [ -8578494.029803270474076, -14277011.60326799377799 ], [ -8826355.692821709439158, -14125121.780820621177554 ], [ -9071528.762393286451697, -13968929.309445682913065 ], [ -9313938.556425966322422, -13808481.766883030533791 ], [ -9553511.234548209235072, -13643828.027008419856429 ], [ -9790173.820601467043161, -13475018.244946051388979 ], [ -10023854.22486942820251, -13302103.841790840029716 ], [ -10254481.266037236899137, -13125137.488945044577122 ], [ -10481984.692874019965529, -12944173.092074057087302 ], [ -10706295.205632086843252, -12759265.774686202406883 ], [ -10927344.477156307548285, -12570471.861341595649719 ], [ -11145065.173697225749493, -12377848.860495127737522 ], [ -11359390.975421564653516, -12181455.446978839114308 ], [ -11570256.596613897010684, -11981351.444128992035985 ], [ -11777597.805563310161233, -11777597.805563306435943 ], [ -11981351.444128995761275, -11570256.596613895148039 ], [ -12181455.446978842839599, -11359390.975421560928226 ], [ -12377848.860495131462812, -11145065.173697222024202 ], [ -12570471.861341597512364, -10927344.477156303822994 ], [ -12759265.774686206132174, -10706295.205632083117962 ], [ -12944173.092074058949947, -10481984.692874016240239 ], [ -13125137.488945048302412, -10254481.266037233173847 ], [ -13302103.841790841892362, -10023854.22486942447722 ], [ -13475018.244946053251624, -9790173.820601463317871 ], [ -13643828.027008421719074, -9553511.234548205509782 ], [ -13808481.766883034259081, -9313938.556425960734487 ], [ -13968929.30944568477571, -9071528.762393282726407 ], [ -14125121.780820623040199, -8826355.692821703851223 ], [ -14277011.603267995640635, -8578494.029803268611431 ], [ -14424552.509676495566964, -8328019.274401614442468 ], [ -14328074.045676991343498, -8272317.407240498811007 ], [ -14231610.582238836213946, -8216624.200657516717911 ], [ -14135162.384588772431016, -8160939.807781397365034 ], [ -14038729.699150491505861, -8105264.370884927920997 ], [ -13942312.753256257623434, -8049598.02121845073998 ], [ -13845911.754882711917162, -7993940.878857335075736 ], [ -13749526.892411133274436, -7938293.052563563920557 ], [ -13653158.334412379190326, -7882654.639661567285657 ], [ -13556806.229456685483456, -7827025.725928410887718 ], [ -13460470.705948496237397, -7771406.385498433373868 ], [ -13364151.871986411511898, -7715796.680782393552363 ], [ -13267849.815248429775238, -7660196.662401204928756 ], [ -13171564.602902410551906, -7604606.369134250096977 ], [ -13075296.281541913747787, -7549025.827882334589958 ], [ -12979044.877147309482098, -7493455.053645230829716 ], [ -12882810.395072173327208, -7437894.049513827078044 ], [ -12786592.820054870098829, -7382342.806676813401282 ], [ -12690392.116255234926939, -7326801.304441862739623 ], [ -12594208.227316228672862, -7271269.510271223261952 ], [ -12498041.076450366526842, -7215747.379831617698073 ], [ -12401890.566550767049193, -7160234.857058363966644 ], [ -12305756.580326596274972, -7104731.874233567155898 ], [ -12209638.980462640523911, -7049238.352078251540661 ], [ -12113537.609802752733231, -6993754.199858273379505 ], [ -12017452.291556848213077, -6938279.315503830090165 ], [ -11921382.829531148076057, -6882813.585742389783263 ], [ -11825329.008381307125092, -6827356.886244836263359 ], [ -11729290.593888046219945, -6771909.081784607842565 ], [ -11633267.333254892379045, -6716470.026409590616822 ], [ -11537258.955427611246705, -6661039.563626551069319 ] ] ] } },
{ "type": "Feature", "properties": { "ObjectID": 53, "WRLD30_ID": 54.0 }, "geometry": { "type": "Polygon", "coordinates": [ [ [ -6661039.563626552931964, -11537258.955427611246705 ], [ -6458672.122575231827796, -11651752.944765966385603 ], [ -6254337.3074288116768, -11762697.697284281253815 ], [ -6048097.36055142339319, -11870059.41813619248569 ], [ -5840015.104628775268793, -11973805.403901491314173 ], [ -5630153.923531762324274, -12073904.05254790559411 ], [ -5418577.743009114637971, -12170324.873057378455997 ], [ -5205351.011215005069971, -12263038.494713932275772 ], [ -4990538.679077512584627, -12352016.676050275564194 ], [ -4774206.180513938888907, -12437232.313450422137976 ], [ -4556419.412499006837606, -12518659.449405716732144 ], [ -4337244.71499200258404, -12596273.280421745032072 ], [ -4116748.85072897747159, -12670050.164573715999722 ], [ -3894998.984886179678142, -12739967.628708027303219 ], [ -3672062.664620882365853, -12806004.375287797302008 ], [ -3448007.798495871946216, -12868140.288880303502083 ], [ -3222902.635793838649988, -12926356.442284343764186 ], [ -2996815.745727982837707, -12980635.102295637130737 ], [ -2769815.996555172838271, -13030959.735108535736799 ], [ -2541972.534598002210259, -13077315.011352377012372 ], [ -2313354.763182151596993, -13119686.810760967433453 ], [ -2084032.321495465235785, -13158062.226473739370704 ], [ -1854075.063375177094713, -13192429.568967316299677 ], [ -1623553.036029756302014, -13222778.369616249576211 ], [ -1392536.458701849449426, -13249099.38388186879456 ], [ -1161095.701278818072751, -13271384.594128251075745 ], [ -929301.262857391033322, -13289627.2120644710958 ], [ -697223.750268953968771, -13303821.680812386795878 ], [ -464933.856572026794311, -13313963.676599312573671 ], [ -232502.339518472435884, -13320050.110075084492564 ], [ 0.0, -13322079.127253104001284 ], [ 0.0, -13432940.05281918309629 ], [ 0.0, -13543818.163569217547774 ], [ 0.0, -13654713.772489674389362 ], [ 0.0, -13765627.171484781429172 ], [ 0.0, -13876558.631007662042975 ], [ 0.0, -13987508.399716548621655 ], [ 0.0, -14098476.704156504943967 ], [ 0.0, -14209463.74846713617444 ], [ 0.0, -14320469.714116729795933 ], [ 0.0, -14431494.759663237258792 ], [ 0.0, -14542539.02054244838655 ], [ 0.0, -14653602.60888372734189 ], [ 0.0, -14764685.613353628665209 ], [ 0.0, -14875788.099027656018734 ], [ 0.0, -14986910.107290463522077 ], [ 0.0, -15098051.655764672905207 ], [ 0.0, -15209212.738268503919244 ], [ 0.0, -15320393.324802413582802 ], [ 0.0, -15431593.361564790830016 ], [ 0.0, -15542812.770996870473027 ], [ 0.0, -15654051.451856825500727 ], [ 0.0, -15765309.279323138296604 ], [ 0.0, -15876586.105127131566405 ], [ 0.0, -15987881.757714673876762 ], [ 0.0, -16099196.04243690520525 ], [ 0.0, -16210528.741769859567285 ], [ 0.0, -16321879.615562798455358 ], [ 0.0, -16433248.401315037161112 ], [ 0.0, -16544634.814481001347303 ], [ 0.0, -16656038.548803232610226 ], [ -290687.954388775920961, -16653501.753456914797425 ], [ -581287.362410687608644, -16645892.140150401741266 ], [ -871709.704670951818116, -16633212.026845619082451 ], [ -1161866.515710731735453, -16615465.276027917861938 ], [ -1451669.41095457249321, -16592657.293529512360692 ], [ -1741030.113633199362084, -16564795.026882816106081 ], [ -2029860.481673476053402, -16531886.963204158470035 ], [ -2318072.53454733453691, -16493943.126608524471521 ], [ -2605578.480071497149765, -16450975.075156111270189 ], [ -2892290.741149824578315, -16402995.897331630811095 ], [ -3178121.982450149022043, -16350020.208057433366776 ], [ -3462985.137007459066808, -16292064.144241658970714 ], [ -3746793.432745346799493, -16229145.359862780198455 ], [ -4029460.418907617684454, -16161283.020592026412487 ], [ -4310899.992392028681934, -16088497.797955336049199 ], [ -4591026.423978132195771, -16010811.8630366101861 ], [ -4869754.384441220201552, -15928248.879724185913801 ], [ -5146998.970544436946511, -15840833.997502587735653 ], [ -5422675.730901127681136, -15748593.843791743740439 ], [ -5696700.691699545830488, -15651556.515836028382182 ], [ -5968990.382282094098628, -15549751.57214555516839 ], [ -6239461.860571291297674, -15443210.023492380976677 ], [ -6508032.738334733061492, -15331964.323464315384626 ], [ -6774621.206281350925565, -15216048.358579250052571 ], [ -7039146.058981305919588, -15095497.437962992116809 ], [ -7301526.719601955264807, -14970348.282593762502074 ], [ -7561683.264452336356044, -14840639.014116633683443 ], [ -7819536.447328696027398, -14706409.143231308087707 ], [ -8075007.723653648048639, -14567699.557656768709421 ], [ -8328019.274401617236435, -14424552.509676493704319 ], [ -8272317.407240501604974, -14328074.045676989480853 ], [ -8216624.200657519511878, -14231610.582238836213946 ], [ -8160939.807781400159001, -14135162.384588770568371 ], [ -8105264.370884930714965, -14038729.699150489643216 ], [ -8049598.021218453533947, -13942312.753256257623434 ], [ -7993940.878857337869704, -13845911.754882710054517 ], [ -7938293.052563566714525, -13749526.892411131411791 ], [ -7882654.639661570079625, -13653158.334412377327681 ], [ -7827025.725928413681686, -13556806.229456685483456 ], [ -7771406.385498436167836, -13460470.705948494374752 ], [ -7715796.680782396346331, -13364151.871986409649253 ], [ -7660196.662401207722723, -13267849.815248427912593 ], [ -7604606.369134252890944, -13171564.60290240868926 ], [ -7549025.827882337383926, -13075296.281541913747787 ], [ -7493455.053645232692361, -12979044.877147307619452 ], [ -7437894.04951382894069, -12882810.395072173327208 ], [ -7382342.806676815263927, -12786592.820054868236184 ], [ -7326801.304441864602268, -12690392.116255233064294 ], [ -7271269.510271225124598, -12594208.227316228672862 ], [ -7215747.379831619560719, -12498041.076450364664197 ], [ -7160234.857058365829289, -12401890.566550765186548 ], [ -7104731.874233569018543, -12305756.580326594412327 ], [ -7049238.352078253403306, -12209638.980462638661265 ], [ -6993754.19985827524215, -12113537.609802750870585 ], [ -6938279.31550383195281, -12017452.291556848213077 ], [ -6882813.585742391645908, -11921382.829531148076057 ], [ -6827356.886244838126004, -11825329.008381305262446 ], [ -6771909.08178460970521, -11729290.593888046219945 ], [ -6716470.026409592479467, -11633267.3332548905164 ], [ -6661039.563626552931964, -11537258.955427611246705 ] ] ] } },
{ "type": "Feature", "properties": { "ObjectID": 54, "WRLD30_ID": 55.0 }, "geometry": { "type": "Polygon", "coordinates": [ [ [ 0.0, -13322079.127253104001284 ], [ 232502.339518472435884, -13320050.110075084492564 ], [ 464933.856572026794311, -13313963.676599312573671 ], [ 697223.750268953968771, -13303821.680812386795878 ], [ 929301.262857391033322, -13289627.2120644710958 ], [ 1161095.701278818072751, -13271384.594128251075745 ], [ 1392536.458701849449426, -13249099.38388186879456 ], [ 1623553.036029756302014, -13222778.369616249576211 ], [ 1854075.063375177094713, -13192429.568967316299677 ], [ 2084032.321495465235785, -13158062.226473739370704 ], [ 2313354.763182151596993, -13119686.810760967433453 ], [ 2541972.534598002210259, -13077315.011352377012372 ], [ 2769815.996555172838271, -13030959.735108535736799 ], [ 2996815.745727982837707, -12980635.102295637130737 ], [ 3222902.635793838649988, -12926356.442284343764186 ], [ 3448007.798495871946216, -12868140.288880303502083 ], [ 3672062.664620882365853, -12806004.375287797302008 ], [ 3894998.984886179678142, -12739967.628708027303219 ], [ 4116748.85072897747159, -12670050.164573715999722 ], [ 4337244.71499200258404, -12596273.280421745032072 ], [ 4556419.412499006837606, -12518659.449405716732144 ], [ 4774206.180513938888907, -12437232.313450422137976 ], [ 4990538.679077512584627, -12352016.676050275564194 ], [ 5205351.011215005069971, -12263038.494713932275772 ], [ 5418577.743009114637971, -12170324.873057378455997 ], [ 5630153.923531762324274, -12073904.05254790559411 ], [ 5840015.104628775268793, -11973805.403901491314173 ], [ 6048097.36055142339319, -11870059.41813619248569 ], [ 6254337.3074288116768, -11762697.697284281253815 ], [ 6458672.122575231827796, -11651752.944765966385603 ], [ 6661039.563626552931964, -11537258.955427611246705 ], [ 6716470.026409592479467, -11633267.3332548905164 ], [ 6771909.08178460970521, -11729290.593888046219945 ], [ 6827356.886244838126004, -11825329.008381305262446 ], [ 6882813.585742391645908, -11921382.829531148076057 ], [ 6938279.31550383195281, -12017452.291556848213077 ], [ 6993754.19985827524215, -12113537.609802750870585 ], [ 7049238.352078253403306, -12209638.980462638661265 ], [ 7104731.874233569018543, -12305756.580326594412327 ], [ 7160234.857058365829289, -12401890.566550765186548 ], [ 7215747.379831619560719, -12498041.076450364664197 ], [ 7271269.510271225124598, -12594208.227316228672862 ], [ 7326801.304441864602268, -12690392.116255233064294 ], [ 7382342.806676815263927, -12786592.820054868236184 ], [ 7437894.04951382894069, -12882810.395072173327208 ], [ 7493455.053645232692361, -12979044.877147307619452 ], [ 7549025.827882337383926, -13075296.281541913747787 ], [ 7604606.369134252890944, -13171564.60290240868926 ], [ 7660196.662401207722723, -13267849.815248427912593 ], [ 7715796.680782396346331, -13364151.871986409649253 ], [ 7771406.385498436167836, -13460470.705948494374752 ], [ 7827025.725928413681686, -13556806.229456685483456 ], [ 7882654.639661570079625, -13653158.334412377327681 ], [ 7938293.052563566714525, -13749526.892411131411791 ], [ 7993940.878857337869704, -13845911.754882710054517 ], [ 8049598.021218453533947, -13942312.753256257623434 ], [ 8105264.370884930714965, -14038729.699150489643216 ], [ 8160939.807781400159001, -14135162.384588770568371 ], [ 8216624.200657519511878, -14231610.582238836213946 ], [ 8272317.407240501604974, -14328074.045676989480853 ], [ 8328019.274401617236435, -14424552.509676493704319 ], [ 8075007.723653648048639, -14567699.557656768709421 ], [ 7819536.447328696027398, -14706409.143231308087707 ], [ 7561683.264452336356044, -14840639.014116633683443 ], [ 7301526.719601955264807, -14970348.282593762502074 ], [ 7039146.058981305919588, -15095497.437962992116809 ], [ 6774621.206281350925565, -15216048.358579250052571 ], [ 6508032.738334733061492, -15331964.323464315384626 ], [ 6239461.860571291297674, -15443210.023492380976677 ], [ 5968990.382282094098628, -15549751.57214555516839 ], [ 5696700.691699545830488, -15651556.515836028382182 ], [ 5422675.730901127681136, -15748593.843791743740439 ], [ 5146998.970544436946511, -15840833.997502587735653 ], [ 4869754.384441220201552, -15928248.879724185913801 ], [ 4591026.423978132195771, -16010811.8630366101861 ], [ 4310899.992392028681934, -16088497.797955336049199 ], [ 4029460.418907617684454, -16161283.020592026412487 ], [ 3746793.432745346799493, -16229145.359862780198455 ], [ 3462985.137007459066808, -16292064.144241658970714 ], [ 3178121.982450149022043, -16350020.208057433366776 ], [ 2892290.741149824578315, -16402995.897331630811095 ], [ 2605578.480071497149765, -16450975.075156111270189 ], [ 2318072.53454733453691, -16493943.126608524471521 ], [ 2029860.481673476053402, -16531886.963204158470035 ], [ 1741030.113633199362084, -16564795.026882816106081 ], [ 1451669.41095457249321, -16592657.293529512360692 ], [ 1161866.515710731735453, -16615465.276027917861938 ], [ 871709.704670951818116, -16633212.026845619082451 ], [ 581287.362410687608644, -16645892.140150401741266 ], [ 290687.954388775920961, -16653501.753456914797425 ], [ 0.0, -16656038.548803232610226 ], [ 0.0, -16544634.814481001347303 ], [ 0.0, -16433248.401315037161112 ], [ 0.0, -16321879.615562798455358 ], [ 0.0, -16210528.741769859567285 ], [ 0.0, -16099196.04243690520525 ], [ 0.0, -15987881.757714673876762 ], [ 0.0, -15876586.105127131566405 ], [ 0.0, -15765309.279323138296604 ], [ 0.0, -15654051.451856825500727 ], [ 0.0, -15542812.770996870473027 ], [ 0.0, -15431593.361564790830016 ], [ 0.0, -15320393.324802413582802 ], [ 0.0, -15209212.738268503919244 ], [ 0.0, -15098051.655764672905207 ], [ 0.0, -14986910.107290463522077 ], [ 0.0, -14875788.099027656018734 ], [ 0.0, -14764685.613353628665209 ], [ 0.0, -14653602.60888372734189 ], [ 0.0, -14542539.02054244838655 ], [ 0.0, -14431494.759663237258792 ], [ 0.0, -14320469.714116729795933 ], [ 0.0, -14209463.74846713617444 ], [ 0.0, -14098476.704156504943967 ], [ 0.0, -13987508.399716548621655 ], [ 0.0, -13876558.631007662042975 ], [ 0.0, -13765627.171484781429172 ], [ 0.0, -13654713.772489674389362 ], [ 0.0, -13543818.163569217547774 ], [ 0.0, -13432940.05281918309629 ], [ 0.0, -13322079.127253104001284 ] ] ] } },
{ "type": "Feature", "properties": { "ObjectID": 55, "WRLD30_ID": 56.0 }, "geometry": { "type": "Polygon", "coordinates": [ [ [ 6661039.563626552931964, -11537258.955427611246705 ], [ 6861377.987499854527414, -11419250.605247493833303 ], [ 7059626.369170502759516, -11297763.840712254866958 ], [ 7255724.320260966196656, -11172835.667867239564657 ], [ 7449612.107435697689652, -11044504.141044100746512 ], [ 7641230.670596490614116, -10912808.351269086822867 ], [ 7830521.640872756950557, -10777788.414355527609587 ], [ 8017427.358401247300208, -10639485.458684176206589 ], [ 8201890.889889805577695, -10497941.612675098702312 ], [ 8383856.045959802344441, -10353199.991954956203699 ], [ 8563267.398261960595846, -10205304.68622356466949 ], [ 8740070.2963603772223, -10054300.745823742821813 ], [ 8914210.884379560127854, -9900234.168018544092774 ], [ 9085636.117409460246563, -9743151.882980044931173 ], [ 9254293.77766346372664, -9583101.73949395865202 ], [ 9420132.490384435281157, -9420132.490384431555867 ], [ 9583101.739493960514665, -9254293.777663461863995 ], [ 9743151.882980046793818, -9085636.117409456521273 ], [ 9900234.16801854595542, -8914210.884379556402564 ], [ 10054300.745823744684458, -8740070.296360373497009 ], [ 10205304.686223566532135, -8563267.398261958733201 ], [ 10353199.991954958066344, -8383856.045959799550474 ], [ 10497941.612675100564957, -8201890.889889802783728 ], [ 10639485.458684178069234, -8017427.35840124450624 ], [ 10777788.414355529472232, -7830521.64087275415659 ], [ 10912808.351269088685513, -7641230.670596487820148 ], [ 11044504.141044102609158, -7449612.107435693964362 ], [ 11172835.667867241427302, -7255724.320260963402689 ], [ 11297763.840712258592248, -7059626.369170499034226 ], [ 11419250.605247495695949, -6861377.987499852664769 ], [ 11537258.955427611246705, -6661039.563626551069319 ], [ 11633267.333254892379045, -6716470.026409590616822 ], [ 11729290.593888046219945, -6771909.081784607842565 ], [ 11825329.008381307125092, -6827356.886244836263359 ], [ 11921382.829531148076057, -6882813.585742389783263 ], [ 12017452.291556848213077, -6938279.315503830090165 ], [ 12113537.609802752733231, -6993754.199858273379505 ], [ 12209638.980462640523911, -7049238.352078251540661 ], [ 12305756.580326596274972, -7104731.874233567155898 ], [ 12401890.566550767049193, -7160234.857058363966644 ], [ 12498041.076450366526842, -7215747.379831617698073 ], [ 12594208.227316228672862, -7271269.510271223261952 ], [ 12690392.116255234926939, -7326801.304441862739623 ], [ 12786592.820054870098829, -7382342.806676813401282 ], [ 12882810.395072173327208, -7437894.049513827078044 ], [ 12979044.877147309482098, -7493455.053645230829716 ], [ 13075296.281541913747787, -7549025.827882334589958 ], [ 13171564.602902410551906, -7604606.369134250096977 ], [ 13267849.815248429775238, -7660196.662401204928756 ], [ 13364151.871986411511898, -7715796.680782393552363 ], [ 13460470.705948496237397, -7771406.385498433373868 ], [ 13556806.229456685483456, -7827025.725928410887718 ], [ 13653158.334412379190326, -7882654.639661567285657 ], [ 13749526.892411133274436, -7938293.052563563920557 ], [ 13845911.754882711917162, -7993940.878857335075736 ], [ 13942312.753256257623434, -8049598.02121845073998 ], [ 14038729.699150491505861, -8105264.370884927920997 ], [ 14135162.384588772431016, -8160939.807781397365034 ], [ 14231610.582238836213946, -8216624.200657516717911 ], [ 14328074.045676991343498, -8272317.407240498811007 ], [ 14424552.509676495566964, -8328019.274401614442468 ], [ 14277011.603267995640635, -8578494.029803268611431 ], [ 14125121.780820623040199, -8826355.692821703851223 ], [ 13968929.30944568477571, -9071528.762393282726407 ], [ 13808481.766883034259081, -9313938.556425960734487 ], [ 13643828.027008421719074, -9553511.234548205509782 ], [ 13475018.244946053251624, -9790173.820601463317871 ], [ 13302103.841790841892362, -10023854.22486942447722 ], [ 13125137.488945048302412, -10254481.266037233173847 ], [ 12944173.092074058949947, -10481984.692874016240239 ], [ 12759265.774686206132174, -10706295.205632083117962 ], [ 12570471.861341597512364, -10927344.477156303822994 ], [ 12377848.860495131462812, -11145065.173697222024202 ], [ 12181455.446978842839599, -11359390.975421560928226 ], [ 11981351.444128995761275, -11570256.596613895148039 ], [ 11777597.805563310161233, -11777597.805563306435943 ], [ 11570256.596613897010684, -11981351.444128992035985 ], [ 11359390.975421564653516, -12181455.446978839114308 ], [ 11145065.173697225749493, -12377848.860495127737522 ], [ 10927344.477156307548285, -12570471.861341595649719 ], [ 10706295.205632086843252, -12759265.774686202406883 ], [ 10481984.692874019965529, -12944173.092074057087302 ], [ 10254481.266037236899137, -13125137.488945044577122 ], [ 10023854.22486942820251, -13302103.841790840029716 ], [ 9790173.820601467043161, -13475018.244946051388979 ], [ 9553511.234548209235072, -13643828.027008419856429 ], [ 9313938.556425966322422, -13808481.766883030533791 ], [ 9071528.762393286451697, -13968929.309445682913065 ], [ 8826355.692821709439158, -14125121.780820621177554 ], [ 8578494.029803270474076, -14277011.60326799377799 ], [ 8328019.274401617236435, -14424552.509676493704319 ], [ 8272317.407240501604974, -14328074.045676989480853 ], [ 8216624.200657519511878, -14231610.582238836213946 ], [ 8160939.807781400159001, -14135162.384588770568371 ], [ 8105264.370884930714965, -14038729.699150489643216 ], [ 8049598.021218453533947, -13942312.753256257623434 ], [ 7993940.878857337869704, -13845911.754882710054517 ], [ 7938293.052563566714525, -13749526.892411131411791 ], [ 7882654.639661570079625, -13653158.334412377327681 ], [ 7827025.725928413681686, -13556806.229456685483456 ], [ 7771406.385498436167836, -13460470.705948494374752 ], [ 7715796.680782396346331, -13364151.871986409649253 ], [ 7660196.662401207722723, -13267849.815248427912593 ], [ 7604606.369134252890944, -13171564.60290240868926 ], [ 7549025.827882337383926, -13075296.281541913747787 ], [ 7493455.053645232692361, -12979044.877147307619452 ], [ 7437894.04951382894069, -12882810.395072173327208 ], [ 7382342.806676815263927, -12786592.820054868236184 ], [ 7326801.304441864602268, -12690392.116255233064294 ], [ 7271269.510271225124598, -12594208.227316228672862 ], [ 7215747.379831619560719, -12498041.076450364664197 ], [ 7160234.857058365829289, -12401890.566550765186548 ], [ 7104731.874233569018543, -12305756.580326594412327 ], [ 7049238.352078253403306, -12209638.980462638661265 ], [ 6993754.19985827524215, -12113537.609802750870585 ], [ 6938279.31550383195281, -12017452.291556848213077 ], [ 6882813.585742391645908, -11921382.829531148076057 ], [ 6827356.886244838126004, -11825329.008381305262446 ], [ 6771909.08178460970521, -11729290.593888046219945 ], [ 6716470.026409592479467, -11633267.3332548905164 ], [ 6661039.563626552931964, -11537258.955427611246705 ] ] ] } },
{ "type": "Feature", "properties": { "ObjectID": 56, "WRLD30_ID": 57.0 }, "geometry": { "type": "Polygon", "coordinates": [ [ [ 11537258.955427611246705, -6661039.563626551069319 ], [ 11651752.944765968248248, -6458672.122575229033828 ], [ 11762697.69728428311646, -6254337.307428808882833 ], [ 11870059.418136194348335, -6048097.3605514196679 ], [ 11973805.403901493176818, -5840015.104628772474825 ], [ 12073904.052547907456756, -5630153.923531758598983 ], [ 12170324.873057380318642, -5418577.743009110912681 ], [ 12263038.494713934138417, -5205351.011215001344681 ], [ 12352016.676050277426839, -4990538.679077507928014 ], [ 12437232.313450424000621, -4774206.180513934232295 ], [ 12518659.449405716732144, -4556419.412499004974961 ], [ 12596273.280421745032072, -4337244.714991999790072 ], [ 12670050.164573717862368, -4116748.850728974677622 ], [ 12739967.628708029165864, -3894998.984886176418513 ], [ 12806004.375287799164653, -3672062.664620879106224 ], [ 12868140.288880305364728, -3448007.798495868220925 ], [ 12926356.442284343764186, -3222902.635793834459037 ], [ 12980635.102295637130737, -2996815.745727978646755 ], [ 13030959.735108535736799, -2769815.996555168181658 ], [ 13077315.011352378875017, -2541972.534597997087985 ], [ 13119686.810760967433453, -2313354.763182149734348 ], [ 13158062.226473739370704, -2084032.321495462907478 ], [ 13192429.568967316299677, -1854075.063375174300745 ], [ 13222778.369616251438856, -1623553.036029753042385 ], [ 13249099.383881870657206, -1392536.458701845956966 ], [ 13271384.594128251075745, -1161095.701278814580292 ], [ 13289627.2120644710958, -929301.262857387075201 ], [ 13303821.680812386795878, -697223.750268949661404 ], [ 13313963.676599312573671, -464933.856572022254113 ], [ 13320050.110075084492564, -232502.339518467604648 ], [ 13322079.127253104001284, 0.000000005100476 ], [ 13432940.05281918309629, 0.000000005142921 ], [ 13543818.163569217547774, 0.000000005185371 ], [ 13654713.772489674389362, 0.000000005227829 ], [ 13765627.171484781429172, 0.000000005270293 ], [ 13876558.631007662042975, 0.000000005312764 ], [ 13987508.399716548621655, 0.000000005355242 ], [ 14098476.704156504943967, 0.000000005397727 ], [ 14209463.74846713617444, 0.00000000544022 ], [ 14320469.714116729795933, 0.000000005482719 ], [ 14431494.759663237258792, 0.000000005525226 ], [ 14542539.02054244838655, 0.00000000556774 ], [ 14653602.60888372734189, 0.000000005610262 ], [ 14764685.613353628665209, 0.000000005652791 ], [ 14875788.099027656018734, 0.000000005695328 ], [ 14986910.107290463522077, 0.000000005737872 ], [ 15098051.655764672905207, 0.000000005780423 ], [ 15209212.738268503919244, 0.000000005822982 ], [ 15320393.324802413582802, 0.000000005865549 ], [ 15431593.361564790830016, 0.000000005908123 ], [ 15542812.770996870473027, 0.000000005950704 ], [ 15654051.451856825500727, 0.000000005993293 ], [ 15765309.279323138296604, 0.000000006035889 ], [ 15876586.105127131566405, 0.000000006078492 ], [ 15987881.757714673876762, 0.000000006121103 ], [ 16099196.04243690520525, 0.00000000616372 ], [ 16210528.741769859567285, 0.000000006206345 ], [ 16321879.615562798455358, 0.000000006248977 ], [ 16433248.401315037161112, 0.000000006291615 ], [ 16544634.814481001347303, 0.000000006334261 ], [ 16656038.548803232610226, 0.000000006376912 ], [ 16653501.75345691666007, -290687.954388769925572 ], [ 16645892.140150401741266, -581287.362410681904294 ], [ 16633212.026845620945096, -871709.704670946463011 ], [ 16615465.276027917861938, -1161866.515710726846009 ], [ 16592657.293529512360692, -1451669.410954567836598 ], [ 16564795.026882816106081, -1741030.113633194938302 ], [ 16531886.963204158470035, -2029860.48167347186245 ], [ 16493943.126608524471521, -2318072.534547331277281 ], [ 16450975.075156111270189, -2605578.480071494355798 ], [ 16402995.897331630811095, -2892290.741149822250009 ], [ 16350020.208057435229421, -3178121.982450142502785 ], [ 16292064.144241660833359, -3462985.137007453478873 ], [ 16229145.3598627820611, -3746793.432745341677219 ], [ 16161283.020592028275132, -4029460.41890761256218 ], [ 16088497.797955337911844, -4310899.992392024025321 ], [ 16010811.863036612048745, -4591026.423978127539158 ], [ 15928248.879724187776446, -4869754.384441215544939 ], [ 15840833.997502587735653, -5146998.970544433221221 ], [ 15748593.843791745603085, -5422675.730901123955846 ], [ 15651556.515836028382182, -5696700.69169954303652 ], [ 15549751.572145557031035, -5968990.382282088510692 ], [ 15443210.023492382839322, -6239461.860571285709739 ], [ 15331964.323464319109917, -6508032.73833472840488 ], [ 15216048.358579253777862, -6774621.206281346268952 ], [ 15095497.437962993979454, -7039146.058981300331652 ], [ 14970348.282593764364719, -7301526.719601950608194 ], [ 14840639.014116635546088, -7561683.264452332630754 ], [ 14706409.143231309950352, -7819536.447328691370785 ], [ 14567699.557656770572066, -8075007.723653643392026 ], [ 14424552.509676495566964, -8328019.274401614442468 ], [ 14328074.045676991343498, -8272317.407240498811007 ], [ 14231610.582238836213946, -8216624.200657516717911 ], [ 14135162.384588772431016, -8160939.807781397365034 ], [ 14038729.699150491505861, -8105264.370884927920997 ], [ 13942312.753256257623434, -8049598.02121845073998 ], [ 13845911.754882711917162, -7993940.878857335075736 ], [ 13749526.892411133274436, -7938293.052563563920557 ], [ 13653158.334412379190326, -7882654.639661567285657 ], [ 13556806.229456685483456, -7827025.725928410887718 ], [ 13460470.705948496237397, -7771406.385498433373868 ], [ 13364151.871986411511898, -7715796.680782393552363 ], [ 13267849.815248429775238, -7660196.662401204928756 ], [ 13171564.602902410551906, -7604606.369134250096977 ], [ 13075296.281541913747787, -7549025.827882334589958 ], [ 12979044.877147309482098, -7493455.053645230829716 ], [ 12882810.395072173327208, -7437894.049513827078044 ], [ 12786592.820054870098829, -7382342.806676813401282 ], [ 12690392.116255234926939, -7326801.304441862739623 ], [ 12594208.227316228672862, -7271269.510271223261952 ], [ 12498041.076450366526842, -7215747.379831617698073 ], [ 12401890.566550767049193, -7160234.857058363966644 ], [ 12305756.580326596274972, -7104731.874233567155898 ], [ 12209638.980462640523911, -7049238.352078251540661 ], [ 12113537.609802752733231, -6993754.199858273379505 ], [ 12017452.291556848213077, -6938279.315503830090165 ], [ 11921382.829531148076057, -6882813.585742389783263 ], [ 11825329.008381307125092, -6827356.886244836263359 ], [ 11729290.593888046219945, -6771909.081784607842565 ], [ 11633267.333254892379045, -6716470.026409590616822 ], [ 11537258.955427611246705, -6661039.563626551069319 ] ] ] } },
{ "type": "Feature", "properties": { "ObjectID": 57, "WRLD30_ID": 58.0 }, "geometry": { "type": "Polygon", "coordinates": [ [ [ 13322079.127253104001284, 0.000000005100476 ], [ 13320050.110075084492564, 232502.339518474851502 ], [ 13313963.676599312573671, 464933.856572029530071 ], [ 13303821.680812386795878, 697223.750268956879154 ], [ 13289627.2120644710958, 929301.262857394292951 ], [ 13271384.594128251075745, 1161095.701278821798041 ], [ 13249099.38388186879456, 1392536.458701853174716 ], [ 13222778.369616249576211, 1623553.036029760260135 ], [ 13192429.568967314437032, 1854075.063375181518495 ], [ 13158062.226473737508059, 2084032.321495470125228 ], [ 13119686.810760965570807, 2313354.763182156719267 ], [ 13077315.011352377012372, 2541972.534598007332534 ], [ 13030959.735108533874154, 2769815.996555175632238 ], [ 12980635.102295635268092, 2996815.745727985631675 ], [ 12926356.442284343764186, 3222902.635793841443956 ], [ 12868140.288880303502083, 3448007.798495875205845 ], [ 12806004.375287797302008, 3672062.664620886091143 ], [ 12739967.628708027303219, 3894998.984886182937771 ], [ 12670050.164573715999722, 4116748.850728981662542 ], [ 12596273.280421743169427, 4337244.71499200630933 ], [ 12518659.449405714869499, 4556419.412499011494219 ], [ 12437232.313450420275331, 4774206.18051394354552 ], [ 12352016.676050273701549, 4990538.67907751724124 ], [ 12263038.494713930413127, 5205351.011215007863939 ], [ 12170324.873057376593351, 5418577.743009117431939 ], [ 12073904.052547903731465, 5630153.923531765118241 ], [ 11973805.403901489451528, 5840015.104628781788051 ], [ 11870059.418136190623045, 6048097.360551426187158 ], [ 11762697.697284281253815, 6254337.307428812608123 ], [ 11651752.944765964522958, 6458672.122575235553086 ], [ 11537258.95542760938406, 6661039.56362655479461 ], [ 11633267.3332548905164, 6716470.026409594342113 ], [ 11729290.5938880443573, 6771909.081784611567855 ], [ 11825329.008381303399801, 6827356.886244839988649 ], [ 11921382.829531146213412, 6882813.585742393508554 ], [ 12017452.291556846350431, 6938279.315503833815455 ], [ 12113537.60980274900794, 6993754.199858277104795 ], [ 12209638.98046263679862, 7049238.352078255265951 ], [ 12305756.580326592549682, 7104731.874233570881188 ], [ 12401890.566550763323903, 7160234.857058367691934 ], [ 12498041.076450364664197, 7215747.379831621423364 ], [ 12594208.227316226810217, 7271269.510271226987243 ], [ 12690392.116255231201649, 7326801.304441866464913 ], [ 12786592.820054866373539, 7382342.806676817126572 ], [ 12882810.395072171464562, 7437894.049513830803335 ], [ 12979044.877147307619452, 7493455.053645234555006 ], [ 13075296.281541911885142, 7549025.827882339246571 ], [ 13171564.602902406826615, 7604606.36913425475359 ], [ 13267849.815248427912593, 7660196.662401209585369 ], [ 13364151.871986409649253, 7715796.680782398208976 ], [ 13460470.705948492512107, 7771406.385498438030481 ], [ 13556806.229456683620811, 7827025.725928415544331 ], [ 13653158.334412377327681, 7882654.63966157194227 ], [ 13749526.892411131411791, 7938293.05256356857717 ], [ 13845911.754882710054517, 7993940.878857339732349 ], [ 13942312.753256255760789, 8049598.021218455396593 ], [ 14038729.699150489643216, 8105264.37088493257761 ], [ 14135162.384588768705726, 8160939.807781402021646 ], [ 14231610.582238834351301, 8216624.200657521374524 ], [ 14328074.045676989480853, 8272317.407240503467619 ], [ 14424552.509676493704319, 8328019.274401619099081 ], [ 14567699.557656766846776, 8075007.72365365177393 ], [ 14706409.143231308087707, 7819536.447328696027398 ], [ 14840639.014116631820798, 7561683.264452341012657 ], [ 14970348.282593758776784, 7301526.719601962715387 ], [ 15095497.437962990254164, 7039146.058981308713555 ], [ 15216048.358579250052571, 6774621.206281353719532 ], [ 15331964.323464315384626, 6508032.738334736786783 ], [ 15443210.023492379114032, 6239461.86057129688561 ], [ 15549751.572145553305745, 5968990.382282099686563 ], [ 15651556.515836024656892, 5696700.691699551418424 ], [ 15748593.843791741877794, 5422675.730901132337749 ], [ 15840833.997502585873008, 5146998.970544441603124 ], [ 15928248.879724185913801, 4869754.384441224858165 ], [ 16010811.863036608323455, 4591026.423978136852384 ], [ 16088497.797955334186554, 4310899.992392033338547 ], [ 16161283.020592026412487, 4029460.418907620944083 ], [ 16229145.359862780198455, 3746793.432745350524783 ], [ 16292064.144241658970714, 3462985.137007462326437 ], [ 16350020.20805743150413, 3178121.982450155075639 ], [ 16402995.89733162894845, 2892290.741149831097573 ], [ 16450975.075156109407544, 2605578.480071503203362 ], [ 16493943.126608524471521, 2318072.534547340124846 ], [ 16531886.963204158470035, 2029860.481673480942845 ], [ 16564795.026882816106081, 1741030.113633204018697 ], [ 16592657.293529510498047, 1451669.410954576916993 ], [ 16615465.276027917861938, 1161866.515710735926405 ], [ 16633212.026845619082451, 871709.704670955543406 ], [ 16645892.140150401741266, 581287.362410690984689 ], [ 16653501.753456914797425, 290687.954388778947759 ], [ 16656038.548803232610226, 0.000000006376912 ], [ 16544634.814481001347303, 0.000000006334261 ], [ 16433248.401315037161112, 0.000000006291615 ], [ 16321879.615562798455358, 0.000000006248977 ], [ 16210528.741769859567285, 0.000000006206345 ], [ 16099196.04243690520525, 0.00000000616372 ], [ 15987881.757714673876762, 0.000000006121103 ], [ 15876586.105127131566405, 0.000000006078492 ], [ 15765309.279323138296604, 0.000000006035889 ], [ 15654051.451856825500727, 0.000000005993293 ], [ 15542812.770996870473027, 0.000000005950704 ], [ 15431593.361564790830016, 0.000000005908123 ], [ 15320393.324802413582802, 0.000000005865549 ], [ 15209212.738268503919244, 0.000000005822982 ], [ 15098051.655764672905207, 0.000000005780423 ], [ 14986910.107290463522077, 0.000000005737872 ], [ 14875788.099027656018734, 0.000000005695328 ], [ 14764685.613353628665209, 0.000000005652791 ], [ 14653602.60888372734189, 0.000000005610262 ], [ 14542539.02054244838655, 0.00000000556774 ], [ 14431494.759663237258792, 0.000000005525226 ], [ 14320469.714116729795933, 0.000000005482719 ], [ 14209463.74846713617444, 0.00000000544022 ], [ 14098476.704156504943967, 0.000000005397727 ], [ 13987508.399716548621655, 0.000000005355242 ], [ 13876558.631007662042975, 0.000000005312764 ], [ 13765627.171484781429172, 0.000000005270293 ], [ 13654713.772489674389362, 0.000000005227829 ], [ 13543818.163569217547774, 0.000000005185371 ], [ 13432940.05281918309629, 0.000000005142921 ], [ 13322079.127253104001284, 0.000000005100476 ] ] ] } },
{ "type": "Feature", "properties": { "ObjectID": 58, "WRLD30_ID": 59.0 }, "geometry": { "type": "Polygon", "coordinates": [ [ [ 11537258.95542760938406, 6661039.56362655479461 ], [ 11419250.605247491970658, 6861377.987499859184027 ], [ 11297763.840712253004313, 7059626.369170504622161 ], [ 11172835.667867235839367, 7255724.320260970853269 ], [ 11044504.141044098883867, 7449612.107435699552298 ], [ 10912808.351269083097577, 7641230.670596496202052 ], [ 10777788.414355525746942, 7830521.640872759744525 ], [ 10639485.458684172481298, 8017427.35840125195682 ], [ 10497941.612675094977021, 8201890.889889808371663 ], [ 10353199.991954956203699, 8383856.045959803275764 ], [ 10205304.6862235609442, 8563267.398261966183782 ], [ 10054300.745823740959167, 8740070.296360379084945 ], [ 9900234.168018540367484, 8914210.884379563853145 ], [ 9743151.882980043068528, 9085636.117409460246563 ], [ 9583101.739493954926729, 9254293.77766346745193 ], [ 9420132.490384429693222, 9420132.490384435281157 ], [ 9254293.777663456276059, 9583101.7394939661026 ], [ 9085636.117409454658628, 9743151.882980048656464 ], [ 8914210.884379550814629, 9900234.16801854968071 ], [ 8740070.296360371634364, 10054300.745823746547103 ], [ 8563267.398261958733201, 10205304.686223566532135 ], [ 8383856.045959795825183, 10353199.991954961791635 ], [ 8201890.889889800921082, 10497941.612675102427602 ], [ 8017427.358401239849627, 10639485.458684181794524 ], [ 7830521.640872752293944, 10777788.414355531334877 ], [ 7641230.670596483163536, 10912808.351269092410803 ], [ 7449612.107435692101717, 11044504.141044104471803 ], [ 7255724.320260957814753, 11172835.667867245152593 ], [ 7059626.369170497171581, 11297763.840712258592248 ], [ 6861377.987499846145511, 11419250.605247499421239 ], [ 6661039.563626546412706, 11537258.955427614971995 ], [ 6716470.026409585960209, 11633267.333254894241691 ], [ 6771909.081784603185952, 11729290.593888049945235 ], [ 6827356.886244831606746, 11825329.008381308987737 ], [ 6882813.58574238512665, 11921382.829531151801348 ], [ 6938279.315503825433552, 12017452.291556851938367 ], [ 6993754.199858268722892, 12113537.609802754595876 ], [ 7049238.352078246884048, 12209638.980462642386556 ], [ 7104731.874233562499285, 12305756.580326598137617 ], [ 7160234.857058358378708, 12401890.566550768911839 ], [ 7215747.379831612110138, 12498041.076450368389487 ], [ 7271269.510271217674017, 12594208.227316232398152 ], [ 7326801.304441857151687, 12690392.116255236789584 ], [ 7382342.806676807813346, 12786592.820054871961474 ], [ 7437894.049513821490109, 12882810.395072177052498 ], [ 7493455.05364522524178, 12979044.877147311344743 ], [ 7549025.827882329933345, 13075296.281541917473078 ], [ 7604606.369134245440364, 13171564.602902412414551 ], [ 7660196.662401200272143, 13267849.815248431637883 ], [ 7715796.68078238889575, 13364151.871986415237188 ], [ 7771406.385498428717256, 13460470.705948498100042 ], [ 7827025.725928406231105, 13556806.229456689208746 ], [ 7882654.639661562629044, 13653158.334412382915616 ], [ 7938293.052563559263945, 13749526.892411136999726 ], [ 7993940.878857330419123, 13845911.754882715642452 ], [ 8049598.021218446083367, 13942312.753256261348724 ], [ 8105264.370884923264384, 14038729.699150495231152 ], [ 8160939.807781392708421, 14135162.384588774293661 ], [ 8216624.200657512061298, 14231610.582238839939237 ], [ 8272317.407240493223071, 14328074.045676995068789 ], [ 8328019.274401608854532, 14424552.509676499292254 ], [ 8578494.029803259298205, 14277011.603268001228571 ], [ 8826355.692821701988578, 14125121.780820624902844 ], [ 9071528.762393275275826, 13968929.309445688501 ], [ 9313938.556425958871841, 13808481.766883034259081 ], [ 9553511.234548199921846, 13643828.027008425444365 ], [ 9790173.820601461455226, 13475018.244946055114269 ], [ 10023854.224869418889284, 13302103.841790845617652 ], [ 10254481.266037231311202, 13125137.488945050165057 ], [ 10481984.692874010652304, 12944173.092074062675238 ], [ 10706295.205632081255317, 12759265.774686206132174 ], [ 10927344.477156301960349, 12570471.861341601237655 ], [ 11145065.173697216436267, 12377848.860495137050748 ], [ 11359390.975421557202935, 12181455.446978844702244 ], [ 11570256.596613887697458, 11981351.444129001349211 ], [ 11777597.805563304573298, 11777597.805563312023878 ], [ 11981351.444128988310695, 11570256.596613902598619 ], [ 12181455.446978837251663, 11359390.975421566516161 ], [ 12377848.860495124012232, 11145065.173697229474783 ], [ 12570471.861341593787074, 10927344.47715630941093 ], [ 12759265.774686198681593, 10706295.205632090568542 ], [ 12944173.092074055224657, 10481984.692874019965529 ], [ 13125137.488945042714477, 10254481.266037240624428 ], [ 13302103.841790834441781, 10023854.224869433790445 ], [ 13475018.244946049526334, 9790173.820601470768452 ], [ 13643828.027008414268494, 9553511.234548214823008 ], [ 13808481.766883028671145, 9313938.556425968185067 ], [ 13968929.309445679187775, 9071528.762393292039633 ], [ 14125121.780820619314909, 8826355.692821711301804 ], [ 14277011.6032679900527, 8578494.029803276062012 ], [ 14424552.509676493704319, 8328019.274401619099081 ], [ 14328074.045676989480853, 8272317.407240503467619 ], [ 14231610.582238834351301, 8216624.200657521374524 ], [ 14135162.384588768705726, 8160939.807781402021646 ], [ 14038729.699150489643216, 8105264.37088493257761 ], [ 13942312.753256255760789, 8049598.021218455396593 ], [ 13845911.754882710054517, 7993940.878857339732349 ], [ 13749526.892411131411791, 7938293.05256356857717 ], [ 13653158.334412377327681, 7882654.63966157194227 ], [ 13556806.229456683620811, 7827025.725928415544331 ], [ 13460470.705948492512107, 7771406.385498438030481 ], [ 13364151.871986409649253, 7715796.680782398208976 ], [ 13267849.815248427912593, 7660196.662401209585369 ], [ 13171564.602902406826615, 7604606.36913425475359 ], [ 13075296.281541911885142, 7549025.827882339246571 ], [ 12979044.877147307619452, 7493455.053645234555006 ], [ 12882810.395072171464562, 7437894.049513830803335 ], [ 12786592.820054866373539, 7382342.806676817126572 ], [ 12690392.116255231201649, 7326801.304441866464913 ], [ 12594208.227316226810217, 7271269.510271226987243 ], [ 12498041.076450364664197, 7215747.379831621423364 ], [ 12401890.566550763323903, 7160234.857058367691934 ], [ 12305756.580326592549682, 7104731.874233570881188 ], [ 12209638.98046263679862, 7049238.352078255265951 ], [ 12113537.60980274900794, 6993754.199858277104795 ], [ 12017452.291556846350431, 6938279.315503833815455 ], [ 11921382.829531146213412, 6882813.585742393508554 ], [ 11825329.008381303399801, 6827356.886244839988649 ], [ 11729290.5938880443573, 6771909.081784611567855 ], [ 11633267.3332548905164, 6716470.026409594342113 ], [ 11537258.95542760938406, 6661039.56362655479461 ] ] ] } },
{ "type": "Feature", "properties": { "ObjectID": 59, "WRLD30_ID": 60.0 }, "geometry": { "type": "Polygon", "coordinates": [ [ [ 6661039.563626546412706, 11537258.955427614971995 ], [ 6458672.122575227171183, 11651752.944765970110893 ], [ 6254337.30742880422622, 11762697.697284284979105 ], [ 6048097.360551417805254, 11870059.41813619621098 ], [ 5840015.104628767818213, 11973805.403901496902108 ], [ 5630153.923531756736338, 12073904.052547907456756 ], [ 5418577.743009106256068, 12170324.873057382181287 ], [ 5205351.011214999482036, 12263038.494713934138417 ], [ 4990538.679077503271401, 12352016.676050279289484 ], [ 4774206.180513932369649, 12437232.313450424000621 ], [ 4556419.412499003112316, 12518659.44940571859479 ], [ 4337244.71499199513346, 12596273.280421746894717 ], [ 4116748.850728972814977, 12670050.164573717862368 ], [ 3894998.984886171296239, 12739967.628708031028509 ], [ 3672062.664620876777917, 12806004.375287799164653 ], [ 3448007.798495863564312, 12868140.288880307227373 ], [ 3222902.63579383213073, 12926356.442284345626831 ], [ 2996815.745727973990142, 12980635.102295638993382 ], [ 2769815.996555166319013, 13030959.735108535736799 ], [ 2541972.534597992431372, 13077315.011352378875017 ], [ 2313354.763182144612074, 13119686.810760967433453 ], [ 2084032.321495460812002, 13158062.226473739370704 ], [ 1854075.063375169178471, 13192429.568967316299677 ], [ 1623553.036029750946909, 13222778.369616251438856 ], [ 1392536.458701840834692, 13249099.383881870657206 ], [ 1161095.701278812484816, 13271384.594128251075745 ], [ 929301.262857381952927, 13289627.2120644710958 ], [ 697223.750268947565928, 13303821.680812386795878 ], [ 464933.856572017190047, 13313963.676599312573671 ], [ 232502.339518465480069, 13320050.110075084492564 ], [ -0.000000013463813, 13322079.127253104001284 ], [ -0.000000013575854, 13432940.05281918309629 ], [ -0.000000013687912, 13543818.163569217547774 ], [ -0.000000013799987, 13654713.772489674389362 ], [ -0.00000001391208, 13765627.171484781429172 ], [ -0.000000014024192, 13876558.631007662042975 ], [ -0.000000014136322, 13987508.399716548621655 ], [ -0.000000014248471, 14098476.704156504943967 ], [ -0.000000014360639, 14209463.74846713617444 ], [ -0.000000014472826, 14320469.714116729795933 ], [ -0.000000014585032, 14431494.759663237258792 ], [ -0.000000014697258, 14542539.02054244838655 ], [ -0.000000014809503, 14653602.60888372734189 ], [ -0.000000014921768, 14764685.613353628665209 ], [ -0.000000015034052, 14875788.099027656018734 ], [ -0.000000015146357, 14986910.107290463522077 ], [ -0.000000015258681, 15098051.655764672905207 ], [ -0.000000015371024, 15209212.738268503919244 ], [ -0.000000015483388, 15320393.324802413582802 ], [ -0.000000015595771, 15431593.361564790830016 ], [ -0.000000015708174, 15542812.770996870473027 ], [ -0.000000015820596, 15654051.451856825500727 ], [ -0.000000015933037, 15765309.279323138296604 ], [ -0.000000016045498, 15876586.105127131566405 ], [ -0.000000016157978, 15987881.757714673876762 ], [ -0.000000016270476, 16099196.04243690520525 ], [ -0.000000016382993, 16210528.741769859567285 ], [ -0.000000016495529, 16321879.615562798455358 ], [ -0.000000016608083, 16433248.401315037161112 ], [ -0.000000016720654, 16544634.814481001347303 ], [ -0.000000016833243, 16656038.548803232610226 ], [ 290687.95438876724802, 16653501.75345691666007 ], [ 581287.362410675501451, 16645892.140150401741266 ], [ 871709.704670943785459, 16633212.026845620945096 ], [ 1161866.515710720559582, 16615465.276027919724584 ], [ 1451669.41095456527546, 16592657.293529512360692 ], [ 1741030.113633188651875, 16564795.026882816106081 ], [ 2029860.481673469301313, 16531886.96320416033268 ], [ 2318072.534547324758023, 16493943.126608526334167 ], [ 2605578.48007149156183, 16450975.075156111270189 ], [ 2892290.741149815730751, 16402995.89733163267374 ], [ 3178121.982450136449188, 16350020.208057435229421 ], [ 3462985.137007450684905, 16292064.144241660833359 ], [ 3746793.432745335157961, 16229145.359862783923745 ], [ 4029460.418907609768212, 16161283.020592028275132 ], [ 4310899.992392018437386, 16088497.797955339774489 ], [ 4591026.423978125676513, 16010811.863036612048745 ], [ 4869754.384441209957004, 15928248.879724189639091 ], [ 5146998.970544430427253, 15840833.997502589598298 ], [ 5422675.73090111836791, 15748593.84379174746573 ], [ 5696700.691699540242553, 15651556.515836030244827 ], [ 5968990.382282085716724, 15549751.572145558893681 ], [ 6239461.860571279190481, 15443210.023492384701967 ], [ 6508032.738334725610912, 15331964.323464319109917 ], [ 6774621.206281339749694, 15216048.358579255640507 ], [ 7039146.058981298469007, 15095497.437962995842099 ], [ 7301526.719601945020258, 14970348.282593766227365 ], [ 7561683.264452329836786, 14840639.014116637408733 ], [ 7819536.44732868578285, 14706409.143231313675642 ], [ 8075007.723653641529381, 14567699.557656772434711 ], [ 8328019.274401608854532, 14424552.509676499292254 ], [ 8272317.407240493223071, 14328074.045676995068789 ], [ 8216624.200657512061298, 14231610.582238839939237 ], [ 8160939.807781392708421, 14135162.384588774293661 ], [ 8105264.370884923264384, 14038729.699150495231152 ], [ 8049598.021218446083367, 13942312.753256261348724 ], [ 7993940.878857330419123, 13845911.754882715642452 ], [ 7938293.052563559263945, 13749526.892411136999726 ], [ 7882654.639661562629044, 13653158.334412382915616 ], [ 7827025.725928406231105, 13556806.229456689208746 ], [ 7771406.385498428717256, 13460470.705948498100042 ], [ 7715796.68078238889575, 13364151.871986415237188 ], [ 7660196.662401200272143, 13267849.815248431637883 ], [ 7604606.369134245440364, 13171564.602902412414551 ], [ 7549025.827882329933345, 13075296.281541917473078 ], [ 7493455.05364522524178, 12979044.877147311344743 ], [ 7437894.049513821490109, 12882810.395072177052498 ], [ 7382342.806676807813346, 12786592.820054871961474 ], [ 7326801.304441857151687, 12690392.116255236789584 ], [ 7271269.510271217674017, 12594208.227316232398152 ], [ 7215747.379831612110138, 12498041.076450368389487 ], [ 7160234.857058358378708, 12401890.566550768911839 ], [ 7104731.874233562499285, 12305756.580326598137617 ], [ 7049238.352078246884048, 12209638.980462642386556 ], [ 6993754.199858268722892, 12113537.609802754595876 ], [ 6938279.315503825433552, 12017452.291556851938367 ], [ 6882813.58574238512665, 11921382.829531151801348 ], [ 6827356.886244831606746, 11825329.008381308987737 ], [ 6771909.081784603185952, 11729290.593888049945235 ], [ 6716470.026409585960209, 11633267.333254894241691 ], [ 6661039.563626546412706, 11537258.955427614971995 ] ] ] } }
]
}
