{
"type": "FeatureCollection",
"name": "sirius",
"crs": { "type": "name", "properties": { "name": "urn:ogc:def:crs:ESRI::102016" } },
"features": [
{ "type": "Feature", "properties": { "ISO3": "AFG", "ISO2": "AF", "ISONUM": 4, "NAMEen": "Afghanistan", "NAMEfr": "Afghanistan", "NAMEde": "Afghanistan", "REGION_BLOC": null, "REGION_UN": "Asia", "SUBREGION_UN": "Southern Asia", "LAST_DEV": "TRUE", "AREA_2021": 652860.0, "FOREST_AREA_2021": 12084.4, "POP_2023": 42239854, "LIFE_EXP_2022": 62.879, "FERT_2022": 4.523, "HIV_2022": 0.1, "CO2_POP_2020": 0.22347887200706801, "GNI_POP_2023": 2100, "INC_20P_2021": null, "GDP_INDS_2023": 16.050367722396299, "HIG_TEC_EXP_2022": 0.0, "MIL_EXP_2022": 1.827933856217, "JamesBond": 1, "ARG_nacion": 155.0, "AUS_sydmor": 502.0, "BRA_oglobo": 517.0, "CAN_tostar": 832.0, "CHN_mopost": 395.0, "DEU_frankf": 1199.0, "DZA_alnaha": 1059.0, "EGY_alwafd": 1021.0, "ESP_abc": 474.0, "FRA_lmonde": 973.0, "GBR_indept": 678.0, "IDN_republ": 77.0, "IND_tindia": 1049.0, "IRN_hamsha": 1554.0, "ITA_repubb": 601.0, "JPN_asahis": 89.0, "KEN_standa": 385.0, "MEX_inform": 630.0, "NGA_vangua": 231.0, "RUS_isvest": 554.0, "SAU_spa": 1081.0, "TUR_sabah": 954.0, "USA_nytime": 1398.0, "ZAF_times": 334.0, "mean": 697.58333333333337, "rnk": 38.0, "sd": 411.02448003544242, "min": 77.0, "Q1": 392.5, "Q2": 615.5, "Q3": 1028.0, "max": 1554.0, "nbsup0": 24, "nbsup10": 24, "nbsup100": 22 }, "geometry": { "type": "MultiPolygon", "coordinates": [ [ [ [ 5676585.868703846819699, -1532478.146260405890644 ], [ 5689523.297611143440008, -1573316.132183816283941 ], [ 5653144.719918668270111, -1775358.185444361763075 ], [ 5689487.96823066752404, -1940636.891282378463075 ], [ 5793866.349185074679554, -1923579.266490564448759 ], [ 5894956.517340720631182, -2022592.633253682171926 ], [ 5857629.84288087580353, -2131674.359638822264969 ], [ 5944091.767599984072149, -2128942.844748714007437 ], [ 5941182.966545669361949, -2215703.100679838564247 ], [ 6049491.820015914738178, -2286051.262684771791101 ], [ 6014328.639618393033743, -2410538.175673075485975 ], [ 6027695.88337364885956, -2637663.246775500010699 ], [ 6130119.827556022442877, -2704263.730607976205647 ], [ 6071160.190197542309761, -2949818.272542599588633 ], [ 5983876.92781497258693, -3117995.232254832051694 ], [ 5848988.777411630377173, -3262946.499368818476796 ], [ 5806706.389910018071532, -3115460.097142343875021 ], [ 5746228.12088358681649, -3099049.394063367974013 ], [ 5689293.515790844336152, -3176805.711940658744425 ], [ 5465089.466522469185293, -3090514.575678118504584 ], [ 5312871.036902932450175, -2912367.699571078643203 ], [ 5410746.311604041606188, -2840462.488867992535233 ], [ 5391177.992940086871386, -2706420.210208524949849 ], [ 5402801.761571344919503, -2583422.941917898599058 ], [ 5331433.447922268882394, -2478945.071685825940222 ], [ 5326322.251217901706696, -2398053.727114527486265 ], [ 5379391.058773714117706, -2336839.364216895774007 ], [ 5447524.86426112614572, -2225251.855970347765833 ], [ 5482985.13242235314101, -2214031.513103989884257 ], [ 5471577.107155281119049, -2042620.457079151412472 ], [ 5498334.281511414796114, -1984090.672546402318403 ], [ 5424381.250948345288634, -1893101.265241362154484 ], [ 5508863.579373800195754, -1832797.682117617456242 ], [ 5634986.747128231450915, -1873302.563569528283551 ], [ 5606832.100899091921747, -1684682.576955334516242 ], [ 5676585.868703846819699, -1532478.146260405890644 ] ] ] ] } },
{ "type": "Feature", "properties": { "ISO3": "AGO", "ISO2": "AO", "ISONUM": 24, "NAMEen": "Angola", "NAMEfr": "Angola", "NAMEde": "Angola", "REGION_BLOC": "SADC", "REGION_UN": "Africa", "SUBREGION_UN": "Sub-Saharan Africa", "LAST_DEV": "TRUE", "AREA_2021": 1246700.0, "FOREST_AREA_2021": 660523.133, "POP_2023": 36684202, "LIFE_EXP_2022": 61.929, "FERT_2022": 5.209, "HIV_2022": 1.5, "CO2_POP_2020": 0.59274296777903701, "GNI_POP_2023": 7310, "INC_20P_2021": 3.8, "GDP_INDS_2023": 45.317249867843103, "HIG_TEC_EXP_2022": 22.063503999578099, "MIL_EXP_2022": 1.32872232786494, "JamesBond": 0, "ARG_nacion": 50.0, "AUS_sydmor": 9.0, "BRA_oglobo": 124.0, "CAN_tostar": 12.0, "CHN_mopost": 16.0, "DEU_frankf": 19.0, "DZA_alnaha": 54.0, "EGY_alwafd": 0.0, "ESP_abc": 56.0, "FRA_lmonde": 101.0, "GBR_indept": 32.0, "IDN_republ": 22.0, "IND_tindia": 14.0, "IRN_hamsha": 16.0, "ITA_repubb": 57.0, "JPN_asahis": 0.0, "KEN_standa": 148.0, "MEX_inform": 32.0, "NGA_vangua": 242.0, "RUS_isvest": 26.0, "SAU_spa": 4.0, "TUR_sabah": 24.0, "USA_nytime": 34.0, "ZAF_times": 240.0, "mean": 55.5, "rnk": 144.0, "sd": 68.451823744243967, "min": 0.0, "Q1": 15.5, "Q2": 29.0, "Q3": 56.25, "max": 242.0, "nbsup0": 22, "nbsup10": 20, "nbsup100": 5 }, "geometry": { "type": "MultiPolygon", "coordinates": [ [ [ [ 4551627.868933098390698, -10238698.009323203936219 ], [ 4653117.609761407598853, -10450762.643492985516787 ], [ 4281714.144491398707032, -10608339.516897190362215 ], [ 4413508.889813968911767, -10932713.859664905816317 ], [ 4452968.590817529708147, -10961872.133312227204442 ], [ 4743686.970680030994117, -10971651.83166453614831 ], [ 4261227.512985804118216, -11214103.541457330808043 ], [ 3848400.882106309756637, -11329236.41245660930872 ], [ 3774828.743839707225561, -11312222.606039311736822 ], [ 2873944.447815074119717, -11576029.036149883642793 ], [ 2705290.335791049525142, -11564649.718783022835851 ], [ 2428703.378036114387214, -11659982.850140644237399 ], [ 2393025.144659366924316, -11503098.467839570716023 ], [ 2472845.81787207396701, -11367499.828422915190458 ], [ 2489071.929288010578603, -11215706.916513901203871 ], [ 2678077.442550897598267, -11036278.184361992403865 ], [ 2657717.652944052126259, -10858781.910342309623957 ], [ 2475486.65864862408489, -10725629.288419995456934 ], [ 2525566.513474880252033, -10626393.415372930467129 ], [ 2390347.55432752892375, -10496740.406429782509804 ], [ 2270224.168431385885924, -10434006.500649638473988 ], [ 2429040.609624512959272, -10369378.913802618160844 ], [ 2991882.226499709766358, -10220987.527215968817472 ], [ 3284691.08882707497105, -10389651.196791887283325 ], [ 3608404.218693840317428, -10272001.611269939690828 ], [ 3601241.974438034929335, -10157245.280182149261236 ], [ 3790402.137128881644458, -10078023.122081505134702 ], [ 3788760.461699705105275, -10122392.693231478333473 ], [ 4011081.422829632647336, -10036015.162765977904201 ], [ 4088496.612161066848785, -10149927.06793268583715 ], [ 4119303.913184340577573, -10270796.770935174077749 ], [ 4233034.915283219888806, -10314266.678096324205399 ], [ 4256275.257772482000291, -10410054.782549040392041 ], [ 4551627.868933098390698, -10238698.009323203936219 ] ] ], [ [ [ 2378430.178364902269095, -10241986.830997170880437 ], [ 2275797.672014757059515, -10312820.56083457171917 ], [ 2250255.920665998477489, -10398583.309531103819609 ], [ 2196659.844287043437362, -10325957.548430120572448 ], [ 2333477.196929859928787, -10225982.95699112303555 ], [ 2378430.178364902269095, -10241986.830997170880437 ] ] ] ] } },
{ "type": "Feature", "properties": { "ISO3": "ALB", "ISO2": "AL", "ISONUM": 8, "NAMEen": "Albania", "NAMEfr": "Albanie", "NAMEde": "Albanien", "REGION_BLOC": null, "REGION_UN": "Europe", "SUBREGION_UN": "Southern Europe", "LAST_DEV": "FALSE", "AREA_2021": 28750.0, "FOREST_AREA_2021": 7889.0, "POP_2023": 2745972, "LIFE_EXP_2022": 76.833, "FERT_2022": 1.376, "HIV_2022": 0.1, "CO2_POP_2020": 1.5445501152457399, "GNI_POP_2023": 21110, "INC_20P_2021": 8.4, "GDP_INDS_2023": 21.156164342745601, "HIG_TEC_EXP_2022": 0.059640997756803697, "MIL_EXP_2022": 1.5848809238458601, "JamesBond": 1, "ARG_nacion": 26.0, "AUS_sydmor": 11.0, "BRA_oglobo": 25.0, "CAN_tostar": 58.0, "CHN_mopost": 14.0, "DEU_frankf": 93.0, "DZA_alnaha": 30.0, "EGY_alwafd": 58.0, "ESP_abc": 86.0, "FRA_lmonde": 79.0, "GBR_indept": 34.0, "IDN_republ": 73.0, "IND_tindia": 30.0, "IRN_hamsha": 45.0, "ITA_repubb": 304.0, "JPN_asahis": 0.0, "KEN_standa": 12.0, "MEX_inform": 43.0, "NGA_vangua": 30.0, "RUS_isvest": 38.0, "SAU_spa": 132.0, "TUR_sabah": 196.0, "USA_nytime": 43.0, "ZAF_times": 23.0, "mean": 61.791666666666664, "rnk": 137.0, "sd": 67.333032895010604, "min": 0.0, "Q1": 25.75, "Q2": 40.5, "Q3": 74.5, "max": 304.0, "nbsup0": 23, "nbsup10": 23, "nbsup100": 3 }, "geometry": { "type": "MultiPolygon", "coordinates": [ [ [ [ 1814782.240339814219624, -4968539.862199578434229 ], [ 1884545.024109415244311, -5022493.050627955235541 ], [ 1921302.061898278072476, -5102473.957868290133774 ], [ 1936251.741569629870355, -5117504.694123862311244 ], [ 1955661.759357303846627, -5110383.449468735605478 ], [ 1960312.908206710359082, -5116245.243528029881418 ], [ 1971534.323393481783569, -5130340.099363285116851 ], [ 1917510.657126304460689, -5268360.7612697891891 ], [ 1819012.588879550341517, -5191430.568294801749289 ], [ 1779532.915193210588768, -5063104.167495115660131 ], [ 1771362.937613392947242, -5038184.186551579274237 ], [ 1765172.95178098953329, -5012347.794051425531507 ], [ 1814782.240339814219624, -4968539.862199578434229 ] ] ] ] } },
{ "type": "Feature", "properties": { "ISO3": "AND", "ISO2": "AD", "ISONUM": 20, "NAMEen": "Andorra", "NAMEfr": "Andorre", "NAMEde": "Andorra", "REGION_BLOC": null, "REGION_UN": "Europe", "SUBREGION_UN": "Southern Europe", "LAST_DEV": "FALSE", "AREA_2021": 470.0, "FOREST_AREA_2021": 160.0, "POP_2023": 80088, "LIFE_EXP_2022": null, "FERT_2022": 1.27, "HIV_2022": null, "CO2_POP_2020": 5.7771479922779898, "GNI_POP_2023": 75090, "INC_20P_2021": null, "GDP_INDS_2023": 11.4140681653372, "HIG_TEC_EXP_2022": 11.6593864540719, "MIL_EXP_2022": null, "JamesBond": 0, "ARG_nacion": 44.0, "AUS_sydmor": 1.0, "BRA_oglobo": 10.0, "CAN_tostar": 0.0, "CHN_mopost": 3.0, "DEU_frankf": 16.0, "DZA_alnaha": 9.0, "EGY_alwafd": 3.0, "ESP_abc": 316.0, "FRA_lmonde": 15.0, "GBR_indept": 7.0, "IDN_republ": 17.0, "IND_tindia": 0.0, "IRN_hamsha": 1.0, "ITA_repubb": 75.0, "JPN_asahis": 0.0, "KEN_standa": 0.0, "MEX_inform": 36.0, "NGA_vangua": 4.0, "RUS_isvest": 0.0, "SAU_spa": 3.0, "TUR_sabah": 52.0, "USA_nytime": 4.0, "ZAF_times": 0.0, "mean": 25.666666666666668, "rnk": 172.0, "sd": 64.829989481966479, "min": 0.0, "Q1": 0.75, "Q2": 4.0, "Q3": 16.25, "max": 316.0, "nbsup0": 18, "nbsup10": 8, "nbsup100": 1 }, "geometry": { "type": "MultiPolygon", "coordinates": [ [ [ [ 159055.907825420465088, -5295775.841770435683429 ], [ 134259.699174245324684, -5307847.865894275717437 ], [ 118879.150928550036042, -5288484.440799656324089 ], [ 143749.247295315959491, -5275418.103689382784069 ], [ 159055.907825420465088, -5295775.841770435683429 ] ] ] ] } },
{ "type": "Feature", "properties": { "ISO3": "ARE", "ISO2": "AE", "ISONUM": 784, "NAMEen": "United Arab Emirates", "NAMEfr": "Émirats arabes unis", "NAMEde": "Vereinigte Arabische Emirate", "REGION_BLOC": "Arab League", "REGION_UN": "Asia", "SUBREGION_UN": "Western Asia", "LAST_DEV": "FALSE", "AREA_2021": 98647.9, "FOREST_AREA_2021": 3173.0, "POP_2023": 9516871, "LIFE_EXP_2022": 79.196, "FERT_2022": 1.443, "HIV_2022": 0.1, "CO2_POP_2020": 20.252271680142599, "GNI_POP_2023": 83750, "INC_20P_2021": 9.2, "GDP_INDS_2023": 51.464463580984003, "HIG_TEC_EXP_2022": 9.2856011053786602, "MIL_EXP_2022": 5.6436513524702399, "JamesBond": 0, "ARG_nacion": 96.0, "AUS_sydmor": 168.0, "BRA_oglobo": 62.0, "CAN_tostar": 133.0, "CHN_mopost": 152.0, "DEU_frankf": 37.0, "DZA_alnaha": 855.0, "EGY_alwafd": 1720.0, "ESP_abc": 77.0, "FRA_lmonde": 117.0, "GBR_indept": 161.0, "IDN_republ": 395.0, "IND_tindia": 578.0, "IRN_hamsha": 160.0, "ITA_repubb": 96.0, "JPN_asahis": 0.0, "KEN_standa": 248.0, "MEX_inform": 37.0, "NGA_vangua": 324.0, "RUS_isvest": 194.0, "SAU_spa": 3080.0, "TUR_sabah": 230.0, "USA_nytime": 90.0, "ZAF_times": 133.0, "mean": 380.95833333333331, "rnk": 64.0, "sd": 679.8595429854654, "min": 0.0, "Q1": 94.5, "Q2": 156.0, "Q3": 267.0, "max": 3080.0, "nbsup0": 23, "nbsup10": 23, "nbsup100": 16 }, "geometry": { "type": "MultiPolygon", "coordinates": [ [ [ [ 5960665.948359056375921, -3978418.89728321461007 ], [ 6027787.275035223923624, -4007383.520051640458405 ], [ 5997141.438174528069794, -4077387.490230919327587 ], [ 6052010.148310647346079, -4119786.35810513002798 ], [ 6149634.886721165850759, -4276202.242214016616344 ], [ 5929011.143987796269357, -4535847.266202248632908 ], [ 5732873.806562412530184, -4548815.771037108264863 ], [ 5784346.848893138580024, -4525594.362840507179499 ], [ 5939822.802064569666982, -4296149.886665623635054 ], [ 5909711.520884936675429, -4003231.03045150404796 ], [ 5949854.627810163423419, -3995740.062531845644116 ], [ 5960665.948359056375921, -3978418.89728321461007 ] ] ] ] } },
{ "type": "Feature", "properties": { "ISO3": "ARG", "ISO2": "AR", "ISONUM": 32, "NAMEen": "Argentina", "NAMEfr": "Argentine", "NAMEde": "Argentinien", "REGION_BLOC": "MERCOSUR", "REGION_UN": "Americas", "SUBREGION_UN": "Latin America and the Caribbean", "LAST_DEV": "FALSE", "AREA_2021": 2780400.0, "FOREST_AREA_2021": 284636.667, "POP_2023": 46654581, "LIFE_EXP_2022": 76.064, "FERT_2022": 1.876, "HIV_2022": 0.4, "CO2_POP_2020": 3.4056175404137998, "GNI_POP_2023": 28710, "INC_20P_2021": 5.4, "GDP_INDS_2023": 25.066387584119099, "HIG_TEC_EXP_2022": 4.7515752362264996, "MIL_EXP_2022": 0.411211298762518, "JamesBond": 0, "ARG_nacion": null, "AUS_sydmor": 452.0, "BRA_oglobo": 3895.0, "CAN_tostar": 275.0, "CHN_mopost": 284.0, "DEU_frankf": 727.0, "DZA_alnaha": 233.0, "EGY_alwafd": 323.0, "ESP_abc": 2251.0, "FRA_lmonde": 896.0, "GBR_indept": 554.0, "IDN_republ": 770.0, "IND_tindia": 331.0, "IRN_hamsha": 394.0, "ITA_repubb": 1801.0, "JPN_asahis": 364.0, "KEN_standa": 324.0, "MEX_inform": 2653.0, "NGA_vangua": 788.0, "RUS_isvest": 403.0, "SAU_spa": 208.0, "TUR_sabah": 419.0, "USA_nytime": 494.0, "ZAF_times": 648.0, "mean": 847.26086956521738, "rnk": 32.0, "sd": 927.56314254028518, "min": 208.0, "Q1": 327.5, "Q2": 452.0, "Q3": 779.0, "max": 3895.0, "nbsup0": 23, "nbsup10": 23, "nbsup100": 23 }, "geometry": { "type": "MultiPolygon", "coordinates": [ [ [ [ -14747427.128203524276614, -5771255.016678964719176 ], [ -14797725.55010031349957, -5843498.161228848621249 ], [ -14707409.49334130063653, -6400393.299098871648312 ], [ -14572938.801358165219426, -6747355.623212691396475 ], [ -14773677.731248425319791, -6411362.096696149557829 ], [ -14982998.803605549037457, -5855448.307835708372295 ], [ -14972730.297504138201475, -5855091.882088181562722 ], [ -14970487.663922607898712, -5855876.022418818436563 ], [ -14747427.128203524276614, -5771255.016678964719176 ] ] ], [ [ [ -11068749.884018857032061, -5725158.402682746760547 ], [ -11052118.822772389277816, -6124688.595367641188204 ], [ -10965893.435730317607522, -6322572.417475113645196 ], [ -10818237.896005010232329, -6876877.669629259034991 ], [ -11108358.016616716980934, -6766397.884481465443969 ], [ -10961554.288495533168316, -7069630.135925445705652 ], [ -10778312.0966318231076, -7337388.829058566130698 ], [ -10581334.797895757481456, -7466230.488587947562337 ], [ -10459510.325504692271352, -7433131.416844022460282 ], [ -10374066.797450261190534, -7562137.517675639130175 ], [ -10394520.323679802939296, -7644833.864236554130912 ], [ -10502338.111223049461842, -7674731.717882422730327 ], [ -10852816.52687812410295, -7383174.292951400391757 ], [ -11266787.670371681451797, -7146894.433372634463012 ], [ -11552945.934239024296403, -7163098.739966728724539 ], [ -11773234.720788441598415, -7194757.494631595909595 ], [ -11702065.426695792004466, -7557401.444858145900071 ], [ -11779677.308048371225595, -7577513.834395881742239 ], [ -11765047.658387022092938, -7738523.369147542864084 ], [ -12010909.267973028123379, -7624243.772201337851584 ], [ -12254011.274301096796989, -7344561.869375404901803 ], [ -12588347.609849160537124, -6829779.48175455071032 ], [ -12671490.175889393314719, -6627252.827847718261182 ], [ -12682800.474534507840872, -6736775.726729416288435 ], [ -12830056.42590262927115, -6681733.612278109416366 ], [ -12867810.504571648314595, -6744926.372637196443975 ], [ -13061926.060109008103609, -6433096.435645625926554 ], [ -13138676.452701615169644, -6157276.016822958365083 ], [ -13286750.803616590797901, -6176083.765424821525812 ], [ -13156186.353683240711689, -6470805.778497776947916 ], [ -13202466.436173846945167, -6547940.769971334375441 ], [ -13270059.746572693809867, -6347205.235524884425104 ], [ -13316625.330670941621065, -6370698.254307276569307 ], [ -13485411.671576388180256, -6192887.953181095421314 ], [ -13651421.803562922403216, -6191800.394129247404635 ], [ -13711737.006932154297829, -6047491.792873719707131 ], [ -13892130.993043141439557, -5802111.415332211181521 ], [ -13977929.452080678194761, -5754875.708221242763102 ], [ -13978582.239137625321746, -5995142.154894617386162 ], [ -13898819.553274875506759, -6194094.464875896461308 ], [ -13997231.813714057207108, -6241208.309057965874672 ], [ -14264380.490296639502048, -5892012.736649196594954 ], [ -14389351.706878893077374, -5862459.417261031456292 ], [ -14532718.53901425562799, -5614579.196583735756576 ], [ -14628416.681008158251643, -5566229.964609248563647 ], [ -14699015.192179584875703, -5805381.340943411923945 ], [ -14810868.915154768154025, -5404550.551371180452406 ], [ -14985634.866069603711367, -4892937.441303531639278 ], [ -14984050.541905475780368, -4738813.04518130980432 ], [ -14876037.936585016548634, -4746735.993685419671237 ], [ -14957489.621281072497368, -4522278.239581836387515 ], [ -14859264.599098833277822, -4377099.010862707160413 ], [ -14630052.414512202143669, -4670426.343879399821162 ], [ -14605808.393788734450936, -4592889.38048071693629 ], [ -14406234.897445864975452, -4767985.7051552971825 ], [ -14315147.921862354502082, -4706987.398319174535573 ], [ -14228247.541417580097914, -4812803.925036017782986 ], [ -14231335.103112060576677, -4610913.025868367403746 ], [ -14112406.555402111262083, -4678196.163917356170714 ], [ -14053695.904449040070176, -4526076.332055544480681 ], [ -13797760.679375546053052, -4494994.277281235903502 ], [ -13566942.082110663875937, -4561624.9985590307042 ], [ -13497607.297081600874662, -4680869.796247273683548 ], [ -13419300.296472566202283, -4572215.253761957399547 ], [ -13279713.991212300956249, -4561354.194719056598842 ], [ -13180233.924693796783686, -4698370.785204075276852 ], [ -13015178.4305480401963, -4678613.241672240197659 ], [ -12946987.021955046802759, -4755160.357670165598392 ], [ -12789414.565957130864263, -4611412.416733008809388 ], [ -12727054.671530123800039, -4484057.965198286809027 ], [ -12455682.705984804779291, -4523008.105110437609255 ], [ -12324337.157266601920128, -4570399.827016676776111 ], [ -12122248.227411653846502, -4701644.201120933517814 ], [ -12076239.685944313183427, -4798280.443859461694956 ], [ -11861760.264974195510149, -4655172.208623233251274 ], [ -11685213.642014117911458, -4873091.8360994188115 ], [ -11547493.396925585344434, -4855564.975943554192781 ], [ -11360688.654193291440606, -5001187.423957616090775 ], [ -11349493.3198262732476, -5113857.678990690968931 ], [ -11253723.52056784555316, -5346819.16879056673497 ], [ -11295921.746395517140627, -5425705.030702094547451 ], [ -11172957.059833075851202, -5462072.17050195671618 ], [ -11068749.884018857032061, -5725158.402682746760547 ] ] ] ] } },
{ "type": "Feature", "properties": { "ISO3": "ARM", "ISO2": "AM", "ISONUM": 51, "NAMEen": "Armenia", "NAMEfr": "Arménie", "NAMEde": "Armenien", "REGION_BLOC": null, "REGION_UN": "Asia", "SUBREGION_UN": "Western Asia", "LAST_DEV": "FALSE", "AREA_2021": 29740.0, "FOREST_AREA_2021": 3282.6, "POP_2023": 2777970, "LIFE_EXP_2022": 73.372, "FERT_2022": 1.575, "HIV_2022": 0.3, "CO2_POP_2020": 2.4046837619510599, "GNI_POP_2023": 22440, "INC_20P_2021": 9.2, "GDP_INDS_2023": 23.933389335199301, "HIG_TEC_EXP_2022": 20.951935798591901, "MIL_EXP_2022": 4.3171066723051696, "JamesBond": 0, "ARG_nacion": 48.0, "AUS_sydmor": 7.0, "BRA_oglobo": 30.0, "CAN_tostar": 22.0, "CHN_mopost": 9.0, "DEU_frankf": 111.0, "DZA_alnaha": 37.0, "EGY_alwafd": 63.0, "ESP_abc": 66.0, "FRA_lmonde": 108.0, "GBR_indept": 49.0, "IDN_republ": 38.0, "IND_tindia": 41.0, "IRN_hamsha": 249.0, "ITA_repubb": 57.0, "JPN_asahis": 24.0, "KEN_standa": 8.0, "MEX_inform": 40.0, "NGA_vangua": 11.0, "RUS_isvest": 659.0, "SAU_spa": 26.0, "TUR_sabah": 240.0, "USA_nytime": 43.0, "ZAF_times": 22.0, "mean": 83.666666666666671, "rnk": 131.0, "sd": 137.92268365525183, "min": 7.0, "Q1": 23.5, "Q2": 40.5, "Q3": 63.75, "max": 659.0, "nbsup0": 24, "nbsup10": 21, "nbsup100": 5 }, "geometry": { "type": "MultiPolygon", "coordinates": [ [ [ [ 3839139.505347599741071, -3838817.899324033409357 ], [ 3989219.862138553056866, -3855139.225050178356469 ], [ 3982028.054772917181253, -3894106.200093057472259 ], [ 4064547.590756949968636, -3887843.041014234535396 ], [ 4133086.210854699835181, -3920228.118475830648094 ], [ 4108600.435486923903227, -3948843.219429343473166 ], [ 4030026.490329585038126, -3920659.985902870539576 ], [ 3948015.186976743396372, -3979206.551809855736792 ], [ 3839021.332772250752896, -4022162.558304454665631 ], [ 3747114.335269776172936, -3956865.898037150502205 ], [ 3839139.505347599741071, -3838817.899324033409357 ] ] ] ] } },
{ "type": "Feature", "properties": { "ISO3": "ATG", "ISO2": "AG", "ISONUM": 28, "NAMEen": "Antigua and Barbuda", "NAMEfr": "Antigua-et-Barbuda", "NAMEde": "Antigua und Barbuda", "REGION_BLOC": null, "REGION_UN": "Americas", "SUBREGION_UN": "Latin America and the Caribbean", "LAST_DEV": "FALSE", "AREA_2021": 440.0, "FOREST_AREA_2021": 80.533, "POP_2023": 94298, "LIFE_EXP_2022": 79.236, "FERT_2022": 1.58, "HIV_2022": null, "CO2_POP_2020": 5.1217301217301197, "GNI_POP_2023": 30350, "INC_20P_2021": null, "GDP_INDS_2023": 19.435158753436198, "HIG_TEC_EXP_2022": 0.0, "MIL_EXP_2022": null, "JamesBond": 0, "ARG_nacion": 9.0, "AUS_sydmor": 0.0, "BRA_oglobo": 6.0, "CAN_tostar": 6.0, "CHN_mopost": 5.0, "DEU_frankf": 0.0, "DZA_alnaha": 0.0, "EGY_alwafd": 0.0, "ESP_abc": 0.0, "FRA_lmonde": 3.0, "GBR_indept": 0.0, "IDN_republ": 0.0, "IND_tindia": 5.0, "IRN_hamsha": 0.0, "ITA_repubb": 0.0, "JPN_asahis": 0.0, "KEN_standa": 0.0, "MEX_inform": 3.0, "NGA_vangua": 0.0, "RUS_isvest": 2.0, "SAU_spa": 0.0, "TUR_sabah": 0.0, "USA_nytime": 6.0, "ZAF_times": 0.0, "mean": 1.875, "rnk": 200.0, "sd": 2.7711636231170034, "min": 0.0, "Q1": 0.0, "Q2": 0.0, "Q3": 3.5, "max": 9.0, "nbsup0": 9, "nbsup10": 0, "nbsup100": 0 }, "geometry": { "type": "MultiPolygon", "coordinates": [ [ [ [ -7143499.655648822896183, -3834642.917215037625283 ], [ -7143459.16456241440028, -3850830.152210167609155 ], [ -7152727.87738779373467, -3850023.627616449724883 ], [ -7160361.763509515672922, -3831035.324954838957638 ], [ -7153963.237384439446032, -3822907.561074475757778 ], [ -7143499.655648822896183, -3834642.917215037625283 ] ] ] ] } },
{ "type": "Feature", "properties": { "ISO3": "AUS", "ISO2": "AU", "ISONUM": 36, "NAMEen": "Australia", "NAMEfr": "Australie", "NAMEde": "Australien", "REGION_BLOC": null, "REGION_UN": "Oceania", "SUBREGION_UN": "Australia and New Zealand", "LAST_DEV": "FALSE", "AREA_2021": 7741220.0, "FOREST_AREA_2021": 1340051.0, "POP_2023": 26638544, "LIFE_EXP_2022": 83.2, "FERT_2022": 1.63, "HIV_2022": 0.1, "CO2_POP_2020": 14.776136906625901, "GNI_POP_2023": 66260, "INC_20P_2021": 7.3, "GDP_INDS_2023": 27.3626557260814, "HIG_TEC_EXP_2022": 25.607748093705499, "MIL_EXP_2022": 1.8988243477779201, "JamesBond": 0, "ARG_nacion": 1559.0, "AUS_sydmor": null, "BRA_oglobo": 1235.0, "CAN_tostar": 1170.0, "CHN_mopost": 2811.0, "DEU_frankf": 1469.0, "DZA_alnaha": 248.0, "EGY_alwafd": 740.0, "ESP_abc": 1428.0, "FRA_lmonde": 1531.0, "GBR_indept": 2716.0, "IDN_republ": 4941.0, "IND_tindia": 3166.0, "IRN_hamsha": 1174.0, "ITA_repubb": 1715.0, "JPN_asahis": 827.0, "KEN_standa": 732.0, "MEX_inform": 1168.0, "NGA_vangua": 576.0, "RUS_isvest": 521.0, "SAU_spa": 537.0, "TUR_sabah": 952.0, "USA_nytime": 1766.0, "ZAF_times": 2713.0, "mean": 1551.9565217391305, "rnk": 14.0, "sd": 1086.5632842825989, "min": 248.0, "Q1": 783.5, "Q2": 1235.0, "Q3": 1740.5, "max": 4941.0, "nbsup0": 23, "nbsup10": 23, "nbsup100": 23 }, "geometry": { "type": "MultiPolygon", "coordinates": [ [ [ [ 8431069.726279584690928, 11775268.939109409227967 ], [ 8108896.839608437381685, 12080418.138572327792645 ], [ 7677879.198578346520662, 12298484.148351054638624 ], [ 7600770.027683653868735, 12395833.776969693601131 ], [ 7714043.687776234932244, 12494270.884353080764413 ], [ 7845055.876526810228825, 12537197.961151238530874 ], [ 7978387.598836878314614, 12459991.819401193410158 ], [ 8111429.730869584716856, 12421914.520399050787091 ], [ 8285443.830110432580113, 12294865.049707490950823 ], [ 8387498.097140915691853, 12097502.906865609809756 ], [ 8431069.726279584690928, 11775268.939109409227967 ] ] ], [ [ [ 9411327.832753894850612, 10293180.287118809297681 ], [ 9406224.240398151800036, 10389414.362275063991547 ], [ 9651637.44700494594872, 10150866.796338073909283 ], [ 9637481.34291348233819, 10063438.481077656149864 ], [ 9411327.832753894850612, 10293180.287118809297681 ] ] ], [ [ [ 8571919.024322096258402, 7253331.683474358171225 ], [ 8431771.658027950674295, 7398174.577786650508642 ], [ 8393220.913683909922838, 7522511.347086321562529 ], [ 8538308.578703735023737, 7418756.524002692662179 ], [ 8658422.860935358330607, 7256748.632771029137075 ], [ 8571919.024322096258402, 7253331.683474358171225 ] ] ], [ [ [ 6802017.816681402735412, 8880460.114750569686294 ], [ 6827652.002720977179706, 9086032.593542631715536 ], [ 6789677.204711634665728, 9153627.818516893312335 ], [ 6849077.073158422484994, 9266180.391411053016782 ], [ 6831982.970471194945276, 9383143.237612320110202 ], [ 6721050.714035364799201, 9415212.729608507826924 ], [ 6627077.948579039424658, 9587050.126773307099938 ], [ 6712222.023890227079391, 9730065.513426784425974 ], [ 6658063.005608722567558, 9926089.554746262729168 ], [ 6712015.992523747496307, 10055352.817167278379202 ], [ 6519418.219052191823721, 10306428.323347980156541 ], [ 6374090.079362064599991, 10426089.683710757642984 ], [ 6310267.049037212505937, 10598694.304995704442263 ], [ 6241511.841814022511244, 10782463.222705647349358 ], [ 6099574.426617462188005, 10925733.445606753230095 ], [ 6140427.303781153634191, 10993406.685009002685547 ], [ 5986183.012390828691423, 11155041.496049655601382 ], [ 5802396.174411564134061, 11489570.799141377210617 ], [ 5857758.140834502875805, 11599522.927402656525373 ], [ 5866416.27555765490979, 11820910.222556097432971 ], [ 6268080.997626631520689, 12061364.574902512133121 ], [ 6438327.382386737503111, 12024574.76737722940743 ], [ 6707291.022845899686217, 12062966.177355390042067 ], [ 6788078.584493509493768, 12125677.550729723647237 ], [ 6955598.427507582120597, 12121894.134832182899117 ], [ 7086097.111799201928079, 12277838.363639084622264 ], [ 7455021.251895288936794, 12073727.802132450044155 ], [ 7824239.4010786479339, 11943779.833328137174249 ], [ 7927882.264973952434957, 11943972.896731529384851 ], [ 8107717.238845653831959, 11740989.482472226023674 ], [ 8501367.876000287011266, 11504451.349598132073879 ], [ 8695149.314210053533316, 11289950.357606062665582 ], [ 8843216.012146003544331, 11178982.193369247019291 ], [ 9056769.461868403479457, 10932156.200048564001918 ], [ 9123920.976583616808057, 10774387.00760306045413 ], [ 9062812.666667440906167, 10744797.211311936378479 ], [ 9119384.389282256364822, 10587582.015725165605545 ], [ 9298541.492277130484581, 10400463.057971784844995 ], [ 9169265.682817781344056, 10377212.170128881931305 ], [ 9170103.539615996181965, 10293617.523636285215616 ], [ 9350317.742816265672445, 10248451.666492950171232 ], [ 9299192.881173849105835, 10032559.685076702386141 ], [ 9513830.091708727180958, 9915064.634663946926594 ], [ 9698921.839975358918309, 9905601.203452697023749 ], [ 9733036.47568579018116, 9703452.498191967606544 ], [ 9769919.906491708010435, 9467168.745606461539865 ], [ 10030671.62871559150517, 9106024.941119715571404 ], [ 10150477.466831071302295, 8879033.022450819611549 ], [ 10500338.716631764546037, 8499972.903017021715641 ], [ 10799477.255684001371264, 8223645.738386411219835 ], [ 10952127.093822542577982, 8011554.35131607670337 ], [ 11315872.796623591333628, 7666188.88396967574954 ], [ 11469757.272778047248721, 7599333.13405062071979 ], [ 11715932.443604040890932, 7188786.343871895223856 ], [ 11914013.012497959658504, 6879170.77165877725929 ], [ 12199268.459156649187207, 6592020.955426510423422 ], [ 12408655.010648911818862, 6224052.83197770267725 ], [ 12500299.002516973763704, 5860577.189796490594745 ], [ 12428911.647874353453517, 5792669.390223204158247 ], [ 12336132.63859692029655, 5928188.959412305615842 ], [ 12170922.58897696621716, 5852329.198684153147042 ], [ 12097881.832222800701857, 5634874.828359589911997 ], [ 12023731.097680231556296, 5601334.980032762512565 ], [ 11963115.949366249144077, 5367913.443731624633074 ], [ 11897349.380755707621574, 5300162.388481271453202 ], [ 11885336.944802328944206, 5215690.518335948698223 ], [ 11874791.505891161039472, 5084397.751346713863313 ], [ 11823776.842391258105636, 4975604.321065400727093 ], [ 11778837.618191009387374, 5158660.576280332170427 ], [ 11730669.951923880726099, 5234354.593151872046292 ], [ 11702698.564240979030728, 5140308.331757206469774 ], [ 11619997.959374163299799, 5031928.697505093179643 ], [ 11535837.331969825550914, 5075853.344661829061806 ], [ 11450217.767503002658486, 5013585.108829288743436 ], [ 11345458.782304655760527, 5054049.016382355242968 ], [ 11328065.040969617664814, 5131567.244863132014871 ], [ 11287056.195160863921046, 5178759.395238141529262 ], [ 11179965.465384624898434, 5321700.002084607258439 ], [ 10954714.672027815133333, 5538502.617129295133054 ], [ 10920160.081710604950786, 5649299.567553710192442 ], [ 10806362.158475559204817, 5778689.16562535148114 ], [ 10439961.31092282384634, 6261647.567918005399406 ], [ 10232591.8222281858325, 6350347.20131641626358 ], [ 10148579.865146826952696, 6421613.703151471912861 ], [ 10082250.972723742946982, 6342265.2478888630867 ], [ 9930881.635762926191092, 6439290.385152136906981 ], [ 9950142.685687540099025, 6599341.745759129524231 ], [ 9886292.586370633915067, 6633511.945456969551742 ], [ 9836134.651330307126045, 6520207.169165009632707 ], [ 9748976.497972588986158, 6629430.328940029256046 ], [ 9670487.511767571792006, 6619018.171105595305562 ], [ 9591065.978928416967392, 6698010.990722043439746 ], [ 9465570.44080969505012, 6716009.774657655507326 ], [ 9175986.343515858054161, 6960353.412611225619912 ], [ 9140717.307079277932644, 7186657.632880887016654 ], [ 8978489.672983352094889, 7430774.88973646145314 ], [ 8965645.137311244383454, 7353485.9424949567765 ], [ 8741576.978080458939075, 7368889.633471479639411 ], [ 8570444.109639216214418, 7448821.80342795047909 ], [ 8339819.911239923909307, 7690119.387958846986294 ], [ 8300917.147307706996799, 7626148.897451997734606 ], [ 8223562.239384293556213, 7695263.789177204482257 ], [ 8203081.098604082129896, 7791148.451280616223812 ], [ 8089269.05985563993454, 7929084.088976948522031 ], [ 7940346.648455447517335, 8102828.398734818212688 ], [ 7801074.638438575901091, 8206467.766471438109875 ], [ 7763190.672646263614297, 8304003.499696338549256 ], [ 7853528.67805851995945, 8319994.693460335955024 ], [ 7974578.517039866186678, 8241447.632586393505335 ], [ 8051674.095716779120266, 8311421.19032134115696 ], [ 8168566.669443008489907, 8277142.556493885815144 ], [ 8066063.716188197024167, 8560875.973969621583819 ], [ 7783513.790673364885151, 8965684.43318728543818 ], [ 7688089.2019352177158, 9162152.801295915618539 ], [ 7536106.228903424926102, 9251139.267973035573959 ], [ 7343324.213894607499242, 9209091.771285645663738 ], [ 7073981.500645316205919, 8923459.498019862920046 ], [ 6875048.286527725867927, 8855140.975079515948892 ], [ 6802017.816681402735412, 8880460.114750569686294 ] ] ] ] } },
{ "type": "Feature", "properties": { "ISO3": "AUT", "ISO2": "AT", "ISONUM": 40, "NAMEen": "Austria", "NAMEfr": "Autriche", "NAMEde": "Österreich", "REGION_BLOC": "EU", "REGION_UN": "Europe", "SUBREGION_UN": "Western Europe", "LAST_DEV": "FALSE", "AREA_2021": 83879.0, "FOREST_AREA_2021": 39027.4, "POP_2023": 9132383, "LIFE_EXP_2022": 81.092682926829298, "FERT_2022": 1.41, "HIV_2022": null, "CO2_POP_2020": 6.6326457373354604, "GNI_POP_2023": 73520, "INC_20P_2021": 7.7, "GDP_INDS_2023": 26.261283973082499, "HIG_TEC_EXP_2022": 17.1039528021088, "MIL_EXP_2022": 0.77260715738691399, "JamesBond": 4, "ARG_nacion": 210.0, "AUS_sydmor": 117.0, "BRA_oglobo": 227.0, "CAN_tostar": 192.0, "CHN_mopost": 95.0, "DEU_frankf": 2217.0, "DZA_alnaha": 260.0, "EGY_alwafd": 506.0, "ESP_abc": 451.0, "FRA_lmonde": 517.0, "GBR_indept": 271.0, "IDN_republ": 238.0, "IND_tindia": 117.0, "IRN_hamsha": 362.0, "ITA_repubb": 928.0, "JPN_asahis": 165.0, "KEN_standa": 110.0, "MEX_inform": 235.0, "NGA_vangua": 144.0, "RUS_isvest": 488.0, "SAU_spa": 258.0, "TUR_sabah": 709.0, "USA_nytime": 241.0, "ZAF_times": 196.0, "mean": 385.58333333333331, "rnk": 63.0, "sd": 439.94109454183371, "min": 95.0, "Q1": 185.25, "Q2": 239.5, "Q3": 460.25, "max": 2217.0, "nbsup0": 24, "nbsup10": 24, "nbsup100": 23 }, "geometry": { "type": "MultiPolygon", "coordinates": [ [ [ [ 1345457.131936601130292, -4415936.876748692244291 ], [ 1380746.755337860900909, -4474751.295818724669516 ], [ 1333395.1929937209934, -4621461.679521542042494 ], [ 1221110.557984919520095, -4708010.083032703958452 ], [ 1147748.503998272819445, -4710287.942758150398731 ], [ 1006139.941583347506821, -4688760.480581787414849 ], [ 872701.892439007293433, -4729954.944239656440914 ], [ 834859.071196779143065, -4714467.534858842380345 ], [ 806643.069858144852333, -4719815.194600179791451 ], [ 786486.079168523312546, -4695522.140399237163365 ], [ 786476.28909981797915, -4680003.842621514573693 ], [ 786440.160499247140251, -4672272.107145276851952 ], [ 798793.929802292841487, -4666317.522294738329947 ], [ 927429.5405732258223, -4658752.207680640742183 ], [ 994777.187450548750348, -4610141.36068650148809 ], [ 1063371.452677750959992, -4619383.404750715009868 ], [ 1069729.1985179760959, -4597492.177873677574098 ], [ 1046149.448765382403508, -4553862.066056801006198 ], [ 1098076.982916796347126, -4465278.001867241226137 ], [ 1171512.48679343983531, -4466914.972179413773119 ], [ 1181797.861972742713988, -4416059.530160075053573 ], [ 1345457.131936601130292, -4415936.876748692244291 ] ] ] ] } },
{ "type": "Feature", "properties": { "ISO3": "AZE", "ISO2": "AZ", "ISONUM": 31, "NAMEen": "Azerbaijan", "NAMEfr": "Azerbaïdjan", "NAMEde": "Aserbaidschan", "REGION_BLOC": null, "REGION_UN": "Asia", "SUBREGION_UN": "Western Asia", "LAST_DEV": "FALSE", "AREA_2021": 86600.0, "FOREST_AREA_2021": 11432.967, "POP_2023": 10112555, "LIFE_EXP_2022": 73.488, "FERT_2022": 1.67, "HIV_2022": 0.1, "CO2_POP_2020": 3.3988495728922699, "GNI_POP_2023": 22640, "INC_20P_2021": 10.8, "GDP_INDS_2023": 46.631735979285502, "HIG_TEC_EXP_2022": 3.9030615197447802, "MIL_EXP_2022": 4.5459685367500704, "JamesBond": 1, "ARG_nacion": 28.0, "AUS_sydmor": 24.0, "BRA_oglobo": 43.0, "CAN_tostar": 23.0, "CHN_mopost": 21.0, "DEU_frankf": 140.0, "DZA_alnaha": 59.0, "EGY_alwafd": 100.0, "ESP_abc": 57.0, "FRA_lmonde": 68.0, "GBR_indept": 74.0, "IDN_republ": 93.0, "IND_tindia": 33.0, "IRN_hamsha": 2516.0, "ITA_repubb": 119.0, "JPN_asahis": 5.0, "KEN_standa": 44.0, "MEX_inform": 71.0, "NGA_vangua": 39.0, "RUS_isvest": 281.0, "SAU_spa": 232.0, "TUR_sabah": 730.0, "USA_nytime": 60.0, "ZAF_times": 82.0, "mean": 205.91666666666666, "rnk": 93.0, "sd": 513.79474134315933, "min": 5.0, "Q1": 37.5, "Q2": 64.0, "Q3": 104.75, "max": 2516.0, "nbsup0": 24, "nbsup10": 23, "nbsup100": 6 }, "geometry": { "type": "MultiPolygon", "coordinates": [ [ [ [ 4108600.435486923903227, -3948843.219429343473166 ], [ 4040568.175514453556389, -4005577.238282481208444 ], [ 3963278.687707200180739, -3986213.428966824896634 ], [ 3948015.186976743396372, -3979206.551809855736792 ], [ 4030026.490329585038126, -3920659.985902870539576 ], [ 4108600.435486923903227, -3948843.219429343473166 ] ] ], [ [ [ 3885363.266361096873879, -3695988.955556094646454 ], [ 4033228.095557030290365, -3647996.455342638771981 ], [ 4024926.981439533643425, -3551079.450793441850692 ], [ 4230720.753179869614542, -3563430.35747245233506 ], [ 4227071.87774115242064, -3617585.7431880091317 ], [ 4328494.437299778684974, -3779409.675746631808579 ], [ 4239219.906595495529473, -3815274.074310665950179 ], [ 4214628.293289020657539, -3749961.66620975965634 ], [ 4157053.686348190531135, -3763193.149763191584498 ], [ 4133086.210854699835181, -3920228.118475830648094 ], [ 4064547.590756949968636, -3887843.041014234535396 ], [ 3982028.054772917181253, -3894106.200093057472259 ], [ 3989219.862138553056866, -3855139.225050178356469 ], [ 3839139.505347599741071, -3838817.899324033409357 ], [ 3957731.281020639464259, -3756169.624803084414452 ], [ 3885363.266361096873879, -3695988.955556094646454 ] ] ] ] } },
{ "type": "Feature", "properties": { "ISO3": "BDI", "ISO2": "BI", "ISONUM": 108, "NAMEen": "Burundi", "NAMEfr": "Burundi", "NAMEde": "Burundi", "REGION_BLOC": "COMESA", "REGION_UN": "Africa", "SUBREGION_UN": "Sub-Saharan Africa", "LAST_DEV": "TRUE", "AREA_2021": 27830.0, "FOREST_AREA_2021": 2796.4, "POP_2023": 13238559, "LIFE_EXP_2022": 61.977, "FERT_2022": 4.98, "HIV_2022": 0.9, "CO2_POP_2020": 0.058384021835273602, "GNI_POP_2023": 950, "INC_20P_2021": 7.1, "GDP_INDS_2023": 9.5870419661367308, "HIG_TEC_EXP_2022": 1.10935828144529, "MIL_EXP_2022": 2.76041457754835, "JamesBond": 0, "ARG_nacion": 33.0, "AUS_sydmor": 30.0, "BRA_oglobo": 46.0, "CAN_tostar": 75.0, "CHN_mopost": 32.0, "DEU_frankf": 40.0, "DZA_alnaha": 91.0, "EGY_alwafd": 114.0, "ESP_abc": 41.0, "FRA_lmonde": 272.0, "GBR_indept": 45.0, "IDN_republ": 43.0, "IND_tindia": 30.0, "IRN_hamsha": 0.0, "ITA_repubb": 103.0, "JPN_asahis": 43.0, "KEN_standa": 1442.0, "MEX_inform": 41.0, "NGA_vangua": 386.0, "RUS_isvest": 0.0, "SAU_spa": 110.0, "TUR_sabah": 10.0, "USA_nytime": 94.0, "ZAF_times": 735.0, "mean": 160.66666666666666, "rnk": 99.0, "sd": 316.11083178375031, "min": 0.0, "Q1": 32.75, "Q2": 44.0, "Q3": 104.75, "max": 1442.0, "nbsup0": 22, "nbsup10": 21, "nbsup100": 7 }, "geometry": { "type": "MultiPolygon", "coordinates": [ [ [ [ 5219535.014054208062589, -8841734.20774607360363 ], [ 5294027.140847949311137, -8871837.738302443176508 ], [ 5237646.095246959477663, -9070770.300264492630959 ], [ 5192127.235640242695808, -9119642.372622350230813 ], [ 5060487.437341431155801, -9052198.256513001397252 ], [ 4997317.145665511488914, -9009699.673296863213181 ], [ 5109028.190917419269681, -8957971.394161468371749 ], [ 5118484.038601342588663, -8889933.971778877079487 ], [ 5219535.014054208062589, -8841734.20774607360363 ] ] ] ] } },
{ "type": "Feature", "properties": { "ISO3": "BEL", "ISO2": "BE", "ISONUM": 56, "NAMEen": "Belgium", "NAMEfr": "Belgique", "NAMEde": "Belgien", "REGION_BLOC": "EU", "REGION_UN": "Europe", "SUBREGION_UN": "Western Europe", "LAST_DEV": "FALSE", "AREA_2021": 30530.0, "FOREST_AREA_2021": 6893.0, "POP_2023": 11822592, "LIFE_EXP_2022": 81.697560975609804, "FERT_2022": 1.53, "HIV_2022": 0.2, "CO2_POP_2020": 7.39813065774681, "GNI_POP_2023": 71990, "INC_20P_2021": 9.2, "GDP_INDS_2023": 18.442175964415199, "HIG_TEC_EXP_2022": 21.8780508187353, "MIL_EXP_2022": 1.17973708133594, "JamesBond": 0, "ARG_nacion": 353.0, "AUS_sydmor": 195.0, "BRA_oglobo": 356.0, "CAN_tostar": 269.0, "CHN_mopost": 185.0, "DEU_frankf": 655.0, "DZA_alnaha": 605.0, "EGY_alwafd": 392.0, "ESP_abc": 679.0, "FRA_lmonde": 1135.0, "GBR_indept": 536.0, "IDN_republ": 9.0, "IND_tindia": 239.0, "IRN_hamsha": 411.0, "ITA_repubb": 931.0, "JPN_asahis": 596.0, "KEN_standa": 333.0, "MEX_inform": 509.0, "NGA_vangua": 396.0, "RUS_isvest": 443.0, "SAU_spa": 365.0, "TUR_sabah": 809.0, "USA_nytime": 281.0, "ZAF_times": 444.0, "mean": 463.58333333333331, "rnk": 55.0, "sd": 251.80581142353856, "min": 9.0, "Q1": 320.0, "Q2": 403.5, "Q3": 598.25, "max": 1135.0, "nbsup0": 24, "nbsup10": 23, "nbsup100": 23 }, "geometry": { "type": "MultiPolygon", "coordinates": [ [ [ [ 457207.450253277551383, -4353758.772954077459872 ], [ 473982.602789727388881, -4422392.64175468031317 ], [ 455289.874718595587183, -4489505.089259601198137 ], [ 322240.267728917417116, -4452306.594833020120859 ], [ 190964.052212777343811, -4335937.964021486230195 ], [ 253101.335212212230545, -4290405.910968160256743 ], [ 284213.896988855733071, -4290140.11981735099107 ], [ 292665.326926124631427, -4289856.200734302401543 ], [ 375423.891236668801866, -4280678.636860270053148 ], [ 457207.450253277551383, -4353758.772954077459872 ] ] ] ] } },
{ "type": "Feature", "properties": { "ISO3": "BEN", "ISO2": "BJ", "ISONUM": 204, "NAMEen": "Benin", "NAMEfr": "Bénin", "NAMEde": "Benin", "REGION_BLOC": "CEDEAO", "REGION_UN": "Africa", "SUBREGION_UN": "Sub-Saharan Africa", "LAST_DEV": "TRUE", "AREA_2021": 114760.0, "FOREST_AREA_2021": 30851.5, "POP_2023": 13712828, "LIFE_EXP_2022": 59.954, "FERT_2022": 4.895, "HIV_2022": 0.8, "CO2_POP_2020": 0.63120480596447603, "GNI_POP_2023": 4220, "INC_20P_2021": 7.6, "GDP_INDS_2023": 17.301919273728, "HIG_TEC_EXP_2022": 4.2415861006219897, "MIL_EXP_2022": 0.55746126060477597, "JamesBond": 0, "ARG_nacion": 0.0, "AUS_sydmor": 9.0, "BRA_oglobo": 6.0, "CAN_tostar": 3.0, "CHN_mopost": 1.0, "DEU_frankf": 21.0, "DZA_alnaha": 23.0, "EGY_alwafd": 138.0, "ESP_abc": 4.0, "FRA_lmonde": 3.0, "GBR_indept": 1.0, "IDN_republ": 1.0, "IND_tindia": 5.0, "IRN_hamsha": 8.0, "ITA_repubb": 19.0, "JPN_asahis": 4.0, "KEN_standa": 59.0, "MEX_inform": 6.0, "NGA_vangua": 6561.0, "RUS_isvest": 9.0, "SAU_spa": 174.0, "TUR_sabah": 27.0, "USA_nytime": 12.0, "ZAF_times": 54.0, "mean": 297.83333333333331, "rnk": 76.0, "sd": 1334.7545830981248, "min": 0.0, "Q1": 3.75, "Q2": 8.5, "Q3": 24.0, "max": 6561.0, "nbsup0": 23, "nbsup10": 10, "nbsup100": 3 }, "geometry": { "type": "MultiPolygon", "coordinates": [ [ [ [ 546267.38214598048944, -8691385.217407317832112 ], [ 590936.185338097158819, -8809959.888510745018721 ], [ 429060.487422935431823, -9021701.339872358366847 ], [ 438607.169288388453424, -9287409.74461474083364 ], [ 263277.278718046087306, -9311120.502789318561554 ], [ 251513.538217166496906, -8997723.17246032319963 ], [ 206651.450562658574199, -8894100.810755720362067 ], [ 118815.669579142544535, -8854709.830794611945748 ], [ 138235.291021079086931, -8785215.16467259824276 ], [ 219407.475914683309384, -8730336.23620692268014 ], [ 306601.59185908321524, -8732897.00889502838254 ], [ 362256.465597350848839, -8678769.549015386030078 ], [ 392738.040378996811341, -8640403.020811202004552 ], [ 469994.633941361040343, -8645612.103669313713908 ], [ 546267.38214598048944, -8691385.217407317832112 ] ] ] ] } },
{ "type": "Feature", "properties": { "ISO3": "BFA", "ISO2": "BF", "ISONUM": 854, "NAMEen": "Burkina Faso", "NAMEfr": "Burkina Faso", "NAMEde": "Burkina Faso", "REGION_BLOC": "AES", "REGION_UN": "Africa", "SUBREGION_UN": "Sub-Saharan Africa", "LAST_DEV": "TRUE", "AREA_2021": 274220.0, "FOREST_AREA_2021": 61664.0, "POP_2023": 23251485, "LIFE_EXP_2022": 59.766, "FERT_2022": 4.665, "HIV_2022": 0.6, "CO2_POP_2020": 0.25353318874750702, "GNI_POP_2023": 2610, "INC_20P_2021": 7.3, "GDP_INDS_2023": 29.250743880406599, "HIG_TEC_EXP_2022": 1.8921471877806999, "MIL_EXP_2022": 3.0947670449433602, "JamesBond": 0, "ARG_nacion": 24.0, "AUS_sydmor": 55.0, "BRA_oglobo": 0.0, "CAN_tostar": 68.0, "CHN_mopost": 11.0, "DEU_frankf": 71.0, "DZA_alnaha": 130.0, "EGY_alwafd": 135.0, "ESP_abc": 63.0, "FRA_lmonde": 460.0, "GBR_indept": 54.0, "IDN_republ": 33.0, "IND_tindia": 24.0, "IRN_hamsha": 0.0, "ITA_repubb": 123.0, "JPN_asahis": 25.0, "KEN_standa": 347.0, "MEX_inform": 76.0, "NGA_vangua": 355.0, "RUS_isvest": 28.0, "SAU_spa": 310.0, "TUR_sabah": 39.0, "USA_nytime": 78.0, "ZAF_times": 283.0, "mean": 116.33333333333333, "rnk": 112.0, "sd": 131.28153175412811, "min": 0.0, "Q1": 27.25, "Q2": 65.5, "Q3": 131.25, "max": 460.0, "nbsup0": 22, "nbsup10": 22, "nbsup100": 8 }, "geometry": { "type": "MultiPolygon", "coordinates": [ [ [ [ 31848.962607964644121, -8352765.630420356057584 ], [ 22403.977463787767192, -8393101.186788652092218 ], [ 145119.152750376728363, -8555576.906543856486678 ], [ 316376.222173796093557, -8590996.888805726543069 ], [ 362256.465597350848839, -8678769.549015386030078 ], [ 306601.59185908321524, -8732897.00889502838254 ], [ 219407.475914683309384, -8730336.23620692268014 ], [ 138235.291021079086931, -8785215.16467259824276 ], [ -25427.1761170245627, -8770531.969817938283086 ], [ -106727.071005792313372, -8785511.518238233402371 ], [ -421695.110366934561171, -8776941.272870253771544 ], [ -420044.131799612776376, -8942801.791434619575739 ], [ -497558.927513897826429, -8892351.727420585229993 ], [ -728875.906881192582659, -8901484.668164975941181 ], [ -851614.61041543725878, -8807973.757215611636639 ], [ -800329.794291722588241, -8656054.858097270131111 ], [ -688434.751637161709368, -8630931.506109872832894 ], [ -589578.30753547383938, -8491820.419721392914653 ], [ -492784.184331016731448, -8492707.067014999687672 ], [ -418742.293567728949711, -8438480.014949712902308 ], [ -297703.225435146247037, -8426384.857773194089532 ], [ -109526.324540469766362, -8334541.258778455667198 ], [ 31848.962607964644121, -8352765.630420356057584 ] ] ] ] } },
{ "type": "Feature", "properties": { "ISO3": "BGD", "ISO2": "BD", "ISONUM": 50, "NAMEen": "Bangladesh", "NAMEfr": "Bangladesh", "NAMEde": "Bangladesch", "REGION_BLOC": null, "REGION_UN": "Asia", "SUBREGION_UN": "Southern Asia", "LAST_DEV": "TRUE", "AREA_2021": 147570.0, "FOREST_AREA_2021": 18834.0, "POP_2023": 172954319, "LIFE_EXP_2022": 73.698, "FERT_2022": 1.95, "HIV_2022": 0.1, "CO2_POP_2020": 0.51064755927709404, "GNI_POP_2023": 9430, "INC_20P_2021": 8.2, "GDP_INDS_2023": 34.594272160606302, "HIG_TEC_EXP_2022": 0.30786710842082599, "MIL_EXP_2022": 1.1288201054868701, "JamesBond": 0, "ARG_nacion": 82.0, "AUS_sydmor": 358.0, "BRA_oglobo": 163.0, "CAN_tostar": 465.0, "CHN_mopost": 499.0, "DEU_frankf": 0.0, "DZA_alnaha": 89.0, "EGY_alwafd": 21.0, "ESP_abc": 133.0, "FRA_lmonde": 305.0, "GBR_indept": 322.0, "IDN_republ": 482.0, "IND_tindia": 1943.0, "IRN_hamsha": 142.0, "ITA_repubb": 335.0, "JPN_asahis": 68.0, "KEN_standa": 236.0, "MEX_inform": 157.0, "NGA_vangua": 167.0, "RUS_isvest": 47.0, "SAU_spa": 141.0, "TUR_sabah": 201.0, "USA_nytime": 363.0, "ZAF_times": 504.0, "mean": 300.95833333333331, "rnk": 75.0, "sd": 383.16286458515452, "min": 0.0, "Q1": 122.0, "Q2": 184.0, "Q3": 359.25, "max": 1943.0, "nbsup0": 23, "nbsup10": 23, "nbsup100": 18 }, "geometry": { "type": "MultiPolygon", "coordinates": [ [ [ [ 7562998.903202772140503, 340243.251595473790076 ], [ 7666128.909648260101676, 303232.875727295933757 ], [ 7505428.154530921019614, 211875.065299385460094 ], [ 7503358.671618274413049, 125067.076140533361468 ], [ 7472848.264011426828802, 84813.466016205813503 ], [ 7532865.292227629572153, 80655.986621006246423 ], [ 7611989.077040046453476, -116725.338832691777498 ], [ 7435834.903726244345307, -135673.33128721191315 ], [ 7383049.490815137512982, -188160.736306820705067 ], [ 7320206.841319398954511, -159752.129510107944952 ], [ 7270832.434088777750731, -251134.629679455043515 ], [ 7216043.567921753041446, -135510.782261418062262 ], [ 7131279.269883506000042, -239759.211721813684562 ], [ 7072292.381175108253956, -189994.221027881256305 ], [ 7132662.428637702018023, -20616.323432045450318 ], [ 7194417.36595755815506, -25739.350764054532192 ], [ 7219150.30441992264241, 45945.014257177979744 ], [ 7211241.006506088189781, 252043.034135742927901 ], [ 7296770.990706871263683, 268527.93771670665592 ], [ 7388174.340959688648582, 147126.381962935556658 ], [ 7460718.674743907526135, 206581.216475495719351 ], [ 7371201.625618173740804, 276832.684437428193633 ], [ 7562998.903202772140503, 340243.251595473790076 ] ] ] ] } },
{ "type": "Feature", "properties": { "ISO3": "BGR", "ISO2": "BG", "ISONUM": 100, "NAMEen": "Bulgaria", "NAMEfr": "Bulgarie", "NAMEde": "Bulgarien", "REGION_BLOC": "EU", "REGION_UN": "Europe", "SUBREGION_UN": "Eastern Europe", "LAST_DEV": "FALSE", "AREA_2021": 111000.0, "FOREST_AREA_2021": 39060.0, "POP_2023": 6430370, "LIFE_EXP_2022": 74.360975609756096, "FERT_2022": 1.78, "HIV_2022": 0.1, "CO2_POP_2020": 4.9232803794050097, "GNI_POP_2023": 37380, "INC_20P_2021": 6.1, "GDP_INDS_2023": 25.366434704650299, "HIG_TEC_EXP_2022": 8.5749820214831107, "MIL_EXP_2022": 1.50812345474607, "JamesBond": 0, "ARG_nacion": 42.0, "AUS_sydmor": 38.0, "BRA_oglobo": 89.0, "CAN_tostar": 54.0, "CHN_mopost": 19.0, "DEU_frankf": 172.0, "DZA_alnaha": 98.0, "EGY_alwafd": 133.0, "ESP_abc": 100.0, "FRA_lmonde": 135.0, "GBR_indept": 118.0, "IDN_republ": 106.0, "IND_tindia": 52.0, "IRN_hamsha": 133.0, "ITA_repubb": 258.0, "JPN_asahis": 62.0, "KEN_standa": 46.0, "MEX_inform": 78.0, "NGA_vangua": 64.0, "RUS_isvest": 234.0, "SAU_spa": 102.0, "TUR_sabah": 326.0, "USA_nytime": 79.0, "ZAF_times": 39.0, "mean": 107.375, "rnk": 118.0, "sd": 75.255398477451436, "min": 19.0, "Q1": 53.5, "Q2": 93.5, "Q3": 133.0, "max": 326.0, "nbsup0": 24, "nbsup10": 24, "nbsup100": 10 }, "geometry": { "type": "MultiPolygon", "coordinates": [ [ [ [ 2466852.517195193562657, -4528592.665382891893387 ], [ 2457593.326766899321228, -4695072.062297031283379 ], [ 2514641.853705618996173, -4726014.94395019300282 ], [ 2447044.741612873505801, -4746477.335484120063484 ], [ 2387507.503398021217436, -4823681.863742235116661 ], [ 2321382.601596130523831, -4914091.905114193446934 ], [ 2239806.773465559817851, -4912498.203334437683225 ], [ 2112128.695896469522268, -4995978.399903581477702 ], [ 2082183.894880430074409, -4939662.930347772315145 ], [ 2020868.153804857051, -4916377.977444173768163 ], [ 2036936.660108528332785, -4803064.338285402394831 ], [ 1958116.574366256128997, -4762665.021790570579469 ], [ 1968499.435161813162267, -4707778.622169569134712 ], [ 2035470.623348657507449, -4720604.884617204777896 ], [ 2212827.188511242158711, -4668692.254554006271064 ], [ 2321379.837946544867009, -4550568.332225737161934 ], [ 2466852.517195193562657, -4528592.665382891893387 ] ] ] ] } },
{ "type": "Feature", "properties": { "ISO3": "BHR", "ISO2": "BH", "ISONUM": 48, "NAMEen": "Bahrain", "NAMEfr": "Bahren", "NAMEde": "Bahrain", "REGION_BLOC": "Arab League", "REGION_UN": "Asia", "SUBREGION_UN": "Western Asia", "LAST_DEV": "FALSE", "AREA_2021": 790.0, "FOREST_AREA_2021": 7.2, "POP_2023": 1485509, "LIFE_EXP_2022": 79.246, "FERT_2022": 1.797, "HIV_2022": null, "CO2_POP_2020": 21.976907806525901, "GNI_POP_2023": 60090, "INC_20P_2021": null, "GDP_INDS_2023": 44.502704818936003, "HIG_TEC_EXP_2022": 0.54470536291629601, "MIL_EXP_2022": 3.1721370549074699, "JamesBond": 0, "ARG_nacion": 13.0, "AUS_sydmor": 53.0, "BRA_oglobo": 59.0, "CAN_tostar": 41.0, "CHN_mopost": 38.0, "DEU_frankf": 15.0, "DZA_alnaha": 367.0, "EGY_alwafd": 766.0, "ESP_abc": 81.0, "FRA_lmonde": 116.0, "GBR_indept": 124.0, "IDN_republ": 166.0, "IND_tindia": 125.0, "IRN_hamsha": 426.0, "ITA_repubb": 240.0, "JPN_asahis": 19.0, "KEN_standa": 43.0, "MEX_inform": 75.0, "NGA_vangua": 53.0, "RUS_isvest": 27.0, "SAU_spa": 2896.0, "TUR_sabah": 78.0, "USA_nytime": 126.0, "ZAF_times": 96.0, "mean": 251.79166666666666, "rnk": 82.0, "sd": 588.16930268689509, "min": 13.0, "Q1": 42.5, "Q2": 79.5, "Q3": 136.0, "max": 2896.0, "nbsup0": 24, "nbsup10": 24, "nbsup100": 10 }, "geometry": { "type": "MultiPolygon", "coordinates": [ [ [ [ 5440125.704715442843735, -4497948.909648322500288 ], [ 5480656.243273648433387, -4443620.237142776139081 ], [ 5523976.090042007155716, -4515193.840828169137239 ], [ 5485016.314436641521752, -4541710.206010486930609 ], [ 5440125.704715442843735, -4497948.909648322500288 ] ] ] ] } },
{ "type": "Feature", "properties": { "ISO3": "BHS", "ISO2": "BS", "ISONUM": 44, "NAMEen": "Bahamas", "NAMEfr": "Bahamas", "NAMEde": "Bahamas", "REGION_BLOC": null, "REGION_UN": "Americas", "SUBREGION_UN": "Latin America and the Caribbean", "LAST_DEV": "FALSE", "AREA_2021": 13880.0, "FOREST_AREA_2021": 5098.6, "POP_2023": 412623, "LIFE_EXP_2022": 74.358, "FERT_2022": 1.38, "HIV_2022": 0.9, "CO2_POP_2020": 6.0422514767351201, "GNI_POP_2023": 33790, "INC_20P_2021": null, "GDP_INDS_2023": 8.7910171914774899, "HIG_TEC_EXP_2022": 0.0, "MIL_EXP_2022": null, "JamesBond": 2, "ARG_nacion": 46.0, "AUS_sydmor": 46.0, "BRA_oglobo": 57.0, "CAN_tostar": 195.0, "CHN_mopost": 29.0, "DEU_frankf": 42.0, "DZA_alnaha": 0.0, "EGY_alwafd": 3.0, "ESP_abc": 76.0, "FRA_lmonde": 82.0, "GBR_indept": 101.0, "IDN_republ": 9.0, "IND_tindia": 33.0, "IRN_hamsha": 13.0, "ITA_repubb": 59.0, "JPN_asahis": 34.0, "KEN_standa": 34.0, "MEX_inform": 158.0, "NGA_vangua": 19.0, "RUS_isvest": 7.0, "SAU_spa": 0.0, "TUR_sabah": 28.0, "USA_nytime": 125.0, "ZAF_times": 47.0, "mean": 51.791666666666664, "rnk": 150.0, "sd": 50.029538376292535, "min": 0.0, "Q1": 17.5, "Q2": 38.0, "Q3": 63.25, "max": 195.0, "nbsup0": 22, "nbsup10": 19, "nbsup100": 4 }, "geometry": { "type": "MultiPolygon", "coordinates": [ [ [ [ -7053845.526617870666087, -1480223.8884670259431 ], [ -7082998.780630432069302, -1537709.908919504377991 ], [ -7116738.332580992020667, -1568413.594537421362475 ], [ -7147805.307884357869625, -1612310.798255813773721 ], [ -7167670.663819891400635, -1614079.11163143417798 ], [ -7179255.521831314079463, -1561639.18549014790915 ], [ -7142936.600345379672945, -1528701.543827082728967 ], [ -7128037.243603564798832, -1486470.125661113997921 ], [ -7114191.869802066124976, -1447914.758901814930141 ], [ -7086453.683859032578766, -1470633.757378054317087 ], [ -7060275.635002439841628, -1450477.414946010801941 ], [ -7053845.526617870666087, -1480223.8884670259431 ] ] ], [ [ [ -7043319.264817872084677, -1593401.561416479991749 ], [ -7028417.926708166487515, -1620969.714948884444311 ], [ -7023683.502426854334772, -1665137.100875275675207 ], [ -7039550.762937461026013, -1672024.363591842353344 ], [ -7053659.815631346777081, -1620449.018234826158732 ], [ -7043319.264817872084677, -1593401.561416479991749 ] ] ] ] } },
{ "type": "Feature", "properties": { "ISO3": "BIH", "ISO2": "BA", "ISONUM": 70, "NAMEen": "Bosnia and Herzegovina", "NAMEfr": "Bosnie-Herzégovine", "NAMEde": "Bosnien und Herzegowina", "REGION_BLOC": null, "REGION_UN": "Europe", "SUBREGION_UN": "Southern Europe", "LAST_DEV": "FALSE", "AREA_2021": 51210.0, "FOREST_AREA_2021": 21879.1, "POP_2023": 3210847, "LIFE_EXP_2022": 75.293, "FERT_2022": 1.346, "HIV_2022": null, "CO2_POP_2020": 6.3123058744753102, "GNI_POP_2023": 22790, "INC_20P_2021": 7.5, "GDP_INDS_2023": 23.287056879609299, "HIG_TEC_EXP_2022": 5.1638032671510601, "MIL_EXP_2022": 0.81044224019089095, "JamesBond": 0, "ARG_nacion": 59.0, "AUS_sydmor": 16.0, "BRA_oglobo": 13.0, "CAN_tostar": 51.0, "CHN_mopost": 32.0, "DEU_frankf": 81.0, "DZA_alnaha": 57.0, "EGY_alwafd": 85.0, "ESP_abc": 89.0, "FRA_lmonde": 150.0, "GBR_indept": 87.0, "IDN_republ": 130.0, "IND_tindia": 15.0, "IRN_hamsha": 95.0, "ITA_repubb": 124.0, "JPN_asahis": 30.0, "KEN_standa": 21.0, "MEX_inform": 52.0, "NGA_vangua": 59.0, "RUS_isvest": 42.0, "SAU_spa": 140.0, "TUR_sabah": 450.0, "USA_nytime": 71.0, "ZAF_times": 21.0, "mean": 82.083333333333329, "rnk": 132.0, "sd": 88.280637823323147, "min": 13.0, "Q1": 31.5, "Q2": 59.0, "Q3": 90.5, "max": 450.0, "nbsup0": 24, "nbsup10": 24, "nbsup100": 5 }, "geometry": { "type": "MultiPolygon", "coordinates": [ [ [ [ 1639557.47614804469049, -4757352.902586214244366 ], [ 1668031.28216278553009, -4744912.023883812129498 ], [ 1673573.804714488331228, -4794941.045271323993802 ], [ 1702354.677294397726655, -4836683.638168051838875 ], [ 1703149.28173078969121, -4892058.330706478096545 ], [ 1672490.221192434895784, -5016768.442951029166579 ], [ 1592512.196320942370221, -5004068.996286533772945 ], [ 1584447.635915377410129, -5000668.237033595331013 ], [ 1520317.189244591398165, -4951705.08995754737407 ], [ 1393926.706617272924632, -4866521.656264365650713 ], [ 1381970.002348901238292, -4814957.211037860251963 ], [ 1451295.933856281684712, -4769482.410564377903938 ], [ 1639557.47614804469049, -4757352.902586214244366 ] ] ] ] } },
{ "type": "Feature", "properties": { "ISO3": "BLR", "ISO2": "BY", "ISONUM": 112, "NAMEen": "Belarus", "NAMEfr": "Biélorussie", "NAMEde": "Weißrussland", "REGION_BLOC": null, "REGION_UN": "Europe", "SUBREGION_UN": "Eastern Europe", "LAST_DEV": "FALSE", "AREA_2021": 207630.0, "FOREST_AREA_2021": 87821.0, "POP_2023": 9178298, "LIFE_EXP_2022": 73.111463414634201, "FERT_2022": 1.495, "HIV_2022": 0.4, "CO2_POP_2020": 5.8424072959008804, "GNI_POP_2023": 29640, "INC_20P_2021": 10.3, "GDP_INDS_2023": 32.539751217374501, "HIG_TEC_EXP_2022": 5.5887554155952603, "MIL_EXP_2022": 1.2032825680807799, "JamesBond": 0, "ARG_nacion": 31.0, "AUS_sydmor": 19.0, "BRA_oglobo": 29.0, "CAN_tostar": 70.0, "CHN_mopost": 13.0, "DEU_frankf": 146.0, "DZA_alnaha": 4.0, "EGY_alwafd": 9.0, "ESP_abc": 48.0, "FRA_lmonde": 58.0, "GBR_indept": 33.0, "IDN_republ": 19.0, "IND_tindia": 15.0, "IRN_hamsha": 77.0, "ITA_repubb": 75.0, "JPN_asahis": 30.0, "KEN_standa": 20.0, "MEX_inform": 42.0, "NGA_vangua": 61.0, "RUS_isvest": 1367.0, "SAU_spa": 9.0, "TUR_sabah": 104.0, "USA_nytime": 70.0, "ZAF_times": 21.0, "mean": 98.75, "rnk": 122.0, "sd": 272.2863342624579, "min": 4.0, "Q1": 19.0, "Q2": 32.0, "Q3": 70.0, "max": 1367.0, "nbsup0": 24, "nbsup10": 21, "nbsup100": 3 }, "geometry": { "type": "MultiPolygon", "coordinates": [ [ [ [ 1782112.721462031593546, -3330754.752231251448393 ], [ 1935175.457915125181898, -3289368.446189514361322 ], [ 2009858.204170010751113, -3375504.421436423901469 ], [ 2124996.003630574792624, -3434671.132810934912413 ], [ 2204505.233906175941229, -3431296.251273942645639 ], [ 2204685.520411268807948, -3483945.45446759974584 ], [ 2168821.849621875677258, -3515029.726257604081184 ], [ 2225433.621961719356477, -3594249.297925823833793 ], [ 2176197.75286323344335, -3627631.562254759017378 ], [ 2157636.747641663532704, -3714848.270143210422248 ], [ 1961635.396215136162937, -3808093.107143252156675 ], [ 1846100.891710334457457, -3824306.94573136465624 ], [ 1755886.29177928972058, -3872484.377883428242058 ], [ 1718853.471209917915985, -3933132.822230028454214 ], [ 1654767.111906716832891, -3867263.417297658044845 ], [ 1684972.929617766989395, -3807925.449658675584942 ], [ 1603164.825222203973681, -3689557.727835217490792 ], [ 1685236.282414160436019, -3649075.643492697738111 ], [ 1704710.810388765530661, -3529083.519570635166019 ], [ 1735095.576472559478134, -3467162.123119557742029 ], [ 1714805.113314387388527, -3425203.210331661161035 ], [ 1782112.721462031593546, -3330754.752231251448393 ] ] ] ] } },
{ "type": "Feature", "properties": { "ISO3": "BLZ", "ISO2": "BZ", "ISONUM": 84, "NAMEen": "Belize", "NAMEfr": "Belize", "NAMEde": "Belize", "REGION_BLOC": null, "REGION_UN": "Americas", "SUBREGION_UN": "Latin America and the Caribbean", "LAST_DEV": "FALSE", "AREA_2021": 22970.0, "FOREST_AREA_2021": 12658.9, "POP_2023": 410825, "LIFE_EXP_2022": 70.962, "FERT_2022": 1.989, "HIV_2022": 1.3, "CO2_POP_2020": 1.74110771521393, "GNI_POP_2023": 13710, "INC_20P_2021": 3.2, "GDP_INDS_2023": 13.164711260094499, "HIG_TEC_EXP_2022": 0.00018155445213167401, "MIL_EXP_2022": 0.86116711365031795, "JamesBond": 0, "ARG_nacion": 59.0, "AUS_sydmor": 0.0, "BRA_oglobo": 4.0, "CAN_tostar": 78.0, "CHN_mopost": 6.0, "DEU_frankf": 6.0, "DZA_alnaha": 10.0, "EGY_alwafd": 10.0, "ESP_abc": 22.0, "FRA_lmonde": 1.0, "GBR_indept": 4.0, "IDN_republ": 12.0, "IND_tindia": 0.0, "IRN_hamsha": 6.0, "ITA_repubb": 10.0, "JPN_asahis": 9.0, "KEN_standa": 0.0, "MEX_inform": 30.0, "NGA_vangua": 0.0, "RUS_isvest": 0.0, "SAU_spa": 0.0, "TUR_sabah": 0.0, "USA_nytime": 14.0, "ZAF_times": 16.0, "mean": 12.375, "rnk": 187.0, "sd": 19.10113244992467, "min": 0.0, "Q1": 0.0, "Q2": 6.0, "Q3": 12.5, "max": 78.0, "nbsup0": 17, "nbsup10": 7, "nbsup100": 0 }, "geometry": { "type": "MultiPolygon", "coordinates": [ [ [ [ -7965418.900981029495597, -265417.29728581092786 ], [ -8053822.584286139346659, -241379.358209222758887 ], [ -8122653.870787259191275, -252790.228485471074237 ], [ -8247562.64833003655076, -188010.785486692067934 ], [ -8236572.379937238991261, -110103.702653290310991 ], [ -8030673.26061655394733, -117674.695582065018243 ], [ -7954219.684967416338623, -235544.60977827073657 ], [ -7965418.900981029495597, -265417.29728581092786 ] ] ] ] } },
{ "type": "Feature", "properties": { "ISO3": "BOL", "ISO2": "BO", "ISONUM": 68, "NAMEen": "Bolivia", "NAMEfr": "Bolivie", "NAMEde": "Bolivien", "REGION_BLOC": "MERCOSUR", "REGION_UN": "Americas", "SUBREGION_UN": "Latin America and the Caribbean", "LAST_DEV": "FALSE", "AREA_2021": 1098580.0, "FOREST_AREA_2021": 506207.733, "POP_2023": 12388571, "LIFE_EXP_2022": 64.928, "FERT_2022": 2.584, "HIV_2022": 0.4, "CO2_POP_2020": 1.5394646956031599, "GNI_POP_2023": 10490, "INC_20P_2021": 5.3, "GDP_INDS_2023": 24.785914275517399, "HIG_TEC_EXP_2022": 5.51765429451582, "MIL_EXP_2022": 1.48373193294262, "JamesBond": 1, "ARG_nacion": 1386.0, "AUS_sydmor": 40.0, "BRA_oglobo": 763.0, "CAN_tostar": 76.0, "CHN_mopost": 19.0, "DEU_frankf": 70.0, "DZA_alnaha": 49.0, "EGY_alwafd": 70.0, "ESP_abc": 415.0, "FRA_lmonde": 183.0, "GBR_indept": 59.0, "IDN_republ": 102.0, "IND_tindia": 31.0, "IRN_hamsha": 87.0, "ITA_repubb": 127.0, "JPN_asahis": 83.0, "KEN_standa": 42.0, "MEX_inform": 755.0, "NGA_vangua": 73.0, "RUS_isvest": 78.0, "SAU_spa": 43.0, "TUR_sabah": 49.0, "USA_nytime": 142.0, "ZAF_times": 31.0, "mean": 198.875, "rnk": 95.0, "sd": 325.2822603725009, "min": 19.0, "Q1": 47.5, "Q2": 74.5, "Q3": 130.75, "max": 1386.0, "nbsup0": 24, "nbsup10": 24, "nbsup100": 8 }, "geometry": { "type": "MultiPolygon", "coordinates": [ [ [ [ -10391769.440376935526729, -6453520.595441768877208 ], [ -10361291.976028559729457, -6430463.350753624923527 ], [ -10411799.832677846774459, -6233915.326457977294922 ], [ -10511307.214571166783571, -6067144.507046051323414 ], [ -10727246.050414580851793, -5761252.145007689483464 ], [ -10869059.78213469684124, -5711877.04169996175915 ], [ -11068749.884018857032061, -5725158.402682746760547 ], [ -11172957.059833075851202, -5462072.17050195671618 ], [ -11295921.746395517140627, -5425705.030702094547451 ], [ -11253723.52056784555316, -5346819.16879056673497 ], [ -11349493.3198262732476, -5113857.678990690968931 ], [ -11360688.654193291440606, -5001187.423957616090775 ], [ -11547493.396925585344434, -4855564.975943554192781 ], [ -11605672.934627242386341, -4718157.993508885614574 ], [ -11473460.608179081231356, -4587306.105473075062037 ], [ -11395079.929793395102024, -4425457.913200219161808 ], [ -11308361.798456471413374, -4455312.778971475549042 ], [ -11293399.563934430480003, -4337480.133291377685964 ], [ -11183045.226964253932238, -4178925.031257981900126 ], [ -11049484.372829737141728, -4233155.196544558741152 ], [ -10983278.857014209032059, -4300408.701134702190757 ], [ -10966943.933044197037816, -4128996.808008503634483 ], [ -10910994.011860877275467, -4103201.059082523453981 ], [ -10796549.506688142195344, -4169565.852930060587823 ], [ -10664857.724278066307306, -4097923.660708014387637 ], [ -10605830.308325707912445, -4138398.879297716077417 ], [ -10508362.320047544315457, -3912694.849709049332887 ], [ -10420765.101708011701703, -4148333.437779278494418 ], [ -10186989.536815075203776, -4401577.889607124961913 ], [ -10074380.336569590494037, -4632763.933964125812054 ], [ -10215204.553629798814654, -4678020.757600300945342 ], [ -10267019.209670390933752, -4788146.194288206286728 ], [ -10262164.284488163888454, -4917745.964917211793363 ], [ -10165358.853839159011841, -5162751.595304582268 ], [ -10138126.374530097469687, -5425090.58581530675292 ], [ -10054905.565886108204722, -5562696.089787934906781 ], [ -10030702.354473486542702, -5681424.35656651481986 ], [ -10234027.130720634013414, -5877736.596103684045374 ], [ -10064400.363988699391484, -6175999.76556511502713 ], [ -10143586.867144532501698, -6244974.888812474906445 ], [ -10105719.665900139138103, -6366188.260691021569073 ], [ -10137642.850817980244756, -6445691.567614568397403 ], [ -10391769.440376935526729, -6453520.595441768877208 ] ] ] ] } },
{ "type": "Feature", "properties": { "ISO3": "BRA", "ISO2": "BR", "ISONUM": 76, "NAMEen": "Brazil", "NAMEfr": "Brésil", "NAMEde": "Brasilien", "REGION_BLOC": "MERCOSUR", "REGION_UN": "Americas", "SUBREGION_UN": "Latin America and the Caribbean", "LAST_DEV": "FALSE", "AREA_2021": 8515770.0, "FOREST_AREA_2021": 4953913.667, "POP_2023": 216422446, "LIFE_EXP_2022": 73.425, "FERT_2022": 1.626, "HIV_2022": 0.6, "CO2_POP_2020": 1.9425233563148401, "GNI_POP_2023": 19990, "INC_20P_2021": 3.6, "GDP_INDS_2023": 22.263182039320402, "HIG_TEC_EXP_2022": 9.0457824769160595, "MIL_EXP_2022": 1.0534220112408601, "JamesBond": 1, "ARG_nacion": 6719.0, "AUS_sydmor": 862.0, "BRA_oglobo": null, "CAN_tostar": 1146.0, "CHN_mopost": 745.0, "DEU_frankf": 1998.0, "DZA_alnaha": 1029.0, "EGY_alwafd": 610.0, "ESP_abc": 2141.0, "FRA_lmonde": 2294.0, "GBR_indept": 1120.0, "IDN_republ": 145.0, "IND_tindia": 818.0, "IRN_hamsha": 899.0, "ITA_repubb": 2473.0, "JPN_asahis": 1600.0, "KEN_standa": 905.0, "MEX_inform": 3037.0, "NGA_vangua": 1683.0, "RUS_isvest": 801.0, "SAU_spa": 387.0, "TUR_sabah": 1083.0, "USA_nytime": 1656.0, "ZAF_times": 1031.0, "mean": 1529.6521739130435, "rnk": 17.0, "sd": 1336.2481944437382, "min": 145.0, "Q1": 840.0, "Q2": 1083.0, "Q3": 1840.5, "max": 6719.0, "nbsup0": 23, "nbsup10": 23, "nbsup100": 23 }, "geometry": { "type": "MultiPolygon", "coordinates": [ [ [ [ -7944713.942838599905372, -5642823.593919054605067 ], [ -7916443.734051025472581, -5723202.288124279119074 ], [ -7749602.784150769934058, -5901967.800755788572133 ], [ -7497044.446977418847382, -5924375.481863379478455 ], [ -7471637.928144048899412, -5979180.309772337786853 ], [ -7492646.431052223779261, -6047370.838621658273041 ], [ -7559225.6877755606547, -6238762.156247788108885 ], [ -7511074.00978222489357, -6322635.848138057626784 ], [ -7551056.639907740987837, -6360822.802442385815084 ], [ -7784147.88861914165318, -6292130.322864027693868 ], [ -7972478.343111937865615, -6210220.25640853960067 ], [ -7865433.012313038110733, -6309488.451994645409286 ], [ -7712328.618605598807335, -6381301.15188505500555 ], [ -7620291.569931951351464, -6491397.403895898722112 ], [ -7526289.579361394047737, -6647384.924416983500123 ], [ -7694486.377836104482412, -6713051.020402230322361 ], [ -7618012.855573147535324, -6758488.137746263295412 ], [ -7491743.383119272068143, -6736625.102284051477909 ], [ -7289078.974034941755235, -6996869.56216115038842 ], [ -7156397.333353026770055, -7276883.347455242648721 ], [ -7191161.772901127114892, -7351563.234488401561975 ], [ -7039007.85295064561069, -7466540.989123903214931 ], [ -6934289.952320476062596, -7636893.530392036773264 ], [ -6629622.016101741231978, -7904879.714314873330295 ], [ -6477670.372493260540068, -8150142.503154015168548 ], [ -6372994.405022831633687, -8401305.671345736831427 ], [ -6140050.438018533401191, -8604675.436700059100986 ], [ -6159615.119027302600443, -8863398.528132081031799 ], [ -6209011.591673347167671, -8929727.004367493093014 ], [ -6367961.114599890075624, -8992102.126605030149221 ], [ -6625814.746027180925012, -8984386.725652072578669 ], [ -6721168.214227482676506, -8950758.141423232853413 ], [ -7026496.366330480203032, -8977057.934608483687043 ], [ -7129888.301212822087109, -8892531.52596035413444 ], [ -7230940.99551894608885, -8916801.636013295501471 ], [ -7326424.736086503602564, -9025738.832007879391313 ], [ -7375560.454398655332625, -9152272.562168398872018 ], [ -7547308.226263959892094, -9274678.918006034567952 ], [ -7701376.820565456524491, -9268227.1183403711766 ], [ -7762430.959358718246222, -9346644.098539898172021 ], [ -8135686.32489391695708, -9335361.375414747744799 ], [ -8149425.09143397770822, -9385662.718453699722886 ], [ -8355360.185674520209432, -9290551.588239496573806 ], [ -8401290.68260932341218, -9311534.440219948068261 ], [ -8686926.379625597968698, -9038295.06151239387691 ], [ -8833611.430941654369235, -8926445.563753189519048 ], [ -8991034.640070552006364, -8856000.804753800854087 ], [ -9276089.462481934577227, -8660250.657889464870095 ], [ -9453740.997746653854847, -8564449.881737509742379 ], [ -9646771.455450020730495, -8511202.317052282392979 ], [ -9910166.102944785729051, -8671009.681048208847642 ], [ -10129795.608709657564759, -8557111.421850031241775 ], [ -10291701.079237390309572, -8539583.222116455435753 ], [ -10826798.003289548680186, -8323218.68307076767087 ], [ -10770510.573995675891638, -8333159.592952800914645 ], [ -10510544.723823, -8439931.369609091430902 ], [ -10386128.882030652835965, -8458097.279909506440163 ], [ -10446611.602805284783244, -8378542.383570554666221 ], [ -10528730.856200290843844, -8364268.139652827754617 ], [ -10638798.220198139548302, -8323939.156420286744833 ], [ -10859631.432922497391701, -8296301.857884926721454 ], [ -11025204.518613779917359, -8194282.683981999754906 ], [ -11031578.725026173517108, -8151981.514471014030278 ], [ -10899574.929530350491405, -8162099.371824202127755 ], [ -10990978.275187507271767, -7813329.942110882140696 ], [ -11119352.12063679844141, -7496891.399139602668583 ], [ -11160889.475684283301234, -7294781.931947466917336 ], [ -11266787.670371681451797, -7146894.433372634463012 ], [ -10852816.52687812410295, -7383174.292951400391757 ], [ -10502338.111223049461842, -7674731.717882422730327 ], [ -10394520.323679802939296, -7644833.864236554130912 ], [ -10374066.797450261190534, -7562137.517675639130175 ], [ -10459510.325504692271352, -7433131.416844022460282 ], [ -10447773.525971367955208, -7422251.400018345564604 ], [ -10280405.028316734358668, -7396291.181551979854703 ], [ -10416287.570525240153074, -7186242.72215929441154 ], [ -10323536.691529685631394, -6996291.901515362784266 ], [ -10547925.24871421046555, -6594450.113618902862072 ], [ -10427033.57063228264451, -6561786.984351811930537 ], [ -10391769.440376935526729, -6453520.595441768877208 ], [ -10137642.850817980244756, -6445691.567614568397403 ], [ -10105719.665900139138103, -6366188.260691021569073 ], [ -10143586.867144532501698, -6244974.888812474906445 ], [ -10064400.363988699391484, -6175999.76556511502713 ], [ -10234027.130720634013414, -5877736.596103684045374 ], [ -10030702.354473486542702, -5681424.35656651481986 ], [ -10054905.565886108204722, -5562696.089787934906781 ], [ -10138126.374530097469687, -5425090.58581530675292 ], [ -10165358.853839159011841, -5162751.595304582268 ], [ -10262164.284488163888454, -4917745.964917211793363 ], [ -10267019.209670390933752, -4788146.194288206286728 ], [ -10215204.553629798814654, -4678020.757600300945342 ], [ -10074380.336569590494037, -4632763.933964125812054 ], [ -10186989.536815075203776, -4401577.889607124961913 ], [ -10420765.101708011701703, -4148333.437779278494418 ], [ -10508362.320047544315457, -3912694.849709049332887 ], [ -10585292.086607612669468, -3719086.836629109457135 ], [ -10433416.615244971588254, -3669188.799255735240877 ], [ -10527827.067227222025394, -3544759.249344020616263 ], [ -10576414.22091525606811, -3396597.621224690694362 ], [ -10534016.04101774469018, -3360461.866552110295743 ], [ -10571993.296223767101765, -3188856.451535196974874 ], [ -10523465.232951156795025, -3225503.540660123806447 ], [ -10417322.110316457226872, -2983484.190913640428334 ], [ -10336160.907219391316175, -3009684.072644677013159 ], [ -10252615.914918659254909, -3108771.313134031370282 ], [ -10103187.086829006671906, -3104682.241056599654257 ], [ -9883994.462395409122109, -3435737.089808907359838 ], [ -9836784.313081260770559, -3587113.008423447143286 ], [ -9484817.721324224025011, -3565211.699142836965621 ], [ -9416156.206894773989916, -3413470.686477144248784 ], [ -9340876.733056277036667, -3389789.23601988889277 ], [ -9292634.168532254174352, -3518414.028721495531499 ], [ -9263594.066042548045516, -3521124.308985773008317 ], [ -9279940.863989803940058, -3404759.085908313747495 ], [ -9212881.174377722665668, -3379429.330165056046098 ], [ -9094136.402955587953329, -3674593.116466285195202 ], [ -9046163.051867812871933, -3730707.100381651893258 ], [ -9073997.224401224404573, -3875056.934121759608388 ], [ -9074180.648448111489415, -4010452.113659576047212 ], [ -8832049.662708329036832, -4292258.730027365498245 ], [ -8702821.069273071363568, -4360929.739564594812691 ], [ -8747664.692373948171735, -4257458.367953253909945 ], [ -8647308.246251367032528, -4179718.107125100679696 ], [ -8622967.044402694329619, -4096391.06604834087193 ], [ -8552837.272477393969893, -4278200.472136506810784 ], [ -8555443.468591403216124, -4372199.891687458381057 ], [ -8497904.919186607003212, -4373666.039705567993224 ], [ -8382376.704966406337917, -4538524.235130169428885 ], [ -8242770.61205384414643, -4642169.649017204530537 ], [ -8223966.033897651359439, -4607555.575046536512673 ], [ -8173520.747412216849625, -4722198.678562249056995 ], [ -8242091.536245823837817, -4730080.35165227856487 ], [ -8245847.068600789643824, -4851510.528484032489359 ], [ -8403978.805635312572122, -4852023.836476606316864 ], [ -8463191.734336683526635, -4935650.577311802655458 ], [ -8464132.677767379209399, -5037201.729187401942909 ], [ -8210592.410633764229715, -5310756.927634720690548 ], [ -8152103.08142030145973, -5396902.687499791383743 ], [ -8089220.429782864637673, -5432287.804897727444768 ], [ -7960701.703957349061966, -5578580.296322829090059 ], [ -7944713.942838599905372, -5642823.593919054605067 ] ] ] ] } },
{ "type": "Feature", "properties": { "ISO3": "BRB", "ISO2": "BB", "ISONUM": 52, "NAMEen": "Barbados", "NAMEfr": "Barbade", "NAMEde": "Barbados", "REGION_BLOC": null, "REGION_UN": "Americas", "SUBREGION_UN": "Latin America and the Caribbean", "LAST_DEV": "FALSE", "AREA_2021": 430.0, "FOREST_AREA_2021": 63.0, "POP_2023": 281995, "LIFE_EXP_2022": 77.706, "FERT_2022": 1.634, "HIV_2022": 1.0, "CO2_POP_2020": 3.9048711581692501, "GNI_POP_2023": 18550, "INC_20P_2021": null, "GDP_INDS_2023": 13.103186385890799, "HIG_TEC_EXP_2022": 17.0117402095809, "MIL_EXP_2022": null, "JamesBond": 0, "ARG_nacion": 33.0, "AUS_sydmor": 20.0, "BRA_oglobo": 29.0, "CAN_tostar": 41.0, "CHN_mopost": 3.0, "DEU_frankf": 3.0, "DZA_alnaha": 4.0, "EGY_alwafd": 0.0, "ESP_abc": 29.0, "FRA_lmonde": 3.0, "GBR_indept": 57.0, "IDN_republ": 16.0, "IND_tindia": 11.0, "IRN_hamsha": 0.0, "ITA_repubb": 16.0, "JPN_asahis": 0.0, "KEN_standa": 18.0, "MEX_inform": 25.0, "NGA_vangua": 9.0, "RUS_isvest": 2.0, "SAU_spa": 0.0, "TUR_sabah": 3.0, "USA_nytime": 14.0, "ZAF_times": 16.0, "mean": 14.666666666666666, "rnk": 186.0, "sd": 14.904527081938289, "min": 0.0, "Q1": 3.0, "Q2": 12.5, "Q3": 21.25, "max": 57.0, "nbsup0": 20, "nbsup10": 13, "nbsup100": 0 }, "geometry": { "type": "MultiPolygon", "coordinates": [ [ [ [ -7375827.347758152522147, -4339239.927237990312278 ], [ -7375980.533321222290397, -4312907.58635650575161 ], [ -7362583.688288449309766, -4307247.14676171913743 ], [ -7357248.115047651343048, -4324168.27564849704504 ], [ -7360824.829958676360548, -4338933.332515856251121 ], [ -7357451.683586001396179, -4349519.51080811675638 ], [ -7346375.824687414802611, -4365793.72765694744885 ], [ -7361800.346591524779797, -4360521.185584885068238 ], [ -7375827.347758152522147, -4339239.927237990312278 ] ] ] ] } },
{ "type": "Feature", "properties": { "ISO3": "BRN", "ISO2": "BN", "ISONUM": 96, "NAMEen": "Brunei", "NAMEfr": "Brunéi Darussalam", "NAMEde": "Brunei", "REGION_BLOC": "ASEAN", "REGION_UN": "Asia", "SUBREGION_UN": "South-eastern Asia", "LAST_DEV": "FALSE", "AREA_2021": 5770.0, "FOREST_AREA_2021": 3800.0, "POP_2023": 452524, "LIFE_EXP_2022": 74.551, "FERT_2022": 1.764, "HIV_2022": null, "CO2_POP_2020": 21.705812439866399, "GNI_POP_2023": 87550, "INC_20P_2021": null, "GDP_INDS_2023": 61.800769945324298, "HIG_TEC_EXP_2022": 1.04423785364427, "MIL_EXP_2022": 2.3696474066312998, "JamesBond": 0, "ARG_nacion": 8.0, "AUS_sydmor": 22.0, "BRA_oglobo": 11.0, "CAN_tostar": 4.0, "CHN_mopost": 36.0, "DEU_frankf": 0.0, "DZA_alnaha": 30.0, "EGY_alwafd": 30.0, "ESP_abc": 14.0, "FRA_lmonde": 13.0, "GBR_indept": 52.0, "IDN_republ": 159.0, "IND_tindia": 25.0, "IRN_hamsha": 14.0, "ITA_repubb": 15.0, "JPN_asahis": 32.0, "KEN_standa": 11.0, "MEX_inform": 10.0, "NGA_vangua": 8.0, "RUS_isvest": 0.0, "SAU_spa": 87.0, "TUR_sabah": 6.0, "USA_nytime": 22.0, "ZAF_times": 11.0, "mean": 25.833333333333332, "rnk": 170.0, "sd": 34.058347207296386, "min": 0.0, "Q1": 9.5, "Q2": 14.0, "Q3": 30.0, "max": 159.0, "nbsup0": 22, "nbsup10": 17, "nbsup100": 1 }, "geometry": { "type": "MultiPolygon", "coordinates": [ [ [ [ 8672539.275497348979115, 3861043.789035760331899 ], [ 8556971.585171306505799, 4010513.978800571057945 ], [ 8556391.241194617003202, 4100810.578142262529582 ], [ 8690762.473556572571397, 3976488.535908833611757 ], [ 8672539.275497348979115, 3861043.789035760331899 ] ] ] ] } },
{ "type": "Feature", "properties": { "ISO3": "BTN", "ISO2": "BT", "ISONUM": 64, "NAMEen": "Bhutan", "NAMEfr": "Bhoutan", "NAMEde": "Bhutan", "REGION_BLOC": null, "REGION_UN": "Asia", "SUBREGION_UN": "Southern Asia", "LAST_DEV": "FALSE", "AREA_2021": 38390.0, "FOREST_AREA_2021": 27270.6, "POP_2023": 787424, "LIFE_EXP_2022": 72.229, "FERT_2022": 1.398, "HIV_2022": 0.2, "CO2_POP_2020": 1.3400543167302299, "GNI_POP_2023": 14240, "INC_20P_2021": 8.8, "GDP_INDS_2023": 31.824844371024302, "HIG_TEC_EXP_2022": 0.0230326501174942, "MIL_EXP_2022": null, "JamesBond": 0, "ARG_nacion": 1.0, "AUS_sydmor": 1.0, "BRA_oglobo": 14.0, "CAN_tostar": 20.0, "CHN_mopost": 46.0, "DEU_frankf": 0.0, "DZA_alnaha": 47.0, "EGY_alwafd": 4.0, "ESP_abc": 12.0, "FRA_lmonde": 9.0, "GBR_indept": 4.0, "IDN_republ": 4.0, "IND_tindia": 228.0, "IRN_hamsha": 12.0, "ITA_repubb": 18.0, "JPN_asahis": 0.0, "KEN_standa": 10.0, "MEX_inform": 0.0, "NGA_vangua": 4.0, "RUS_isvest": 3.0, "SAU_spa": 28.0, "TUR_sabah": 3.0, "USA_nytime": 30.0, "ZAF_times": 22.0, "mean": 21.666666666666668, "rnk": 176.0, "sd": 46.007245806140865, "min": 0.0, "Q1": 3.0, "Q2": 9.5, "Q3": 20.5, "max": 228.0, "nbsup0": 21, "nbsup10": 11, "nbsup100": 1 }, "geometry": { "type": "MultiPolygon", "coordinates": [ [ [ [ 6927367.654772359877825, 197478.281378655519802 ], [ 7025980.972991831600666, 249755.485728813015157 ], [ 7047960.864746000617743, -22475.596187189359625 ], [ 7033248.708805232308805, -110916.308274218099541 ], [ 6978067.151296206749976, -134920.118328294163803 ], [ 6888401.309663659892976, -52721.151594240072882 ], [ 6863752.168275157921016, 27024.793651767864503 ], [ 6927367.654772359877825, 197478.281378655519802 ] ] ] ] } },
{ "type": "Feature", "properties": { "ISO3": "BWA", "ISO2": "BW", "ISONUM": 72, "NAMEen": "Botswana", "NAMEfr": "Botswana", "NAMEde": "Botsuana", "REGION_BLOC": "SADC", "REGION_UN": "Africa", "SUBREGION_UN": "Sub-Saharan Africa", "LAST_DEV": "FALSE", "AREA_2021": 581730.0, "FOREST_AREA_2021": 151364.0, "POP_2023": 2675352, "LIFE_EXP_2022": 65.913, "FERT_2022": 2.754, "HIV_2022": 16.4, "CO2_POP_2020": 2.2634631138366998, "GNI_POP_2023": 19140, "INC_20P_2021": 3.9, "GDP_INDS_2023": 34.324082880884603, "HIG_TEC_EXP_2022": 0.49967338026210001, "MIL_EXP_2022": 2.7439595634117699, "JamesBond": 0, "ARG_nacion": 8.0, "AUS_sydmor": 17.0, "BRA_oglobo": 10.0, "CAN_tostar": 28.0, "CHN_mopost": 12.0, "DEU_frankf": 25.0, "DZA_alnaha": 278.0, "EGY_alwafd": 23.0, "ESP_abc": 24.0, "FRA_lmonde": 33.0, "GBR_indept": 41.0, "IDN_republ": 7.0, "IND_tindia": 15.0, "IRN_hamsha": 9.0, "ITA_repubb": 22.0, "JPN_asahis": 0.0, "KEN_standa": 147.0, "MEX_inform": 12.0, "NGA_vangua": 56.0, "RUS_isvest": 9.0, "SAU_spa": 16.0, "TUR_sabah": 0.0, "USA_nytime": 33.0, "ZAF_times": 484.0, "mean": 54.541666666666664, "rnk": 148.0, "sd": 108.98343678171295, "min": 0.0, "Q1": 9.75, "Q2": 19.5, "Q3": 33.0, "max": 484.0, "nbsup0": 22, "nbsup10": 17, "nbsup100": 3 }, "geometry": { "type": "MultiPolygon", "coordinates": [ [ [ [ 5107943.937529616057873, -10825600.588058292865753 ], [ 5355032.929937234148383, -10916380.566463844850659 ], [ 5703579.247354400344193, -10864577.681448701769114 ], [ 5822573.029093259945512, -10935517.283531410619617 ], [ 6025465.796177034266293, -10852923.208063408732414 ], [ 6105454.693983213976026, -10857547.302350768819451 ], [ 5933746.946542991325259, -11002419.079506378620863 ], [ 5729283.788765297271311, -11242329.548924310132861 ], [ 5729084.144048132002354, -11317250.450529336929321 ], [ 5558581.519833334721625, -11463546.235461305826902 ], [ 5543957.634426658041775, -11577741.013821786269546 ], [ 5393822.538869292475283, -11674039.806890459731221 ], [ 5003754.906201718375087, -11784105.742723880335689 ], [ 4973348.884766943752766, -11877893.919076401740313 ], [ 4794232.24117205478251, -12055223.153321469202638 ], [ 4585299.033149817027152, -12140564.397119214758277 ], [ 4587235.730607382021844, -12049719.10157785564661 ], [ 4353665.906639340333641, -11973661.338644027709961 ], [ 4248891.183066776953638, -11687474.242948334664106 ], [ 4450928.537638102658093, -11612035.377915540710092 ], [ 4305670.631307609379292, -11231253.115378946065903 ], [ 4746392.014287601225078, -11014925.555561201646924 ], [ 4821048.718487116508186, -11039049.950794158503413 ], [ 4914284.138063569553196, -10943435.24240256100893 ], [ 5107943.937529616057873, -10825600.588058292865753 ] ] ] ] } },
{ "type": "Feature", "properties": { "ISO3": "CAF", "ISO2": "CF", "ISONUM": 140, "NAMEen": "Central African Republic", "NAMEfr": "République centrafricaine", "NAMEde": "Zentralafrikanische Republik", "REGION_BLOC": "CEMAC", "REGION_UN": "Africa", "SUBREGION_UN": "Sub-Saharan Africa", "LAST_DEV": "TRUE", "AREA_2021": 622980.0, "FOREST_AREA_2021": 222730.0, "POP_2023": 5742315, "LIFE_EXP_2022": 54.477, "FERT_2022": 5.918, "HIV_2022": 3.4, "CO2_POP_2020": 0.044282072685485001, "GNI_POP_2023": 1200, "INC_20P_2021": 5.6, "GDP_INDS_2023": 20.706817319368401, "HIG_TEC_EXP_2022": 37.2974046773952, "MIL_EXP_2022": 1.69643629147357, "JamesBond": 0, "ARG_nacion": 6.0, "AUS_sydmor": 29.0, "BRA_oglobo": 61.0, "CAN_tostar": 145.0, "CHN_mopost": 47.0, "DEU_frankf": 0.0, "DZA_alnaha": 22.0, "EGY_alwafd": 20.0, "ESP_abc": 98.0, "FRA_lmonde": 583.0, "GBR_indept": 72.0, "IDN_republ": 27.0, "IND_tindia": 30.0, "IRN_hamsha": 39.0, "ITA_repubb": 193.0, "JPN_asahis": 0.0, "KEN_standa": 467.0, "MEX_inform": 41.0, "NGA_vangua": 87.0, "RUS_isvest": 28.0, "SAU_spa": 83.0, "TUR_sabah": 41.0, "USA_nytime": 127.0, "ZAF_times": 360.0, "mean": 108.58333333333333, "rnk": 116.0, "sd": 150.83043075115748, "min": 0.0, "Q1": 27.75, "Q2": 44.0, "Q3": 105.25, "max": 583.0, "nbsup0": 22, "nbsup10": 21, "nbsup100": 6 }, "geometry": { "type": "MultiPolygon", "coordinates": [ [ [ [ 3416622.077185053844005, -8103635.724562395364046 ], [ 3569054.008805508725345, -8159917.519695660099387 ], [ 3598416.264338423497975, -8282779.992842121049762 ], [ 3701874.143637180328369, -8248465.513699781149626 ], [ 3936462.804094414692372, -8305117.940775162540376 ], [ 4116914.462175543885678, -8301469.87579510640353 ], [ 4158876.797293115407228, -8348329.914641014300287 ], [ 4269216.6188362268731, -8334241.695765886455774 ], [ 4350906.543727144598961, -8378961.101792124100029 ], [ 4207927.513395935297012, -8453619.9647878985852 ], [ 4036773.485757777933031, -8503105.701849337667227 ], [ 3769039.735179916489869, -8714589.506470883265138 ], [ 3684207.267044967506081, -8722430.464675078168511 ], [ 3640710.87082675518468, -8823128.898948373273015 ], [ 3348029.738298734184355, -8905819.04351750947535 ], [ 3183202.21014567092061, -8880789.533355973660946 ], [ 3028433.077905683312565, -9031598.349816776812077 ], [ 3071791.541335893329233, -9113757.224861666560173 ], [ 2877785.232498932629824, -9150042.748541247099638 ], [ 2742807.847282940521836, -9219545.835225077345967 ], [ 2720920.93128070468083, -9367506.619727848097682 ], [ 2684654.082127657718956, -9305846.145099334418774 ], [ 2508793.811222876422107, -9252209.210297735407948 ], [ 2411153.014545121695846, -9179494.040403511375189 ], [ 2353679.683805561158806, -9045769.891182078048587 ], [ 2447663.395828561391681, -8837338.444359311833978 ], [ 2600978.901160689536482, -8753437.804695636034012 ], [ 2644763.605337118729949, -8777250.588849680498242 ], [ 2769396.365613474976271, -8688251.330723766237497 ], [ 2904747.786109862849116, -8636626.704196009784937 ], [ 2946690.731702114455402, -8509261.282893996685743 ], [ 3139335.979935679584742, -8425588.176989266648889 ], [ 3356429.175391992554069, -8118976.43527539819479 ], [ 3416622.077185053844005, -8103635.724562395364046 ] ] ] ] } },
{ "type": "Feature", "properties": { "ISO3": "CAN", "ISO2": "CA", "ISONUM": 124, "NAMEen": "Canada", "NAMEfr": "Canada", "NAMEde": "Kanada", "REGION_BLOC": "ALENA", "REGION_UN": "Americas", "SUBREGION_UN": "Northern America", "LAST_DEV": "FALSE", "AREA_2021": 15634410.0, "FOREST_AREA_2021": 3468911.133, "POP_2023": 40097761, "LIFE_EXP_2022": 81.295609756097605, "FERT_2022": 1.33, "HIV_2022": 0.2, "CO2_POP_2020": 13.5916963421093, "GNI_POP_2023": 60700, "INC_20P_2021": 7.6, "GDP_INDS_2023": 22.451617319499999, "HIG_TEC_EXP_2022": 13.6695585515572, "MIL_EXP_2022": 1.2366559125866601, "JamesBond": 0, "ARG_nacion": 483.0, "AUS_sydmor": 656.0, "BRA_oglobo": 785.0, "CAN_tostar": null, "CHN_mopost": 1082.0, "DEU_frankf": 904.0, "DZA_alnaha": 601.0, "EGY_alwafd": 483.0, "ESP_abc": 667.0, "FRA_lmonde": 1095.0, "GBR_indept": 877.0, "IDN_republ": 608.0, "IND_tindia": 1052.0, "IRN_hamsha": 735.0, "ITA_repubb": 868.0, "JPN_asahis": 991.0, "KEN_standa": 471.0, "MEX_inform": 1243.0, "NGA_vangua": 529.0, "RUS_isvest": 851.0, "SAU_spa": 356.0, "TUR_sabah": 655.0, "USA_nytime": 1512.0, "ZAF_times": 469.0, "mean": 781.43478260869563, "rnk": 34.0, "sd": 287.26703226455862, "min": 356.0, "Q1": 565.0, "Q2": 735.0, "Q3": 947.5, "max": 1512.0, "nbsup0": 23, "nbsup10": 23, "nbsup100": 23 }, "geometry": { "type": "MultiPolygon", "coordinates": [ [ [ [ -4861094.354271546937525, -524869.37051112903282 ], [ -4865754.503734919242561, -695580.721853158785962 ], [ -4923844.410163823515177, -702134.940593757200986 ], [ -4871466.313586400821805, -512188.223134302999824 ], [ -4861094.354271546937525, -524869.37051112903282 ] ] ], [ [ [ -4316426.952846199274063, -2073869.397609370527789 ], [ -4324945.713814485818148, -2177101.272094412706792 ], [ -4286095.545494236983359, -2281168.822169486898929 ], [ -4356134.319190240465105, -2263290.464605046901852 ], [ -4371396.819982093758881, -2122747.984343974851072 ], [ -4316426.952846199274063, -2073869.397609370527789 ] ] ], [ [ [ -4173040.498060856945813, -2360884.18924027774483 ], [ -4224161.694091457873583, -2457480.997687704395503 ], [ -4299987.831757508218288, -2443192.185075118206441 ], [ -4333046.572144235484302, -2411109.155149672646075 ], [ -4309095.313277996145189, -2335644.48965688701719 ], [ -4173040.498060856945813, -2360884.18924027774483 ] ] ], [ [ [ -4019139.090458502992988, -1948746.383332196855918 ], [ -3997959.386296642944217, -2136268.52633188618347 ], [ -4039709.384824350941926, -2125556.050470695830882 ], [ -4056186.349126563407481, -2014674.911106762243435 ], [ -4019139.090458502992988, -1948746.383332196855918 ] ] ], [ [ [ -3564303.019598365295678, -2431392.889046258758754 ], [ -3585936.39296535635367, -2489726.288169186096638 ], [ -3679750.08172913827002, -2512004.28517344687134 ], [ -3737288.25338407792151, -2550447.716595386620611 ], [ -3721405.330817073117942, -2598984.372796550858766 ], [ -3676549.843030616175383, -2618127.564904447644949 ], [ -3651668.595545744057745, -2706663.51450640661642 ], [ -3733366.045251345261931, -2722074.835161811672151 ], [ -3708369.507253900635988, -2770868.139758615754545 ], [ -3758064.686706607695669, -2804644.49851780384779 ], [ -3769690.776682072784752, -2843284.154354516882449 ], [ -3844785.391768381930888, -2903436.915212226100266 ], [ -3891116.361971309408545, -2873532.265634677372873 ], [ -3879083.390423945616931, -2791505.458548449911177 ], [ -3947020.678714064415544, -2738055.406192643102258 ], [ -3981484.079996014945209, -2690572.106613622512668 ], [ -3913929.430178266949952, -2664331.351259229704738 ], [ -4061177.476359089370817, -2429443.839275858364999 ], [ -4042723.780008698347956, -2390971.24069445906207 ], [ -3944104.125868279952556, -2399432.167055787052959 ], [ -3715005.565670596435666, -2376536.621747771278024 ], [ -3635789.422978273127228, -2395026.169720221776515 ], [ -3564303.019598365295678, -2431392.889046258758754 ] ] ], [ [ [ -4040153.792692181188613, -608548.26132153661456 ], [ -4095369.035539546515793, -684482.10946429381147 ], [ -4117086.228342007379979, -647289.780688349856064 ], [ -4085293.992273760028183, -569595.873747322708368 ], [ -4040153.792692181188613, -608548.26132153661456 ] ] ], [ [ [ -2957145.991187994368374, 2728240.634997912216932 ], [ -3003890.655022033490241, 2690535.05640812125057 ], [ -3108031.704909666907042, 2693510.384257514029741 ], [ -3203775.613601941149682, 2695727.049994098488241 ], [ -3113088.283577921334654, 2730850.523142360616475 ], [ -3057313.950360646937042, 2739107.5364816240035 ], [ -2957145.991187994368374, 2728240.634997912216932 ] ] ], [ [ [ -2975452.59034866373986, -432196.796554820903111 ], [ -3070469.423247418366373, -389969.649614077585284 ], [ -3052924.094777681399137, -325887.742217158258427 ], [ -2980449.09930836269632, -375786.541897375194822 ], [ -2975452.59034866373986, -432196.796554820903111 ] ] ], [ [ [ -2693432.760981080122292, -212532.566224227601197 ], [ -2776996.291438737418503, -388867.49491553317057 ], [ -2880815.030635294504464, -497966.52670971112093 ], [ -2927060.760560662019998, -462612.758754438546021 ], [ -2911952.725767916999757, -384308.956579892954323 ], [ -2859368.691106299869716, -350390.17544934846228 ], [ -2887828.670799682848155, -302378.682618580933195 ], [ -2996189.711686421185732, -266798.75570365076419 ], [ -2929761.950582981109619, -224557.762257954047527 ], [ -2905102.349550865124911, -167850.674197607819224 ], [ -2843088.711649741511792, -201110.603705252346117 ], [ -2693432.760981080122292, -212532.566224227601197 ] ] ], [ [ [ -2300062.804189618676901, -597575.618666197755374 ], [ -2354488.353583964053541, -632384.455450685811229 ], [ -2413737.631456770002842, -644329.814304544357583 ], [ -2418459.375480987597257, -597096.711885357974097 ], [ -2373659.46536999521777, -546502.84457955241669 ], [ -2302688.866567312739789, -530081.695586275891401 ], [ -2265076.782116619870067, -538472.126627496792935 ], [ -2300062.804189618676901, -597575.618666197755374 ] ] ], [ [ [ -2184870.621932959649712, 347250.656575941364281 ], [ -2278142.407626323867589, 227242.430118778720498 ], [ -2333830.8878228305839, 304468.901568906323519 ], [ -2310138.421364961192012, 390349.530009559879545 ], [ -2184870.621932959649712, 347250.656575941364281 ] ] ], [ [ [ -4917784.673533064313233, -1245167.478155489312485 ], [ -5000576.244585366919637, -1151127.117637396790087 ], [ -5054356.36226670909673, -974374.611246714019217 ], [ -5120026.369743540883064, -923569.13517953932751 ], [ -5113661.485722223296762, -988565.58426731673535 ], [ -5132588.255700874142349, -991611.200746660353616 ], [ -5147619.02873751707375, -1007406.943237519357353 ], [ -5218288.684706894680858, -792997.942180636455305 ], [ -5301858.026850059628487, -686454.516615611151792 ], [ -5244882.36003128066659, -677030.999350137310103 ], [ -5191501.357816318050027, -691184.690640436136164 ], [ -5142739.625063549727201, -747436.316927212988958 ], [ -5002245.651490137912333, -767228.127943507861346 ], [ -4935576.254161375574768, -728167.095373069751076 ], [ -4999887.242979823611677, -871838.505439982633106 ], [ -4957017.217548798769712, -893468.120930928736925 ], [ -4850151.443776376545429, -789670.291455032653175 ], [ -4841647.167445094324648, -499827.95365673355991 ], [ -4832584.256558108143508, -466086.63564870035043 ], [ -4673775.067512209527194, -421766.158056964050047 ], [ -4672976.178552870638669, -338304.559540429443587 ], [ -4590899.266698017716408, -286124.606104691105429 ], [ -4571405.645185645669699, -137982.915438228781568 ], [ -4683821.059193792752922, -34191.529516290931497 ], [ -4678032.201504109427333, 116610.345568284174078 ], [ -4618968.4631691807881, 213672.611037707218202 ], [ -4616159.653212583623827, 303107.602886547218077 ], [ -4554497.29100254829973, 412656.829415993241128 ], [ -4528262.4627237142995, 639195.041673961328343 ], [ -4465950.072116104885936, 984415.435493465862237 ], [ -4367064.403733080253005, 1357399.090142274042591 ], [ -4281767.365271350368857, 1606316.290762460790575 ], [ -4160737.030625469051301, 1897934.741962964646518 ], [ -3985930.50442665675655, 2241929.288949391804636 ], [ -3846084.740826179273427, 2474170.717071569059044 ], [ -3839140.535736730322242, 2485007.63383899256587 ], [ -3588573.039457505568862, 2546752.784439968410879 ], [ -3554194.248712712433189, 2604088.382347555831075 ], [ -3416056.819256721064448, 2649517.311192820779979 ], [ -3327436.303534739650786, 2586679.407687028404325 ], [ -3186656.377697310876101, 2569056.457943979650736 ], [ -3026203.00390245905146, 2580809.470790770370513 ], [ -2969704.550267508253455, 2488163.208530171308666 ], [ -2912928.722863420378417, 2445937.576359078288078 ], [ -2787761.768364461138844, 2473863.385825919453055 ], [ -2562011.361562964506447, 2422116.565400782041252 ], [ -2363497.862849923316389, 2403665.681701669935137 ], [ -2347442.32080238359049, 2554891.472284937277436 ], [ -2183027.261517760809511, 2527468.721233404707164 ], [ -2084333.014764497056603, 2574043.118552007712424 ], [ -1920711.305136632407084, 2372075.034335310105234 ], [ -1624044.397711229976267, 2005830.645308743463829 ], [ -1429597.493866452714428, 1765756.456490277778357 ], [ -1639750.954139973502606, 1690230.06603227974847 ], [ -1623881.307485685916618, 1512539.063558529829606 ], [ -1742651.169997706077993, 1353444.827663872158155 ], [ -1860856.070048777153715, 1348948.071198791731149 ], [ -1824040.948712575016543, 1278080.967042935080826 ], [ -1897929.90370712778531, 1288309.466211458900943 ], [ -1888890.626719346502796, 1224364.4570096291136 ], [ -1927596.783411254873499, 1177896.348556730197743 ], [ -2066898.239663254236802, 1100881.779789447784424 ], [ -2136888.54461213760078, 998036.359592746710405 ], [ -2204621.738128980621696, 977201.779920481494628 ], [ -2222802.983579478692263, 1061832.830553662730381 ], [ -2277184.280247556976974, 1007148.593291563447565 ], [ -2350534.330215317197144, 812777.518579871510155 ], [ -2491024.688981954474002, 788455.615113440784626 ], [ -2266295.090383188799024, 748664.45453385473229 ], [ -2260588.551098370924592, 659848.672322226921096 ], [ -2374360.771236854605377, 613338.629756324342452 ], [ -2429808.719866833649576, 530045.980477849021554 ], [ -2454039.724135709926486, 375443.631552124104928 ], [ -2387175.653430088423193, 366060.526279087353032 ], [ -2401701.336203144397587, 295725.339251901721582 ], [ -2498695.451592230703682, 282905.095486571488436 ], [ -2388561.637019915971905, 148024.546820551331621 ], [ -2287484.690481618512422, 172887.133494166540913 ], [ -2224784.19015312101692, 246444.4800889112812 ], [ -2104517.6127142268233, 253835.04610006895382 ], [ -2003267.644246499519795, 159373.813406621717149 ], [ -2078735.24855450517498, 108601.04189661781129 ], [ -2229012.423404794186354, 75616.432861139153829 ], [ -2289045.923451010603458, 88928.770947348268237 ], [ -2358960.454953928943723, 18163.285459521532175 ], [ -2318088.443069168832153, -42811.124202794169832 ], [ -2364475.227829532697797, -81634.973397276946343 ], [ -2479909.147436323575675, -75828.470805266435491 ], [ -2520596.690273291897029, -154080.519998130126623 ], [ -2242553.552360351197422, -183576.309163942496525 ], [ -2253554.928354438394308, -292028.002526817144826 ], [ -2357186.598181303124875, -362110.441469118115492 ], [ -2381294.236497306730598, -314770.119133803062141 ], [ -2486886.769640371203423, -383304.128489756199997 ], [ -2540027.08884806977585, -378367.197284546797164 ], [ -2640821.302152852527797, -291979.283618206332903 ], [ -2654014.96827843459323, -192260.056281373865204 ], [ -2750989.909500656183809, -125847.068456122011412 ], [ -2685013.918515328317881, -14622.236893655104723 ], [ -2753648.098299203906208, -46148.589254194528621 ], [ -2770838.700004703365266, -148209.486085923213977 ], [ -2878974.652511744294316, -101457.734771107832785 ], [ -2874196.166876457631588, -10716.805990092720094 ], [ -2945795.469921404495835, 13336.265349028362834 ], [ -2907448.478803290519863, 163426.809600583539577 ], [ -2968978.638621635269374, 40666.492454783350695 ], [ -3005710.080873248167336, 33765.71641968437325 ], [ -3033764.978612906299531, 130013.012128267233493 ], [ -3177735.192938423715532, 221371.504385543463286 ], [ -3341807.839893153402954, 281874.095603049325291 ], [ -3479601.694203661289066, 269993.816515598038677 ], [ -3482482.985340492799878, 192003.255576405877946 ], [ -3639322.371634169947356, 154032.797278808109695 ], [ -3682911.689877959899604, 173997.684410217771074 ], [ -3651990.089174883905798, 65729.745249103114475 ], [ -3696942.348294148221612, -72326.149903888028348 ], [ -3784876.275806736201048, -160022.367803207074758 ], [ -3860315.468843860086054, -364013.461211735964753 ], [ -3856083.989982519764453, -524634.527141364174895 ], [ -4093714.795249057933688, -553406.280535697354935 ], [ -4251330.812310587614775, -720194.413335895049386 ], [ -4259018.006013811565936, -770375.376697389641777 ], [ -4114726.854991916567087, -837181.861074052401818 ], [ -4049246.807061535306275, -810373.494034146657214 ], [ -3925600.530897300224751, -740696.831617593299598 ], [ -3880645.710733693093061, -700642.963651166763157 ], [ -3821873.406228305306286, -785057.251068698242307 ], [ -3683122.163348588626832, -873458.190633781254292 ], [ -3552262.859007685445249, -846966.508733527036384 ], [ -3484455.739164589438587, -799369.667978226672858 ], [ -3426162.194497274234891, -692496.340404711896554 ], [ -3264627.212837467901409, -739529.285106816794723 ], [ -3182035.468713817652315, -666760.771398798679002 ], [ -3107499.935346455778927, -686328.65828461269848 ], [ -3026061.76174593064934, -634663.733673032838851 ], [ -2986838.342540387064219, -662667.436793180066161 ], [ -2998344.972613357473165, -816299.555581688182428 ], [ -2947411.512161251157522, -863518.420320255681872 ], [ -3051122.903041445184499, -1028509.160292517975904 ], [ -3057060.495875505264848, -1128705.258458885829896 ], [ -3109228.407270942814648, -1145516.092997123720124 ], [ -3190536.139188935980201, -1187660.209318356122822 ], [ -3264780.609665213618428, -1287175.370759043842554 ], [ -3268657.324734523892403, -1385466.988515173550695 ], [ -3193991.418773605953902, -1438687.745141545543447 ], [ -2965427.057853375561535, -1441749.707430555019528 ], [ -3111138.646856492385268, -1613579.678062438732013 ], [ -3233026.28862664476037, -1778931.528497910359874 ], [ -3321637.391821442637593, -1877695.90989517304115 ], [ -3357973.973762232344598, -2024077.885492517380044 ], [ -3328442.234226485714316, -2132461.951035799458623 ], [ -3442642.050542939919978, -2080576.638902850681916 ], [ -3376229.236133124213666, -2158296.553988797124475 ], [ -3403781.872015575878322, -2241018.827758857514709 ], [ -3383751.111254181712866, -2298551.899521164596081 ], [ -3490621.276285908184946, -2382497.227185534313321 ], [ -3607070.859981204383075, -2345454.997441058047116 ], [ -3677027.394959363620728, -2257375.894539076369256 ], [ -3825151.848737475927919, -2223855.819294539745897 ], [ -3911345.308295937255025, -2091694.356462803902104 ], [ -4061475.366989749949425, -1773311.291957786073908 ], [ -4185680.366001938935369, -1744359.537764661479741 ], [ -4295953.932822714559734, -1643080.156322986586019 ], [ -4322414.468363121151924, -1653890.308700572000816 ], [ -4187893.960029504261911, -1799760.719020562944934 ], [ -4133494.746518603526056, -1844782.93762223655358 ], [ -4102133.051738422363997, -1888987.286928846267983 ], [ -4104054.219836291857064, -1952482.485051955794916 ], [ -4140721.9035051218234, -1995347.354796180035919 ], [ -4192037.225270115304738, -1997781.944511319743469 ], [ -4255401.364890335127711, -1974790.803771887673065 ], [ -4351492.997669379226863, -2007348.648716942407191 ], [ -4404470.436949670314789, -2099501.129238522611558 ], [ -4388396.647668119519949, -2287332.247678408399224 ], [ -4336573.494755372405052, -2313886.622353178448975 ], [ -4355545.597189170308411, -2414452.838382629677653 ], [ -4518798.438923433423042, -2285512.321358394343406 ], [ -4564394.519470351748168, -2196152.041984486393631 ], [ -4718957.25763285625726, -2153055.50885724183172 ], [ -4716040.630793801508844, -2096941.130677464650944 ], [ -4625906.074601315893233, -2059705.194999402854592 ], [ -4490702.580971212126315, -2156922.993083270266652 ], [ -4474795.810902293771505, -2109853.500892109237611 ], [ -4558712.034381776116788, -2038311.677823839941993 ], [ -4605892.742355839349329, -1938408.253190839663148 ], [ -4571090.773871351964772, -1898930.531369371339679 ], [ -4567011.410278552211821, -1862757.212927832501009 ], [ -4435785.266128437593579, -1809742.206085953395814 ], [ -4438499.501187713816762, -1680035.642701828153804 ], [ -4536698.867070731706917, -1650527.234301477437839 ], [ -4649944.640734379179776, -1655098.563873481936753 ], [ -4756585.363542234525084, -1590161.839877705555409 ], [ -4839584.533363945782185, -1322783.83615247765556 ], [ -4917784.673533064313233, -1245167.478155489312485 ] ] ], [ [ [ -1700114.608681669691578, 763942.133580448455177 ], [ -1783971.030040349345654, 669718.440085039706901 ], [ -1784434.636014152085409, 539897.909407326718792 ], [ -1743131.237708223052323, 519636.70012686017435 ], [ -1820500.729707135586068, 483341.786862152745016 ], [ -1922504.542501631891355, 500834.849539117014501 ], [ -2105916.981961907353252, 507052.06066706601996 ], [ -2193437.375330405309796, 473413.835813816345762 ], [ -2294217.339934586081654, 479757.903706619283184 ], [ -2303923.502356281504035, 546879.376164841349237 ], [ -2228887.817116510588676, 656508.820447390316986 ], [ -2236142.951703527476639, 857483.5149707213277 ], [ -2194347.443422585260123, 947328.711126818088815 ], [ -2112181.934012605808675, 957798.017236080951989 ], [ -2077605.524058400886133, 1012186.937953308224678 ], [ -1982772.622343635885045, 1029618.432243743096478 ], [ -2004860.930994689464569, 900377.750378431519493 ], [ -2048903.781780271790922, 809095.209339034976438 ], [ -1978160.707642511231825, 859747.486162219196558 ], [ -1919184.352682301774621, 1002704.361643041251227 ], [ -1864160.126255890820175, 1007378.536105533014052 ], [ -1867295.709233914734796, 914917.089867773698643 ], [ -1793382.609911171952263, 996171.655944086494856 ], [ -1756450.914029127452523, 978863.889956681174226 ], [ -1728165.067444407148287, 872570.355837725102901 ], [ -1700114.608681669691578, 763942.133580448455177 ] ] ], [ [ [ -1781860.420645721722394, -280213.747308895923197 ], [ -1764734.42517665005289, -365004.521418734628242 ], [ -1841200.395097772823647, -436871.894546512106899 ], [ -1838458.635354211553931, -388459.879147759405896 ], [ -1884915.922141857910901, -328852.409034709678963 ], [ -1781860.420645721722394, -280213.747308895923197 ] ] ], [ [ [ -1799540.71418700623326, -108223.012360430366243 ], [ -1816657.984685506206006, -160471.456631672888761 ], [ -1915581.761974417837337, -110500.149625730657135 ], [ -2001410.254388298839331, -140391.105749993730569 ], [ -1854728.905200655339286, -183142.652893225807929 ], [ -1798474.374584174249321, -267872.781316222273745 ], [ -1962283.594891544664279, -328977.180235980253201 ], [ -1880585.657550461124629, -413438.373978764109779 ], [ -1889455.118154372088611, -499273.656999500468373 ], [ -1947110.002887937473133, -571599.17153082229197 ], [ -1954056.089151015970856, -617138.853806023485959 ], [ -2015041.083297804463655, -799347.216954333824106 ], [ -2085115.414967732736841, -880123.955705451429822 ], [ -2133925.170168015640229, -920392.468017465784214 ], [ -2222630.813137777149677, -993571.037687267875299 ], [ -2247280.500665402505547, -1092370.565119366627187 ], [ -2276774.110608641058207, -1216086.884491340490058 ], [ -2411704.743922506459057, -1250419.440191547153518 ], [ -2484910.683542811777443, -1209578.080951479729265 ], [ -2437625.000352974049747, -1116385.0551316102501 ], [ -2407962.273315511178225, -1028992.838159037521109 ], [ -2507600.658939250744879, -1050333.493121899198741 ], [ -2613983.375548291951418, -1224322.097564345924184 ], [ -2731855.400247457902879, -1295558.879300757311285 ], [ -2761153.335608839988708, -1205262.078614801168442 ], [ -2763407.426385768223554, -1106976.294952609110624 ], [ -2847429.814562337938696, -1355934.062941992655396 ], [ -2888833.625054234173149, -1326206.902199161006138 ], [ -2874297.233367905020714, -1104329.975336712319404 ], [ -2812140.197317542508245, -922671.549266592715867 ], [ -2755242.831310601439327, -831781.945813269587234 ], [ -2771981.086708065588027, -752521.862726546591148 ], [ -2795172.150374920107424, -692807.742114801192656 ], [ -2790599.2388372188434, -592234.882777893217281 ], [ -2708967.867283007130027, -552013.791161903063767 ], [ -2673778.866166321095079, -595913.443532742909156 ], [ -2670838.407462458126247, -704895.846969348029234 ], [ -2638916.3391077904962, -758620.279799474403262 ], [ -2565375.815491338726133, -712784.367733673192561 ], [ -2434062.893610902596265, -774426.59891860652715 ], [ -2323534.459915634710342, -710614.424247857648879 ], [ -2240742.476352634374052, -571680.875338921207003 ], [ -2152263.596450710203499, -409554.17548922059359 ], [ -2196379.915563075337559, -317973.022228851215914 ], [ -2231376.731468854937702, -307900.817541669413913 ], [ -2215621.867468773387372, -144453.540002944675507 ], [ -2180537.075627988670021, -49708.67917461021716 ], [ -2019169.700208416907117, 3689.227050514847178 ], [ -1869899.150049037765712, -30967.173527482016652 ], [ -1799540.71418700623326, -108223.012360430366243 ] ] ], [ [ [ -1771741.913031901000068, 307018.799344542901963 ], [ -1787679.723307199776173, 227749.959008688427275 ], [ -1864588.103348346427083, 245782.658074215170927 ], [ -1913092.171653109835461, 221897.452195492049213 ], [ -2006293.000775805907324, 230789.197861200431362 ], [ -2066945.179209589259699, 316947.073005958809517 ], [ -1923844.341984209837392, 404056.488439441192895 ], [ -1873109.066881680162624, 331955.362125207961071 ], [ -1805591.431818581651896, 371476.550353728001937 ], [ -1771741.913031901000068, 307018.799344542901963 ] ] ], [ [ [ -1775100.314088159007952, 85172.878876281582052 ], [ -1797540.855811445275322, 6139.997898837997127 ], [ -1915097.78589332732372, 29681.413923814940063 ], [ -1954370.987810399616137, 94173.554688141666702 ], [ -2049678.215188809670508, 112039.566742346403771 ], [ -1980802.129008125979453, 160303.864119927049614 ], [ -1778048.386551130795851, 163337.34205615814426 ], [ -1775100.314088159007952, 85172.878876281582052 ] ] ], [ [ [ -1469192.777004573727027, 903174.897934171021916 ], [ -1585070.873548320727423, 803005.268572881701402 ], [ -1667390.512995712459087, 788903.52960524300579 ], [ -1712659.83509160974063, 999243.189443803392351 ], [ -1778147.45801733317785, 1053070.316835219040513 ], [ -1769242.604764839634299, 1153351.413248268188909 ], [ -1634903.175470278598368, 1178714.523204731056467 ], [ -1506871.26617473224178, 1007763.024625811376609 ], [ -1435923.622832756722346, 996346.755692472564988 ], [ -1469192.777004573727027, 903174.897934171021916 ] ] ], [ [ [ -1602857.892108230153099, 123161.825883359924774 ], [ -1705290.251653828658164, 92263.084699682818609 ], [ -1711324.174072142923251, 131283.634564545791363 ], [ -1649864.47884488874115, 178560.536120655975537 ], [ -1535667.612637468846515, 189611.007287562038982 ], [ -1602857.892108230153099, 123161.825883359924774 ] ] ], [ [ [ -1472869.67290468304418, 217705.39269113400951 ], [ -1585905.379550719633698, 205340.232987149473047 ], [ -1655680.439311617519706, 233722.869301368453307 ], [ -1646332.646312363212928, 300085.549631438800134 ], [ -1580220.869810641044751, 354188.893855955044273 ], [ -1471783.949321655090898, 347225.063190665037837 ], [ -1443816.418249071575701, 289575.807847694784869 ], [ -1472869.67290468304418, 217705.39269113400951 ] ] ], [ [ [ -1393922.341969798319042, 470932.56358711712528 ], [ -1543969.569148767273873, 425004.440959780127741 ], [ -1603993.180423594778404, 460207.312922683544457 ], [ -1577880.031573245069012, 537898.219844564097002 ], [ -1603651.154481728794053, 681495.602138451184146 ], [ -1574880.847214529290795, 715332.21802084275987 ], [ -1465721.701025198912248, 763334.211966183502227 ], [ -1404417.159533441765234, 747972.423010732862167 ], [ -1374511.890048574656248, 640993.321759956539609 ], [ -1411103.372029839083552, 598809.600581560749561 ], [ -1506839.059055954683572, 586003.212460694718175 ], [ -1490311.740159058244899, 540422.069975939579308 ], [ -1434060.547767141601071, 532855.585038098855875 ], [ -1393922.341969798319042, 470932.56358711712528 ] ] ], [ [ [ -1444189.876572331413627, 132416.679496574186487 ], [ -1485499.717220686376095, 37370.305608828741242 ], [ -1584702.145663178758696, -44050.596861366328085 ], [ -1573311.636048079701141, -172688.13842673014733 ], [ -1596186.704296814510599, -291520.912970809440594 ], [ -1659990.996626323089004, -310803.659152251493651 ], [ -1717687.06654560402967, -247868.735290249635 ], [ -1727176.454737354535609, -1548.288367929515971 ], [ -1679270.45024536550045, 56281.446843623307359 ], [ -1578710.046292270533741, 82361.915170563224819 ], [ -1499812.626694770064205, 150271.634405191114638 ], [ -1444189.876572331413627, 132416.679496574186487 ] ] ], [ [ [ -1256096.425877996487543, 616051.35720120370388 ], [ -1336318.915967973181978, 648674.429080447647721 ], [ -1369452.625716662034392, 786292.108963923063129 ], [ -1325978.91488634608686, 842332.609428535215557 ], [ -1238054.122144307941198, 694471.030704529141076 ], [ -1256096.425877996487543, 616051.35720120370388 ] ] ], [ [ [ -1254677.543024965096265, 446861.080213265493512 ], [ -1320381.342904563993216, 458317.1769697345444 ], [ -1311328.466806302079931, 532721.695982313831337 ], [ -1241129.617418155772611, 533007.666094439919107 ], [ -1254677.543024965096265, 446861.080213265493512 ] ] ], [ [ [ -1261568.609129645396024, 137611.657728798367316 ], [ -1385761.781115432735533, 103043.755093243278679 ], [ -1344221.955486419377849, 183005.923413655284094 ], [ -1248687.393935581669211, 193078.559964694199152 ], [ -1261568.609129645396024, 137611.657728798367316 ] ] ], [ [ [ -1116698.200436302926391, 436835.787165693705902 ], [ -1202640.840519751654938, 435318.750179354508873 ], [ -1207749.868437288561836, 511524.280679299321491 ], [ -1116698.200436302926391, 436835.787165693705902 ] ] ], [ [ [ -1156719.540420776000246, 281057.697700384072959 ], [ -1255612.492869272362441, 211422.800972787954379 ], [ -1335280.832235074834898, 211899.632470598095097 ], [ -1274314.572672907728702, 316459.272786478861235 ], [ -1156719.540420776000246, 281057.697700384072959 ] ] ], [ [ [ -877046.742459197761491, 72838.900061030333745 ], [ -1133505.982229288900271, -41677.030740469679586 ], [ -1321706.350080876378343, -12568.134759651375134 ], [ -1315559.165046046255156, 46041.11998587186099 ], [ -1122144.037307035876438, 130156.422702210300486 ], [ -935135.629026147420518, 118626.590652761646197 ], [ -877046.742459197761491, 72838.900061030333745 ] ] ], [ [ [ -720996.309160041389987, -266883.03819768683752 ], [ -715918.505196061101742, -338463.799865739012603 ], [ -764497.447080149548128, -418334.967152252793312 ], [ -869238.232103785732761, -411033.14983607508475 ], [ -1118303.441799066029489, -338192.539670456026215 ], [ -1143548.382342888042331, -302761.994230801879894 ], [ -1254604.838517398340628, -333644.089814292674419 ], [ -1361005.621715608984232, -285396.330940388725139 ], [ -1455455.272132154321298, -315457.55751414358383 ], [ -1465701.117333125323057, -136968.359949289035285 ], [ -1522751.679482885636389, -122081.904605472082039 ], [ -1517310.204852746566758, -28852.132840718135412 ], [ -1432351.16743349772878, -852.930174579637082 ], [ -1419897.709928422002122, -76577.978294966786052 ], [ -1324657.670972506282851, -58116.92615867510176 ], [ -1247590.479188127210364, -73905.239155655348441 ], [ -1184468.248464941279963, -83741.251874691588455 ], [ -1056945.965833334485069, -41658.52053660988895 ], [ -924461.595097361016087, 13131.913287667603072 ], [ -844019.867456068634056, -107948.09108087097411 ], [ -796445.451101143378764, -117947.451699608107447 ], [ -720996.309160041389987, -266883.03819768683752 ] ] ], [ [ [ -3486245.034462730400264, 2705127.29802084621042 ], [ -3483974.36542082997039, 2663229.792065727058798 ], [ -3596281.246188449207693, 2610829.267214790452272 ], [ -3654776.154986490495503, 2557109.406534401699901 ], [ -3803966.946274257265031, 2519002.958342137746513 ], [ -3890431.726294959429651, 2533131.765619 ], [ -3828569.99432781804353, 2606552.244557404890656 ], [ -3729745.921263335738331, 2656542.96857893653214 ], [ -3600477.560773526318371, 2686855.804254897404462 ], [ -3486245.034462730400264, 2705127.29802084621042 ] ] ] ] } },
{ "type": "Feature", "properties": { "ISO3": "CHE", "ISO2": "CH", "ISONUM": 756, "NAMEen": "Switzerland", "NAMEfr": "Suisse", "NAMEde": "Schweiz", "REGION_BLOC": "EFTA", "REGION_UN": "Europe", "SUBREGION_UN": "Western Europe", "LAST_DEV": "FALSE", "AREA_2021": 41290.7, "FOREST_AREA_2021": 12725.5, "POP_2023": 8849852, "LIFE_EXP_2022": 83.453658536585394, "FERT_2022": 1.39, "HIV_2022": 0.2, "CO2_POP_2020": 4.0420728147534097, "GNI_POP_2023": 90080, "INC_20P_2021": 7.5, "GDP_INDS_2023": 24.927719758740999, "HIG_TEC_EXP_2022": 28.8408410435147, "MIL_EXP_2022": 0.76465339190691695, "JamesBond": 3, "ARG_nacion": 756.0, "AUS_sydmor": 151.0, "BRA_oglobo": 878.0, "CAN_tostar": 259.0, "CHN_mopost": 179.0, "DEU_frankf": 1202.0, "DZA_alnaha": 355.0, "EGY_alwafd": 350.0, "ESP_abc": 861.0, "FRA_lmonde": 1548.0, "GBR_indept": 323.0, "IDN_republ": 424.0, "IND_tindia": 262.0, "IRN_hamsha": 543.0, "ITA_repubb": 2001.0, "JPN_asahis": 534.0, "KEN_standa": 140.0, "MEX_inform": 401.0, "NGA_vangua": 285.0, "RUS_isvest": 522.0, "SAU_spa": 146.0, "TUR_sabah": 695.0, "USA_nytime": 253.0, "ZAF_times": 202.0, "mean": 552.91666666666663, "rnk": 45.0, "sd": 468.02600417039878, "min": 140.0, "Q1": 257.5, "Q2": 378.0, "Q3": 710.25, "max": 2001.0, "nbsup0": 24, "nbsup10": 24, "nbsup100": 24 }, "geometry": { "type": "MultiPolygon", "coordinates": [ [ [ [ 786440.160499247140251, -4672272.107145276851952 ], [ 786476.28909981797915, -4680003.842621514573693 ], [ 786486.079168523312546, -4695522.140399237163365 ], [ 785966.372626089258119, -4725090.378599020652473 ], [ 806643.069858144852333, -4719815.194600179791451 ], [ 834859.071196779143065, -4714467.534858842380345 ], [ 872701.892439007293433, -4729954.944239656440914 ], [ 795486.306897331262007, -4785520.33197866845876 ], [ 761976.08443581010215, -4865875.232382478192449 ], [ 685003.370587336597964, -4829350.77003909740597 ], [ 600768.599834184278734, -4877326.419697194360197 ], [ 574379.1422708024038, -4825999.395086749456823 ], [ 528331.449061111896299, -4844397.729685339145362 ], [ 516958.675272888736799, -4811984.725803430192173 ], [ 624392.846668013837188, -4688327.189866318367422 ], [ 753408.388948385487311, -4659667.385954394936562 ], [ 786440.160499247140251, -4672272.107145276851952 ] ] ] ] } },
{ "type": "Feature", "properties": { "ISO3": "CHL", "ISO2": "CL", "ISONUM": 152, "NAMEen": "Chile", "NAMEfr": "Chili", "NAMEde": "Chile", "REGION_BLOC": null, "REGION_UN": "Americas", "SUBREGION_UN": "Latin America and the Caribbean", "LAST_DEV": "FALSE", "AREA_2021": 756700.0, "FOREST_AREA_2021": 183336.2, "POP_2023": 19629590, "LIFE_EXP_2022": 79.519, "FERT_2022": 1.539, "HIV_2022": 0.6, "CO2_POP_2020": 4.3951510635966304, "GNI_POP_2023": 31590, "INC_20P_2021": 5.9, "GDP_INDS_2023": 29.665166409103701, "HIG_TEC_EXP_2022": 6.2902885675092097, "MIL_EXP_2022": 1.8339814713597, "JamesBond": 0, "ARG_nacion": 4091.0, "AUS_sydmor": 175.0, "BRA_oglobo": 1328.0, "CAN_tostar": 239.0, "CHN_mopost": 146.0, "DEU_frankf": 303.0, "DZA_alnaha": 90.0, "EGY_alwafd": 130.0, "ESP_abc": 676.0, "FRA_lmonde": 515.0, "GBR_indept": 198.0, "IDN_republ": 27.0, "IND_tindia": 105.0, "IRN_hamsha": 175.0, "ITA_repubb": 373.0, "JPN_asahis": 319.0, "KEN_standa": 121.0, "MEX_inform": 1672.0, "NGA_vangua": 200.0, "RUS_isvest": 128.0, "SAU_spa": 152.0, "TUR_sabah": 170.0, "USA_nytime": 398.0, "ZAF_times": 162.0, "mean": 495.54166666666669, "rnk": 52.0, "sd": 859.22599037519342, "min": 27.0, "Q1": 142.0, "Q2": 186.5, "Q3": 379.25, "max": 4091.0, "nbsup0": 24, "nbsup10": 24, "nbsup100": 22 }, "geometry": { "type": "MultiPolygon", "coordinates": [ [ [ [ -14820383.26377353258431, -6338651.672089895233512 ], [ -14934780.964251363649964, -6152045.658837636001408 ], [ -15030296.18624085560441, -5920743.48631323967129 ], [ -15120187.933683577924967, -5813270.156424760818481 ], [ -15181642.610773354768753, -5682345.706372914835811 ], [ -15196810.434903705492616, -5571615.194591452367604 ], [ -15220715.999995971098542, -5440042.47987661883235 ], [ -15198035.953997144475579, -5326107.795555181801319 ], [ -15086644.600021902471781, -5637267.941595680080354 ], [ -14999196.37943791039288, -5870912.892674282193184 ], [ -14820383.26377353258431, -6338651.672089895233512 ] ] ], [ [ [ -15251097.400166537612677, -4614621.926331542432308 ], [ -15152471.804555743932724, -5084587.027142157778144 ], [ -15244351.42072775401175, -4886698.510191358625889 ], [ -15251097.400166537612677, -4614621.926331542432308 ] ] ], [ [ [ -14747427.128203524276614, -5771255.016678964719176 ], [ -14970487.663922607898712, -5855876.022418818436563 ], [ -14972730.297504138201475, -5855091.882088181562722 ], [ -14982998.803605549037457, -5855448.307835708372295 ], [ -15183132.711192326620221, -5299577.505606073886156 ], [ -15224345.646669672802091, -5027600.887989992275834 ], [ -15076814.613022208213806, -5324049.471957087516785 ], [ -14959649.337616190314293, -5321304.532352435402572 ], [ -14805997.270346011966467, -5560028.747759511694312 ], [ -14747427.128203524276614, -5771255.016678964719176 ] ] ], [ [ [ -14990441.387173052877188, -4107906.932717124000192 ], [ -15052925.370281944051385, -3989257.727294452488422 ], [ -14977681.747627947479486, -3832970.57436590269208 ], [ -14856700.594229081645608, -3814943.934627457521856 ], [ -14799594.451624548062682, -3964986.498824290465564 ], [ -14902571.981153041124344, -4004778.474071164615452 ], [ -14990441.387173052877188, -4107906.932717124000192 ] ] ], [ [ [ -14084713.276865009218454, -4067547.566208152566105 ], [ -14027547.518174635246396, -4211445.800933416001499 ], [ -14251799.967205656692386, -4148540.027554426342249 ], [ -14294723.261941896751523, -3971890.818705817684531 ], [ -14084713.276865009218454, -4067547.566208152566105 ] ] ], [ [ [ -11547493.396925585344434, -4855564.975943554192781 ], [ -11685213.642014117911458, -4873091.8360994188115 ], [ -11861760.264974195510149, -4655172.208623233251274 ], [ -12076239.685944313183427, -4798280.443859461694956 ], [ -12122248.227411653846502, -4701644.201120933517814 ], [ -12324337.157266601920128, -4570399.827016676776111 ], [ -12455682.705984804779291, -4523008.105110437609255 ], [ -12727054.671530123800039, -4484057.965198286809027 ], [ -12789414.565957130864263, -4611412.416733008809388 ], [ -12946987.021955046802759, -4755160.357670165598392 ], [ -13015178.4305480401963, -4678613.241672240197659 ], [ -13180233.924693796783686, -4698370.785204075276852 ], [ -13279713.991212300956249, -4561354.194719056598842 ], [ -13419300.296472566202283, -4572215.253761957399547 ], [ -13497607.297081600874662, -4680869.796247273683548 ], [ -13566942.082110663875937, -4561624.9985590307042 ], [ -13797760.679375546053052, -4494994.277281235903502 ], [ -14053695.904449040070176, -4526076.332055544480681 ], [ -14112406.555402111262083, -4678196.163917356170714 ], [ -14231335.103112060576677, -4610913.025868367403746 ], [ -14228247.541417580097914, -4812803.925036017782986 ], [ -14315147.921862354502082, -4706987.398319174535573 ], [ -14406234.897445864975452, -4767985.7051552971825 ], [ -14605808.393788734450936, -4592889.38048071693629 ], [ -14630052.414512202143669, -4670426.343879399821162 ], [ -14859264.599098833277822, -4377099.010862707160413 ], [ -14957489.621281072497368, -4522278.239581836387515 ], [ -14876037.936585016548634, -4746735.993685419671237 ], [ -14984050.541905475780368, -4738813.04518130980432 ], [ -14985634.866069603711367, -4892937.441303531639278 ], [ -14810868.915154768154025, -5404550.551371180452406 ], [ -14699015.192179584875703, -5805381.340943411923945 ], [ -14787598.620414720848203, -5545923.187880742363632 ], [ -14970678.797042729333043, -5196694.588743716478348 ], [ -15099921.829349173232913, -5189225.448193227872252 ], [ -15224548.539392279461026, -4596827.193529535084963 ], [ -15236330.545830503106117, -4376802.802604565396905 ], [ -15172494.836420016363263, -4157414.382509890478104 ], [ -15067947.687124045565724, -4019631.775086005218327 ], [ -14975653.172676308080554, -4196032.106245286762714 ], [ -14747436.983859736472368, -4054255.43413181649521 ], [ -14589998.62580188550055, -4243560.899156142957509 ], [ -14719305.533940587192774, -3974291.14914427138865 ], [ -14747541.419617271050811, -3832995.18252690276131 ], [ -14656551.364392725750804, -3826798.814831141382456 ], [ -14523314.105777222663164, -3915855.041131650563329 ], [ -14375013.878929732367396, -4009722.589992009568959 ], [ -14344541.820474626496434, -4152499.636609355919063 ], [ -14482822.907425168901682, -4154757.173722668085247 ], [ -14577838.418564504012465, -4094758.369993913453072 ], [ -14524646.115169303491712, -4250645.859876351431012 ], [ -14353926.246234456077218, -4293210.19271619990468 ], [ -14265666.228838331997395, -4284356.372062946669757 ], [ -13970973.696844393387437, -4415071.562963058240712 ], [ -13955270.832707045599818, -4277938.807879848405719 ], [ -14042117.355847787111998, -4090259.424702656920999 ], [ -13972566.552075648680329, -4020585.682886028662324 ], [ -13850130.224301230162382, -4046340.385968616697937 ], [ -13764302.03920366242528, -4144794.317585076205432 ], [ -13606208.041170414537191, -3986963.276330302469432 ], [ -13514416.81101262755692, -4077912.57031327392906 ], [ -13304940.997379392385483, -4157635.909648983739316 ], [ -13226811.95233403891325, -4238878.87198297586292 ], [ -13015472.966099042445421, -4323449.767838037572801 ], [ -12876185.568047659471631, -4330196.885007812641561 ], [ -12668602.870524074882269, -4205779.929325620643795 ], [ -12608388.948815515264869, -4270988.51223948225379 ], [ -12523837.768733903765678, -4185080.235492167063057 ], [ -12437395.175760013982654, -4240348.289246592670679 ], [ -12067557.621495278552175, -4286431.586936893872917 ], [ -11992174.434732239693403, -4227150.051516846753657 ], [ -11631170.378997277468443, -4219911.171103809960186 ], [ -11332889.066999189555645, -4036640.944248185958713 ], [ -11183045.226964253932238, -4178925.031257981900126 ], [ -11293399.563934430480003, -4337480.133291377685964 ], [ -11308361.798456471413374, -4455312.778971475549042 ], [ -11395079.929793395102024, -4425457.913200219161808 ], [ -11473460.608179081231356, -4587306.105473075062037 ], [ -11605672.934627242386341, -4718157.993508885614574 ], [ -11547493.396925585344434, -4855564.975943554192781 ] ] ] ] } },
{ "type": "Feature", "properties": { "ISO3": "CHN", "ISO2": "CN", "ISONUM": 156, "NAMEen": "China", "NAMEfr": "Chine", "NAMEde": "China", "REGION_BLOC": null, "REGION_UN": "Asia", "SUBREGION_UN": "Eastern Asia", "LAST_DEV": "FALSE", "AREA_2021": 9562910.0, "FOREST_AREA_2021": 2218577.5, "POP_2023": 1410710000, "LIFE_EXP_2022": 78.587, "FERT_2022": 1.175, "HIV_2022": null, "CO2_POP_2020": 7.7561379065976901, "GNI_POP_2023": 24380, "INC_20P_2021": 7.2, "GDP_INDS_2023": 38.283031171316097, "HIG_TEC_EXP_2022": 23.118674007126099, "MIL_EXP_2022": 1.59538074333145, "JamesBond": 1, "ARG_nacion": 4902.0, "AUS_sydmor": 10635.0, "BRA_oglobo": 4844.0, "CAN_tostar": 6053.0, "CHN_mopost": null, "DEU_frankf": 7373.0, "DZA_alnaha": 2032.0, "EGY_alwafd": 2962.0, "ESP_abc": 4642.0, "FRA_lmonde": 3874.0, "GBR_indept": 5381.0, "IDN_republ": 5890.0, "IND_tindia": 10434.0, "IRN_hamsha": 3990.0, "ITA_repubb": 4701.0, "JPN_asahis": 16077.0, "KEN_standa": 8185.0, "MEX_inform": 3373.0, "NGA_vangua": 5019.0, "RUS_isvest": 3117.0, "SAU_spa": 1455.0, "TUR_sabah": 3314.0, "USA_nytime": 11103.0, "ZAF_times": 4462.0, "mean": 5818.173913043478, "rnk": 2.0, "sd": 3444.675333060814, "min": 1455.0, "Q1": 3623.5, "Q2": 4844.0, "Q3": 6713.0, "max": 16077.0, "nbsup0": 23, "nbsup10": 23, "nbsup100": 23 }, "geometry": { "type": "MultiPolygon", "coordinates": [ [ [ [ 6915670.274798517115414, 3026557.022940170951188 ], [ 6936501.942244817502797, 3027207.690721292980015 ], [ 6989085.152321938425303, 2963833.478196115233004 ], [ 7077897.878453373908997, 2832656.577622063923627 ], [ 7172261.663045639172196, 2689088.018647829536349 ], [ 7245089.487996943295002, 2713756.812621294055134 ], [ 7297930.522764027118683, 2643911.933364800643176 ], [ 7178172.936432297341526, 2576020.461641442961991 ], [ 7206201.450635167770088, 2419530.89593572402373 ], [ 7252277.318843732587993, 2355179.356064162217081 ], [ 7251398.980799219571054, 2168379.664834997151047 ], [ 7168256.189487199299037, 2156942.003544988110662 ], [ 7183916.703806239180267, 2040141.968775762245059 ], [ 7153625.925218468531966, 1958641.92864788766019 ], [ 7255116.238684377633035, 1805244.653950667474419 ], [ 7307661.661216783337295, 1612406.322777365567163 ], [ 7356467.467574489302933, 1579595.462258924497291 ], [ 7363752.797964080236852, 1518868.960603065090254 ], [ 7504277.835907470434904, 1556506.988797161960974 ], [ 7473673.040511232800782, 1474273.410466805333272 ], [ 7511204.312289428897202, 1349739.281559858238325 ], [ 7449539.371888787485659, 1305834.968169196508825 ], [ 7455194.791251982562244, 1200064.239650428295135 ], [ 7349035.220937935635448, 1228894.174140621442348 ], [ 7348833.947250516153872, 1145410.830839900299907 ], [ 7256064.70805545989424, 1095463.074964244617149 ], [ 7296488.297159823589027, 978364.420362440287136 ], [ 7201410.479735638014972, 952699.10067045816686 ], [ 7056543.764621768146753, 1078845.57636265992187 ], [ 6870770.063059038482606, 1048832.658762738807127 ], [ 6784576.218746362254024, 898775.054471172043122 ], [ 6823302.245836705900729, 876929.328853744547814 ], [ 6713099.273815461434424, 722396.84735610242933 ], [ 6758044.035536044277251, 624730.326892557088286 ], [ 6735234.057161463424563, 545504.49960227124393 ], [ 6816712.14464720711112, 410505.146893518802244 ], [ 6905585.752870136871934, 317021.149805293069221 ], [ 6927367.654772359877825, 197478.281378655519802 ], [ 6863752.168275157921016, 27024.793651767864503 ], [ 6888401.309663659892976, -52721.151594240072882 ], [ 6978067.151296206749976, -134920.118328294163803 ], [ 6889769.215474157594144, -167120.471131391706876 ], [ 6915209.196283287368715, -227199.953325633512577 ], [ 6899234.74542947858572, -484830.095183518307749 ], [ 6842890.859004437923431, -589023.423696121899411 ], [ 6729471.673530799336731, -695525.932976040639915 ], [ 6728148.024004808627069, -764547.368248973041773 ], [ 6582014.088960680179298, -914645.26713628671132 ], [ 6577949.165098971687257, -1042313.562276390148327 ], [ 6469299.77943691983819, -1189928.892776415683329 ], [ 6309782.244413502514362, -1250662.392727211350575 ], [ 6281084.200269720517099, -1166804.149664298864082 ], [ 6167758.971295140683651, -1223333.210092596244067 ], [ 6081538.124871650710702, -1190710.257405394222587 ], [ 6036535.549110339023173, -1253052.947161465650424 ], [ 5935277.80327679309994, -1283214.931769978487864 ], [ 5930364.893799961544573, -1341720.691623801598325 ], [ 5895143.947463830932975, -1385152.333039986668155 ], [ 5862778.230767834931612, -1443722.945371367968619 ], [ 5787308.82571998052299, -1445450.882870187982917 ], [ 5689523.297611143440008, -1573316.132183816283941 ], [ 5676585.868703846819699, -1532478.146260405890644 ], [ 5536432.944902016781271, -1506670.31808891124092 ], [ 5500058.45405731536448, -1598186.752995662856847 ], [ 5405379.848193530924618, -1587544.106574287870899 ], [ 5323560.331299549899995, -1442852.038058897014707 ], [ 5367958.083147927187383, -1370089.497526486171409 ], [ 5322353.073754906654358, -1251599.048864441690966 ], [ 5339235.556016506627202, -1127591.162080226000398 ], [ 5308009.964437335729599, -1093450.134833077900112 ], [ 5251676.07583346311003, -906147.06356880790554 ], [ 5157630.972916000522673, -836475.067638284177519 ], [ 4939661.633511553518474, -865511.289751221425831 ], [ 4912962.283444620668888, -665001.332642840803601 ], [ 4737147.185266377404332, -569033.930011488031596 ], [ 4794875.580798709765077, -439143.709583966352511 ], [ 4774184.790150006301701, -375850.842367158911657 ], [ 4625663.603273263201118, -341011.929332988918759 ], [ 4557878.292215060442686, -213046.938019383203937 ], [ 4550588.128009996376932, -173517.558461815031478 ], [ 4613901.664037859067321, -165730.706590929446975 ], [ 4683667.760034981183708, -78029.02341864904156 ], [ 4721407.158725508488715, 28413.297528782157315 ], [ 4842110.18894864898175, 88534.58507549019123 ], [ 4995749.820413619279861, 76145.985914442251669 ], [ 5012933.992867433466017, 308824.135061017004773 ], [ 5073794.915082789957523, 477776.902433558308985 ], [ 5235701.814141385257244, 582710.7739740019897 ], [ 5215529.542461898177862, 870391.990337732131593 ], [ 5184265.129699775017798, 1067722.709438543999568 ], [ 5212692.205348410643637, 1111240.993135270429775 ], [ 5210987.284623688086867, 1397723.516974030993879 ], [ 5092358.74945262260735, 1534354.316919123521075 ], [ 4996856.76281213760376, 1768020.522659669397399 ], [ 4934528.791385715827346, 1835794.432581266853958 ], [ 4788229.881958389654756, 1928094.619040575111285 ], [ 4738846.137373702600598, 1856793.378902009222656 ], [ 4642310.865022640675306, 1876698.173405565088615 ], [ 4622013.940745772793889, 2022677.075253237504512 ], [ 4525095.464613693766296, 2065421.081337335752323 ], [ 4478558.452277119271457, 2149402.634152220096439 ], [ 4355734.743814217858016, 2181527.919988055247813 ], [ 4251960.77914279513061, 2283541.301199993584305 ], [ 4205109.46679156459868, 2396618.299803585279733 ], [ 4149440.413353718817234, 2366795.123932241462171 ], [ 4117621.24500477174297, 2239619.164272160734981 ], [ 4147401.752620573621243, 2181280.100795920472592 ], [ 4175995.514454101677984, 2174756.553377478849143 ], [ 4244261.656631442718208, 2056574.575748870614916 ], [ 4214528.421347013674676, 2011539.048520650481805 ], [ 4003549.802041479386389, 2012199.480703015811741 ], [ 3995672.508844223339111, 2103011.973766729235649 ], [ 3880800.658949323929846, 2179247.714121734257787 ], [ 3859849.783982325345278, 2152004.636693854350597 ], [ 3630353.662471479736269, 2162336.67111595114693 ], [ 3596257.102792146150023, 2079059.493698297301307 ], [ 3515721.730595919303596, 2101971.013604681007564 ], [ 3413613.536928834859282, 2181545.119897381402552 ], [ 3333059.426682094112039, 2293212.189357829280198 ], [ 3326032.397809697315097, 2412047.33805830264464 ], [ 3392224.570445465389639, 2512971.205661231651902 ], [ 3471411.689099336508662, 2609420.473048539366573 ], [ 3551100.607763289473951, 2783665.030525051057339 ], [ 3492755.868860968388617, 2879452.516145611181855 ], [ 3516148.320870048832148, 3037427.792312285862863 ], [ 3560109.894376828335226, 3097304.542936427984387 ], [ 3475670.855843474157155, 3187618.029598028864712 ], [ 3316738.188892722129822, 3246442.408466749824584 ], [ 3347713.356576491612941, 3321242.541165956761688 ], [ 3419490.227427470032126, 3319985.000758673064411 ], [ 3514049.701013799291104, 3381935.206215747632086 ], [ 3610061.142510286998004, 3396904.441516986582428 ], [ 3709900.98131741816178, 3339465.484184914268553 ], [ 3803505.011187885887921, 3298586.1959557691589 ], [ 3905465.993092042393982, 3428730.396632852964103 ], [ 4021768.960779473651201, 3438652.388204428367317 ], [ 4025445.299068797845393, 3360038.049364015925676 ], [ 4078537.503780270926654, 3386467.288767579942942 ], [ 4214674.546752087771893, 3296964.48426274349913 ], [ 4274750.560806282795966, 3321097.732834641356021 ], [ 4324123.091143507510424, 3213471.769205336924642 ], [ 4425662.23428303655237, 3217242.087735798675567 ], [ 4590533.874493567273021, 3139670.812354967463762 ], [ 4720400.584097467362881, 3049464.880502134095877 ], [ 4839726.247620523907244, 3007209.499206920620054 ], [ 4889717.42818980012089, 2955848.745070845354348 ], [ 4796329.394905431196094, 2971509.197250638157129 ], [ 4810039.206798649393022, 2915748.842906703241169 ], [ 4662923.976489473134279, 2947988.883812664542347 ], [ 4680056.691779526881874, 2831641.134730507619679 ], [ 4785908.836540679447353, 2811924.819898039568216 ], [ 4858843.265766818076372, 2752987.154668481089175 ], [ 4951692.563332428224385, 2746534.749915909953415 ], [ 5018211.071166411042213, 2641028.862851042300463 ], [ 5076568.981685343198478, 2647600.684605475515127 ], [ 5098592.626031648367643, 2720657.939598955679685 ], [ 5060940.996297607198358, 2786890.007769389078021 ], [ 5139154.222249668091536, 2845446.99717771448195 ], [ 5131178.301946837455034, 2896130.31803729897365 ], [ 4996260.106139647774398, 2971051.420868769753724 ], [ 4991491.339387766085565, 3049998.174436473287642 ], [ 4946680.847921935841441, 3114543.827620299998671 ], [ 4931879.698931667022407, 3164781.572680454235524 ], [ 5099271.956377129070461, 3067887.531061364337802 ], [ 5268881.226796727627516, 2998977.533559862989932 ], [ 5376415.274488035589457, 3003820.246646818239242 ], [ 5358601.538603276945651, 3125932.817602074705064 ], [ 5433024.279736091382802, 3330513.839239461347461 ], [ 5539778.893923143856227, 3453227.686811813618988 ], [ 5650756.053673810325563, 3310420.94531379127875 ], [ 5581891.890794674865901, 3484890.166727553587407 ], [ 5720392.46180493850261, 3394487.29156554909423 ], [ 5673908.988957365974784, 3460295.507437271997333 ], [ 5684205.858035784214735, 3549546.7782385465689 ], [ 5763877.390217348001897, 3535692.086038103792816 ], [ 5826897.415436801500618, 3588450.462157838512212 ], [ 5894402.901049631647766, 3566558.833689659368247 ], [ 6066975.044533368200064, 3536367.06941221607849 ], [ 6130354.842426529154181, 3517194.78165532881394 ], [ 6245412.992139821872115, 3551929.656687906943262 ], [ 6293679.958421141840518, 3520894.234705723356456 ], [ 6392142.882064159028232, 3491853.317094170022756 ], [ 6581659.180210619233549, 3370694.484284981619567 ], [ 6680228.12873494066298, 3329865.612163607031107 ], [ 6789030.5919055249542, 3134781.45274750655517 ], [ 6845334.244221154600382, 3080699.673654988408089 ], [ 6855914.220751523971558, 3064266.914944962132722 ], [ 6857861.699856513179839, 2960620.730712356045842 ], [ 6911696.9293865961954, 3017872.816371736582369 ], [ 6915670.274798517115414, 3026557.022940170951188 ] ] ], [ [ [ 7271573.852641415782273, 2745533.528771473560482 ], [ 7267443.732492067851126, 2824934.783213395159692 ], [ 7353202.230198533274233, 2787150.166929565370083 ], [ 7426469.248410959728062, 2794798.462019414640963 ], [ 7532870.390471814200282, 2690633.681358049623668 ], [ 7535382.472419131547213, 2549852.992506629321724 ], [ 7457622.7458441760391, 2513675.047823722008616 ], [ 7370558.05458966922015, 2591379.653302866965532 ], [ 7317765.090035896748304, 2671597.834150400478393 ], [ 7271573.852641415782273, 2745533.528771473560482 ] ] ] ] } },
{ "type": "Feature", "properties": { "ISO3": "CIV", "ISO2": "CI", "ISONUM": 384, "NAMEen": "Côte d’Ivoire", "NAMEfr": "Côte d’Ivoire", "NAMEde": "Elfenbeinküste", "REGION_BLOC": "CEDEAO", "REGION_UN": "Africa", "SUBREGION_UN": "Sub-Saharan Africa", "LAST_DEV": "FALSE", "AREA_2021": 322460.0, "FOREST_AREA_2021": 27238.267, "POP_2023": 28873034, "LIFE_EXP_2022": 58.916, "FERT_2022": 4.342, "HIV_2022": 1.8, "CO2_POP_2020": 0.40634735689038298, "GNI_POP_2023": 7480, "INC_20P_2021": 7.6, "GDP_INDS_2023": 24.452851546444101, "HIG_TEC_EXP_2022": 3.5556267259924499, "MIL_EXP_2022": 0.88918359497278399, "JamesBond": 0, "ARG_nacion": 36.0, "AUS_sydmor": 21.0, "BRA_oglobo": 35.0, "CAN_tostar": 36.0, "CHN_mopost": 31.0, "DEU_frankf": 52.0, "DZA_alnaha": 285.0, "EGY_alwafd": 127.0, "ESP_abc": 48.0, "FRA_lmonde": 540.0, "GBR_indept": 73.0, "IDN_republ": 88.0, "IND_tindia": 30.0, "IRN_hamsha": 72.0, "ITA_repubb": 102.0, "JPN_asahis": 0.0, "KEN_standa": 305.0, "MEX_inform": 39.0, "NGA_vangua": 454.0, "RUS_isvest": 41.0, "SAU_spa": 151.0, "TUR_sabah": 46.0, "USA_nytime": 51.0, "ZAF_times": 394.0, "mean": 127.375, "rnk": 108.0, "sd": 151.00440894801426, "min": 0.0, "Q1": 36.0, "Q2": 51.5, "Q3": 133.0, "max": 540.0, "nbsup0": 23, "nbsup10": 23, "nbsup100": 8 }, "geometry": { "type": "MultiPolygon", "coordinates": [ [ [ [ -851614.61041543725878, -8807973.757215611636639 ], [ -728875.906881192582659, -8901484.668164975941181 ], [ -497558.927513897826429, -8892351.727420585229993 ], [ -420044.131799612776376, -8942801.791434619575739 ], [ -397685.57058073929511, -9085470.296538457274437 ], [ -527576.86148271698039, -9255222.838461203500628 ], [ -467965.2653114447603, -9420975.277863191440701 ], [ -656651.352600271697156, -9400554.448730492964387 ], [ -962968.989499273826368, -9396551.410719465464354 ], [ -1249392.61039124452509, -9438308.987710757181048 ], [ -1212487.405018599005416, -9276629.063106069341302 ], [ -1391284.412747894180939, -9179154.672587806358933 ], [ -1352547.560494291130453, -9065859.095303721725941 ], [ -1312169.878421396948397, -9073321.490074947476387 ], [ -1226328.986442034831271, -8877071.756476217880845 ], [ -1234019.460336210904643, -8792014.201925776898861 ], [ -1075418.382613200461492, -8810199.792139437049627 ], [ -959176.669196887174621, -8764057.466449176892638 ], [ -930156.03628394275438, -8826232.570025173947215 ], [ -851614.61041543725878, -8807973.757215611636639 ] ] ] ] } },
{ "type": "Feature", "properties": { "ISO3": "CMR", "ISO2": "CM", "ISONUM": 120, "NAMEen": "Cameroon", "NAMEfr": "Cameroun", "NAMEde": "Kamerun", "REGION_BLOC": "CEMAC", "REGION_UN": "Africa", "SUBREGION_UN": "Sub-Saharan Africa", "LAST_DEV": "FALSE", "AREA_2021": 475440.0, "FOREST_AREA_2021": 202844.8, "POP_2023": 28647293, "LIFE_EXP_2022": 60.958, "FERT_2022": 4.383, "HIV_2022": 2.6, "CO2_POP_2020": 0.37478265803136002, "GNI_POP_2023": 5270, "INC_20P_2021": 5.4, "GDP_INDS_2023": 25.196497438936401, "HIG_TEC_EXP_2022": 2.1512316696661302, "MIL_EXP_2022": 0.94915422763618995, "JamesBond": 0, "ARG_nacion": 24.0, "AUS_sydmor": 40.0, "BRA_oglobo": 103.0, "CAN_tostar": 85.0, "CHN_mopost": 44.0, "DEU_frankf": 90.0, "DZA_alnaha": 370.0, "EGY_alwafd": 212.0, "ESP_abc": 77.0, "FRA_lmonde": 576.0, "GBR_indept": 91.0, "IDN_republ": 101.0, "IND_tindia": 37.0, "IRN_hamsha": 137.0, "ITA_repubb": 124.0, "JPN_asahis": 80.0, "KEN_standa": 430.0, "MEX_inform": 141.0, "NGA_vangua": 1656.0, "RUS_isvest": 43.0, "SAU_spa": 168.0, "TUR_sabah": 92.0, "USA_nytime": 60.0, "ZAF_times": 396.0, "mean": 215.70833333333334, "rnk": 89.0, "sd": 338.75340257128516, "min": 24.0, "Q1": 72.75, "Q2": 96.5, "Q3": 179.0, "max": 1656.0, "nbsup0": 24, "nbsup10": 24, "nbsup100": 12 }, "geometry": { "type": "MultiPolygon", "coordinates": [ [ [ [ 2447663.395828561391681, -8837338.444359311833978 ], [ 2353679.683805561158806, -9045769.891182078048587 ], [ 2411153.014545121695846, -9179494.040403511375189 ], [ 2508793.811222876422107, -9252209.210297735407948 ], [ 2684654.082127657718956, -9305846.145099334418774 ], [ 2720920.93128070468083, -9367506.619727848097682 ], [ 2730207.231072911527008, -9422569.835673404857516 ], [ 2406232.990318632684648, -9462821.250784788280725 ], [ 2245076.443662577774376, -9501365.221685221418738 ], [ 1916610.556502124527469, -9572500.208674889057875 ], [ 1658284.027588741853833, -9600868.988831650465727 ], [ 1661524.048074799589813, -9500826.499557038769126 ], [ 1598095.641854505520314, -9429584.085257356986403 ], [ 1488976.882611317327246, -9431709.168430965393782 ], [ 1415072.636572299292311, -9363178.13163623586297 ], [ 1440252.485971811693162, -9243832.400783846154809 ], [ 1621462.8094980167225, -9084962.734926290810108 ], [ 1696705.796032837126404, -9064048.54173482209444 ], [ 1823466.246948447544128, -9109425.470866622403264 ], [ 2000429.943601201754063, -8800866.25219714641571 ], [ 1995505.647997362306342, -8739440.930606875568628 ], [ 2115391.838692947756499, -8495534.251365015283227 ], [ 2199793.869198177009821, -8448907.76952544040978 ], [ 2192226.474299258552492, -8374169.659374435432255 ], [ 2114603.328199959360063, -8369214.598277723416686 ], [ 2079514.647638077381998, -8299395.331987542100251 ], [ 2135942.851857193745673, -8284185.590384442359209 ], [ 2185304.876177834812552, -8333736.008799899369478 ], [ 2278607.159645449370146, -8424053.233236402273178 ], [ 2289559.170761820860207, -8505618.674878939986229 ], [ 2404748.671459783334285, -8565928.975166061893106 ], [ 2180117.978369922377169, -8627330.180983869358897 ], [ 2153926.616044873837382, -8672707.864784356206656 ], [ 2374078.971408791840076, -8747895.552225854247808 ], [ 2447663.395828561391681, -8837338.444359311833978 ] ] ] ] } },
{ "type": "Feature", "properties": { "ISO3": "COD", "ISO2": "CD", "ISONUM": 180, "NAMEen": "Democratic Republic of the Congo", "NAMEfr": "République démocratique du Congo", "NAMEde": "Demokratische Republik Kongo", "REGION_BLOC": "SADC", "REGION_UN": "Africa", "SUBREGION_UN": "Sub-Saharan Africa", "LAST_DEV": "TRUE", "AREA_2021": 2344860.0, "FOREST_AREA_2021": 1250538.633, "POP_2023": 102262808, "LIFE_EXP_2022": 59.743, "FERT_2022": 6.106, "HIV_2022": 0.6, "CO2_POP_2020": 0.032584780848178702, "GNI_POP_2023": 1620, "INC_20P_2021": 5.4, "GDP_INDS_2023": 46.507974914431003, "HIG_TEC_EXP_2022": 0.72315868159508701, "MIL_EXP_2022": 0.57889436683322804, "JamesBond": 0, "ARG_nacion": 13.0, "AUS_sydmor": 122.0, "BRA_oglobo": 148.0, "CAN_tostar": 353.0, "CHN_mopost": 89.0, "DEU_frankf": 173.0, "DZA_alnaha": 91.0, "EGY_alwafd": 38.0, "ESP_abc": 125.0, "FRA_lmonde": 932.0, "GBR_indept": 200.0, "IDN_republ": 90.0, "IND_tindia": 102.0, "IRN_hamsha": 124.0, "ITA_repubb": 413.0, "JPN_asahis": 96.0, "KEN_standa": 1856.0, "MEX_inform": 6.0, "NGA_vangua": 1036.0, "RUS_isvest": 71.0, "SAU_spa": 26.0, "TUR_sabah": 145.0, "USA_nytime": 356.0, "ZAF_times": 1679.0, "mean": 345.16666666666669, "rnk": 68.0, "sd": 509.82867255806519, "min": 6.0, "Q1": 89.75, "Q2": 124.5, "Q3": 353.75, "max": 1856.0, "nbsup0": 24, "nbsup10": 23, "nbsup100": 15 }, "geometry": { "type": "MultiPolygon", "coordinates": [ [ [ [ 4350906.543727144598961, -8378961.101792124100029 ], [ 4532799.321826498955488, -8381790.5304044932127 ], [ 4664835.634410055354238, -8259320.019753532484174 ], [ 4929521.257451023906469, -8256387.733743214979768 ], [ 4968548.247054864652455, -8365439.361694853752851 ], [ 5067068.873346149921417, -8343917.788757906295359 ], [ 5066512.925758311524987, -8389711.702857632189989 ], [ 5003652.958504444919527, -8501850.828285070136189 ], [ 4946829.255456889048219, -8592981.766949297860265 ], [ 4959260.227449811995029, -8698473.015851587057114 ], [ 4973138.965623129159212, -8739734.584885746240616 ], [ 5013075.533706457354128, -8832525.805724194273353 ], [ 4973822.901401256211102, -8891861.741078706458211 ], [ 4962132.674279266968369, -8998371.093533836305141 ], [ 4997317.145665511488914, -9009699.673296863213181 ], [ 5060487.437341431155801, -9052198.256513001397252 ], [ 5136519.188995027914643, -9229882.136806523427367 ], [ 5290245.11319169960916, -9350938.053446533158422 ], [ 5438602.986591382883489, -9350761.414277033880353 ], [ 5549284.154264609329402, -9394600.443215714767575 ], [ 5285952.490265457890928, -9578060.144596502184868 ], [ 5283889.634377942420542, -9611306.585979910567403 ], [ 5270148.872946214862168, -9699921.703661862760782 ], [ 5350701.764284482225776, -9799664.225326249375939 ], [ 5351833.638349205255508, -9915785.744018726050854 ], [ 5517875.833117745816708, -9942087.160999277606606 ], [ 5638593.440567400306463, -9845819.311790104955435 ], [ 5708136.881617944687605, -9967919.554688185453415 ], [ 5598937.679856327362359, -10030881.044066075235605 ], [ 5401545.189390273764729, -10015107.433158315718174 ], [ 5270461.969098855741322, -10065118.786740753799677 ], [ 5153243.590331345796585, -10035687.309312870725989 ], [ 5090705.259753544814885, -10123035.949816331267357 ], [ 4834085.140715949237347, -10202623.197260877117515 ], [ 4799975.517881873063743, -10164159.948383228853345 ], [ 4631296.548425973393023, -10264122.663341414183378 ], [ 4551627.868933098390698, -10238698.009323203936219 ], [ 4256275.257772482000291, -10410054.782549040392041 ], [ 4233034.915283219888806, -10314266.678096324205399 ], [ 4119303.913184340577573, -10270796.770935174077749 ], [ 4088496.612161066848785, -10149927.06793268583715 ], [ 4011081.422829632647336, -10036015.162765977904201 ], [ 3788760.461699705105275, -10122392.693231478333473 ], [ 3790402.137128881644458, -10078023.122081505134702 ], [ 3601241.974438034929335, -10157245.280182149261236 ], [ 3608404.218693840317428, -10272001.611269939690828 ], [ 3284691.08882707497105, -10389651.196791887283325 ], [ 2991882.226499709766358, -10220987.527215968817472 ], [ 2429040.609624512959272, -10369378.913802618160844 ], [ 2250255.920665998477489, -10398583.309531103819609 ], [ 2275797.672014757059515, -10312820.56083457171917 ], [ 2378430.178364902269095, -10241986.830997170880437 ], [ 2433429.033777377568185, -10247185.116923175752163 ], [ 2599473.690924180205911, -10147395.274977724999189 ], [ 2696507.419946697540581, -10183438.425559161230922 ], [ 2896721.797584733460099, -9952772.454551482573152 ], [ 2861506.310003721155226, -9829331.429777421057224 ], [ 2937966.088021029252559, -9706684.747313071042299 ], [ 3066810.484858032315969, -9580977.313920572400093 ], [ 3028703.652651497162879, -9281459.745620973408222 ], [ 3071791.541335893329233, -9113757.224861666560173 ], [ 3028433.077905683312565, -9031598.349816776812077 ], [ 3183202.21014567092061, -8880789.533355973660946 ], [ 3348029.738298734184355, -8905819.04351750947535 ], [ 3640710.87082675518468, -8823128.898948373273015 ], [ 3684207.267044967506081, -8722430.464675078168511 ], [ 3769039.735179916489869, -8714589.506470883265138 ], [ 4036773.485757777933031, -8503105.701849337667227 ], [ 4207927.513395935297012, -8453619.9647878985852 ], [ 4350906.543727144598961, -8378961.101792124100029 ] ] ] ] } },
{ "type": "Feature", "properties": { "ISO3": "COG", "ISO2": "CG", "ISONUM": 178, "NAMEen": "Congo", "NAMEfr": "Congo", "NAMEde": "Kongo", "REGION_BLOC": "CEMAC", "REGION_UN": "Africa", "SUBREGION_UN": "Sub-Saharan Africa", "LAST_DEV": "FALSE", "AREA_2021": 342000.0, "FOREST_AREA_2021": 219310.0, "POP_2023": 6106869, "LIFE_EXP_2022": 63.053, "FERT_2022": 4.095, "HIV_2022": 4.1, "CO2_POP_2020": 1.2545916697736701, "GNI_POP_2023": 6550, "INC_20P_2021": 4.2, "GDP_INDS_2023": 45.223633957794704, "HIG_TEC_EXP_2022": 6.53711247460385, "MIL_EXP_2022": 1.84718915649027, "JamesBond": 0, "ARG_nacion": 4.0, "AUS_sydmor": 0.0, "BRA_oglobo": 1.0, "CAN_tostar": 0.0, "CHN_mopost": 2.0, "DEU_frankf": 6.0, "DZA_alnaha": 70.0, "EGY_alwafd": 17.0, "ESP_abc": 9.0, "FRA_lmonde": 36.0, "GBR_indept": 0.0, "IDN_republ": 1.0, "IND_tindia": 2.0, "IRN_hamsha": 6.0, "ITA_repubb": 15.0, "JPN_asahis": 0.0, "KEN_standa": 21.0, "MEX_inform": 0.0, "NGA_vangua": 4.0, "RUS_isvest": 0.0, "SAU_spa": 67.0, "TUR_sabah": 24.0, "USA_nytime": 0.0, "ZAF_times": 11.0, "mean": 12.333333333333334, "rnk": 188.0, "sd": 19.650570666935653, "min": 0.0, "Q1": 0.0, "Q2": 4.0, "Q3": 15.5, "max": 70.0, "nbsup0": 17, "nbsup10": 8, "nbsup100": 0 }, "geometry": { "type": "MultiPolygon", "coordinates": [ [ [ [ 3071791.541335893329233, -9113757.224861666560173 ], [ 3028703.652651497162879, -9281459.745620973408222 ], [ 3066810.484858032315969, -9580977.313920572400093 ], [ 2937966.088021029252559, -9706684.747313071042299 ], [ 2861506.310003721155226, -9829331.429777421057224 ], [ 2896721.797584733460099, -9952772.454551482573152 ], [ 2696507.419946697540581, -10183438.425559161230922 ], [ 2599473.690924180205911, -10147395.274977724999189 ], [ 2433429.033777377568185, -10247185.116923175752163 ], [ 2378430.178364902269095, -10241986.830997170880437 ], [ 2333477.196929859928787, -10225982.95699112303555 ], [ 2196659.844287043437362, -10325957.548430120572448 ], [ 2011912.593930878210813, -10241541.908750740811229 ], [ 2145618.608711978886276, -10142759.17796291783452 ], [ 2118508.513062815647572, -10052355.036436339840293 ], [ 2302899.646618098020554, -10001939.719619588926435 ], [ 2397573.920651021879166, -9957103.110131507739425 ], [ 2491393.674144894815981, -9947805.470452314242721 ], [ 2540829.714454292319715, -9850807.822539515793324 ], [ 2521587.719797602389008, -9750964.984584026038647 ], [ 2396527.001185211818665, -9734004.78769420646131 ], [ 2473669.69358286447823, -9586995.696841418743134 ], [ 2413412.39673282392323, -9549017.892197847366333 ], [ 2261528.320098558440804, -9604194.925774864852428 ], [ 2245076.443662577774376, -9501365.221685221418738 ], [ 2406232.990318632684648, -9462821.250784788280725 ], [ 2730207.231072911527008, -9422569.835673404857516 ], [ 2720920.93128070468083, -9367506.619727848097682 ], [ 2742807.847282940521836, -9219545.835225077345967 ], [ 2877785.232498932629824, -9150042.748541247099638 ], [ 3071791.541335893329233, -9113757.224861666560173 ] ] ] ] } },
{ "type": "Feature", "properties": { "ISO3": "COL", "ISO2": "CO", "ISONUM": 170, "NAMEen": "Colombia", "NAMEfr": "Colombie", "NAMEde": "Kolumbien", "REGION_BLOC": null, "REGION_UN": "Americas", "SUBREGION_UN": "Latin America and the Caribbean", "LAST_DEV": "FALSE", "AREA_2021": 1140619.05, "FOREST_AREA_2021": 589426.267, "POP_2023": 52085168, "LIFE_EXP_2022": 73.659, "FERT_2022": 1.692, "HIV_2022": 0.5, "CO2_POP_2020": 1.55225942282078, "GNI_POP_2023": 21420, "INC_20P_2021": 3.2, "GDP_INDS_2023": 24.5483961612305, "HIG_TEC_EXP_2022": 8.3782182060280199, "MIL_EXP_2022": 3.0791077536105602, "JamesBond": 0, "ARG_nacion": 2189.0, "AUS_sydmor": 131.0, "BRA_oglobo": 1502.0, "CAN_tostar": 323.0, "CHN_mopost": 105.0, "DEU_frankf": 362.0, "DZA_alnaha": 392.0, "EGY_alwafd": 279.0, "ESP_abc": 1405.0, "FRA_lmonde": 610.0, "GBR_indept": 198.0, "IDN_republ": 10.0, "IND_tindia": 126.0, "IRN_hamsha": 234.0, "ITA_repubb": 470.0, "JPN_asahis": 345.0, "KEN_standa": 164.0, "MEX_inform": 2313.0, "NGA_vangua": 145.0, "RUS_isvest": 156.0, "SAU_spa": 168.0, "TUR_sabah": 284.0, "USA_nytime": 466.0, "ZAF_times": 119.0, "mean": 520.66666666666663, "rnk": 50.0, "sd": 645.88824357500562, "min": 10.0, "Q1": 153.25, "Q2": 281.5, "Q3": 467.0, "max": 2313.0, "nbsup0": 24, "nbsup10": 23, "nbsup100": 23 }, "geometry": { "type": "MultiPolygon", "coordinates": [ [ [ [ -8233991.072050838731229, -2782647.06857477966696 ], [ -8284510.192734130658209, -2696424.312199441250414 ], [ -8455349.519456839188933, -2599983.869653394445777 ], [ -8582368.151510618627071, -2622300.489094496704638 ], [ -8654207.682248586788774, -2747476.698365504853427 ], [ -8752031.375977635383606, -2767684.061252732295543 ], [ -8773275.780779544264078, -2836904.71767685841769 ], [ -8682484.269424464553595, -3143594.576998976524919 ], [ -8731230.827022153884172, -3274266.682477123104036 ], [ -8605037.157499695196748, -3551312.199038744904101 ], [ -8802653.880712438374758, -3580638.579072252381593 ], [ -8878038.209706535562873, -3712917.84681520331651 ], [ -8967512.644578523933887, -3652525.01253751013428 ], [ -8975436.934602150693536, -3773364.09379380568862 ], [ -9073997.224401224404573, -3875056.934121759608388 ], [ -9046163.051867812871933, -3730707.100381651893258 ], [ -9094136.402955587953329, -3674593.116466285195202 ], [ -9212881.174377722665668, -3379429.330165056046098 ], [ -9279940.863989803940058, -3404759.085908313747495 ], [ -9263594.066042548045516, -3521124.308985773008317 ], [ -9292634.168532254174352, -3518414.028721495531499 ], [ -9340876.733056277036667, -3389789.23601988889277 ], [ -9416156.206894773989916, -3413470.686477144248784 ], [ -9484817.721324224025011, -3565211.699142836965621 ], [ -9836784.313081260770559, -3587113.008423447143286 ], [ -9836614.454993678256869, -3438157.201470816042274 ], [ -9684003.167428955435753, -3515001.200961015652865 ], [ -9686363.407039169222116, -3336659.835498295724392 ], [ -9791455.579207062721252, -3106675.190562012139708 ], [ -9809279.054902702569962, -2962011.53237940184772 ], [ -9729993.169804925099015, -2856947.545901809819043 ], [ -9722322.77169344574213, -2724689.746429088991135 ], [ -9671382.669166058301926, -2623188.51357008330524 ], [ -9685292.596746211871505, -2543872.484450479503721 ], [ -9668618.867990730330348, -2354883.195635442156345 ], [ -9717949.932421240955591, -2167875.950306192506105 ], [ -9682841.088105505332351, -2115925.130805581342429 ], [ -9656857.913588466122746, -1907085.788648104062304 ], [ -9508702.977075995877385, -1963278.551860571606085 ], [ -9496696.527469735592604, -2057085.516781979007646 ], [ -9324229.470339830964804, -2147258.059619641397148 ], [ -9313959.122230790555477, -2075914.474446488078684 ], [ -9052890.950057564303279, -2033017.96590058109723 ], [ -8997330.734735967591405, -1929544.00826715817675 ], [ -8896650.307370509952307, -2026331.030867089051753 ], [ -8825078.892094725742936, -1976920.96536712278612 ], [ -8822973.522828094661236, -2045514.075398249085993 ], [ -8676041.209951467812061, -2224298.775913095567375 ], [ -8550392.430566240102053, -2209715.817567117977887 ], [ -8468224.297925321385264, -2293724.835529348347336 ], [ -8484194.856848875060678, -2374869.007066684775054 ], [ -8419309.113135261461139, -2384410.030869924463332 ], [ -8383464.295553443953395, -2516373.827563771512359 ], [ -8245701.247040199115872, -2652474.340525978710502 ], [ -8216309.242517163045704, -2659341.534551745746285 ], [ -8187258.319405725225806, -2708111.961093216668814 ], [ -8191845.635206139646471, -2770454.501800084952265 ], [ -8233991.072050838731229, -2782647.06857477966696 ] ] ] ] } },
{ "type": "Feature", "properties": { "ISO3": "COM", "ISO2": "KM", "ISONUM": 174, "NAMEen": "Comoros", "NAMEfr": "Comores", "NAMEde": "Komoren", "REGION_BLOC": "COMESA, SADC, Arab League", "REGION_UN": "Africa", "SUBREGION_UN": "Sub-Saharan Africa", "LAST_DEV": "TRUE", "AREA_2021": 1861.0, "FOREST_AREA_2021": 324.8, "POP_2023": 852075, "LIFE_EXP_2022": 63.68, "FERT_2022": 3.912, "HIV_2022": 0.1, "CO2_POP_2020": 0.40711218285067802, "GNI_POP_2023": 3860, "INC_20P_2021": 4.5, "GDP_INDS_2023": 8.9743410571044109, "HIG_TEC_EXP_2022": 0.20512214216938801, "MIL_EXP_2022": null, "JamesBond": 0, "ARG_nacion": 0.0, "AUS_sydmor": 0.0, "BRA_oglobo": 3.0, "CAN_tostar": 0.0, "CHN_mopost": 5.0, "DEU_frankf": 0.0, "DZA_alnaha": 19.0, "EGY_alwafd": 31.0, "ESP_abc": 0.0, "FRA_lmonde": 45.0, "GBR_indept": 0.0, "IDN_republ": 12.0, "IND_tindia": 2.0, "IRN_hamsha": 4.0, "ITA_repubb": 4.0, "JPN_asahis": 0.0, "KEN_standa": 37.0, "MEX_inform": 0.0, "NGA_vangua": 16.0, "RUS_isvest": 8.0, "SAU_spa": 73.0, "TUR_sabah": 0.0, "USA_nytime": 0.0, "ZAF_times": 16.0, "mean": 11.458333333333334, "rnk": 189.0, "sd": 18.277996195631957, "min": 0.0, "Q1": 0.0, "Q2": 3.5, "Q3": 16.0, "max": 73.0, "nbsup0": 14, "nbsup10": 8, "nbsup100": 0 }, "geometry": { "type": "MultiPolygon", "coordinates": [ [ [ [ 7865845.177248109132051, -8183644.306601720862091 ], [ 7796084.644773167558014, -8229001.821924014016986 ], [ 7750531.101515988819301, -8235350.17739433888346 ], [ 7709489.363557800650597, -8203165.255726838484406 ], [ 7750045.435923302546144, -8160642.654096647165716 ], [ 7843855.473743380978703, -8159342.917982602491975 ], [ 7865845.177248109132051, -8183644.306601720862091 ] ] ] ] } },
{ "type": "Feature", "properties": { "ISO3": "CPV", "ISO2": "CV", "ISONUM": 132, "NAMEen": "Cabo Verde", "NAMEfr": "Cabo Verde", "NAMEde": "Kap Verde", "REGION_BLOC": "CEDEAO", "REGION_UN": "Africa", "SUBREGION_UN": "Sub-Saharan Africa", "LAST_DEV": "FALSE", "AREA_2021": 4030.0, "FOREST_AREA_2021": 460.2, "POP_2023": 598682, "LIFE_EXP_2022": 74.722, "FERT_2022": 1.879, "HIV_2022": 0.9, "CO2_POP_2020": 1.0651517231909899, "GNI_POP_2023": 9050, "INC_20P_2021": 5.7, "GDP_INDS_2023": 10.7166132631091, "HIG_TEC_EXP_2022": 0.23993393163752, "MIL_EXP_2022": 0.54807628184205803, "JamesBond": 0, "ARG_nacion": 3.0, "AUS_sydmor": 0.0, "BRA_oglobo": 37.0, "CAN_tostar": 7.0, "CHN_mopost": 0.0, "DEU_frankf": 3.0, "DZA_alnaha": 95.0, "EGY_alwafd": 18.0, "ESP_abc": 65.0, "FRA_lmonde": 29.0, "GBR_indept": 25.0, "IDN_republ": 0.0, "IND_tindia": 3.0, "IRN_hamsha": 3.0, "ITA_repubb": 15.0, "JPN_asahis": 0.0, "KEN_standa": 3.0, "MEX_inform": 9.0, "NGA_vangua": 27.0, "RUS_isvest": 2.0, "SAU_spa": 23.0, "TUR_sabah": 6.0, "USA_nytime": 10.0, "ZAF_times": 73.0, "mean": 19.0, "rnk": 181.5, "sd": 25.42850163993494, "min": 0.0, "Q1": 3.0, "Q2": 8.0, "Q3": 25.5, "max": 95.0, "nbsup0": 20, "nbsup10": 10, "nbsup100": 0 }, "geometry": { "type": "MultiPolygon", "coordinates": [ [ [ [ -3343541.667128168512136, -7546397.47751584276557 ], [ -3247791.679648650810122, -7602951.986887195147574 ], [ -3226387.826787538360804, -7657129.848308671265841 ], [ -3306696.10507556470111, -7667007.256464290432632 ], [ -3402270.080046392977238, -7612833.011715131811798 ], [ -3411695.100233328063041, -7562624.942469527944922 ], [ -3343541.667128168512136, -7546397.47751584276557 ] ] ] ] } },
{ "type": "Feature", "properties": { "ISO3": "CRI", "ISO2": "CR", "ISONUM": 188, "NAMEen": "Costa Rica", "NAMEfr": "Costa Rica", "NAMEde": "Costa Rica", "REGION_BLOC": null, "REGION_UN": "Americas", "SUBREGION_UN": "Latin America and the Caribbean", "LAST_DEV": "FALSE", "AREA_2021": 51100.0, "FOREST_AREA_2021": 30512.4, "POP_2023": 5212173, "LIFE_EXP_2022": 77.32, "FERT_2022": 1.522, "HIV_2022": 0.5, "CO2_POP_2020": 1.35999554957394, "GNI_POP_2023": 25800, "INC_20P_2021": 4.5, "GDP_INDS_2023": 20.459253835237, "HIG_TEC_EXP_2022": 20.428997994238099, "MIL_EXP_2022": null, "JamesBond": 0, "ARG_nacion": 6789.0, "AUS_sydmor": 0.0, "BRA_oglobo": 131.0, "CAN_tostar": 0.0, "CHN_mopost": 0.0, "DEU_frankf": 74.0, "DZA_alnaha": 44.0, "EGY_alwafd": 38.0, "ESP_abc": 152.0, "FRA_lmonde": 80.0, "GBR_indept": 0.0, "IDN_republ": 50.0, "IND_tindia": 0.0, "IRN_hamsha": 37.0, "ITA_repubb": 110.0, "JPN_asahis": 0.0, "KEN_standa": 0.0, "MEX_inform": 505.0, "NGA_vangua": 0.0, "RUS_isvest": 26.0, "SAU_spa": 63.0, "TUR_sabah": 40.0, "USA_nytime": 0.0, "ZAF_times": 0.0, "mean": 339.125, "rnk": 69.0, "sd": 1377.8234667165393, "min": 0.0, "Q1": 0.0, "Q2": 37.5, "Q3": 75.5, "max": 6789.0, "nbsup0": 14, "nbsup10": 14, "nbsup100": 5 }, "geometry": { "type": "MultiPolygon", "coordinates": [ [ [ [ -8739646.168763676658273, -973457.696094355778769 ], [ -8867969.646670809015632, -1155903.753313623135909 ], [ -8870123.800258180126548, -1115992.807498274836689 ], [ -9043541.751030907034874, -1126812.675235694507137 ], [ -8994368.646017292514443, -986648.410501259728335 ], [ -8947221.933247962966561, -998868.527492837631144 ], [ -8896198.830080769956112, -828662.127803981420584 ], [ -8912826.261647479608655, -761305.162165427813306 ], [ -8833895.579295365139842, -637097.594132933532819 ], [ -8751868.251759368926287, -657789.675423960783519 ], [ -8739646.168763676658273, -973457.696094355778769 ] ] ] ] } },
{ "type": "Feature", "properties": { "ISO3": "CUB", "ISO2": "CU", "ISONUM": 192, "NAMEen": "Cuba", "NAMEfr": "Cuba", "NAMEde": "Kuba", "REGION_BLOC": null, "REGION_UN": "Americas", "SUBREGION_UN": "Latin America and the Caribbean", "LAST_DEV": "FALSE", "AREA_2021": 109880.0, "FOREST_AREA_2021": 32420.0, "POP_2023": 11194449, "LIFE_EXP_2022": 78.155, "FERT_2022": 1.449, "HIV_2022": 0.6, "CO2_POP_2020": 2.1527696784747299, "GNI_POP_2023": null, "INC_20P_2021": null, "GDP_INDS_2023": 23.770041880689099, "HIG_TEC_EXP_2022": 11.458890292205499, "MIL_EXP_2022": 2.87620737245072, "JamesBond": 4, "ARG_nacion": 1731.0, "AUS_sydmor": 141.0, "BRA_oglobo": 1054.0, "CAN_tostar": 675.0, "CHN_mopost": 137.0, "DEU_frankf": 414.0, "DZA_alnaha": 305.0, "EGY_alwafd": 219.0, "ESP_abc": 1385.0, "FRA_lmonde": 415.0, "GBR_indept": 268.0, "IDN_republ": 168.0, "IND_tindia": 162.0, "IRN_hamsha": 189.0, "ITA_repubb": 245.0, "JPN_asahis": 532.0, "KEN_standa": 240.0, "MEX_inform": 1240.0, "NGA_vangua": 102.0, "RUS_isvest": 2379.0, "SAU_spa": 137.0, "TUR_sabah": 166.0, "USA_nytime": 743.0, "ZAF_times": 269.0, "mean": 554.83333333333337, "rnk": 44.0, "sd": 591.87488885572009, "min": 102.0, "Q1": 167.5, "Q2": 268.5, "Q3": 692.0, "max": 2379.0, "nbsup0": 24, "nbsup10": 24, "nbsup100": 24 }, "geometry": { "type": "MultiPolygon", "coordinates": [ [ [ [ -7538502.634372925385833, -2006544.090433828299865 ], [ -7543006.105386333540082, -1988321.022592469351366 ], [ -7627479.989282755181193, -1657870.886901324614882 ], [ -7542259.578898812644184, -1729842.742426850134507 ], [ -7544142.094063708558679, -1594539.385200854856521 ], [ -7462299.396384455263615, -1482108.456395372049883 ], [ -7483636.47821510117501, -1333661.938218305353075 ], [ -7455818.769384454004467, -1254243.055415720446035 ], [ -7470544.34145522210747, -1073267.654990091221407 ], [ -7417728.538271048106253, -1058671.085114648798481 ], [ -7431694.648852004669607, -941388.770758208236657 ], [ -7497773.39520618878305, -865470.202715567196719 ], [ -7557117.999638082459569, -724825.475000496371649 ], [ -7454401.37499759439379, -773193.96626628539525 ], [ -7367459.004589533433318, -1006681.662596488487907 ], [ -7347978.765766203403473, -1213522.126230919733644 ], [ -7382073.382553827948868, -1478281.410545816412196 ], [ -7416354.949248162098229, -1608771.928774150088429 ], [ -7442476.852432350628078, -1855316.198818955104798 ], [ -7474454.503541689366102, -1903984.847925609908998 ], [ -7449238.727209922857583, -2027845.344125878997147 ], [ -7490504.373437146656215, -2110084.551007781177759 ], [ -7538502.634372925385833, -2006544.090433828299865 ] ] ] ] } },
{ "type": "Feature", "properties": { "ISO3": "CYP", "ISO2": "CY", "ISONUM": 196, "NAMEen": "Cyprus", "NAMEfr": "Chypre", "NAMEde": "Zypern", "REGION_BLOC": "EU", "REGION_UN": "Asia", "SUBREGION_UN": "Western Asia", "LAST_DEV": "FALSE", "AREA_2021": 9250.0, "FOREST_AREA_2021": 1725.1, "POP_2023": 1260138, "LIFE_EXP_2022": 81.889, "FERT_2022": 1.311, "HIV_2022": 0.1, "CO2_POP_2020": 5.4719980089484199, "GNI_POP_2023": 51330, "INC_20P_2021": 8.5, "GDP_INDS_2023": 12.226325626366499, "HIG_TEC_EXP_2022": 17.589786860140201, "MIL_EXP_2022": 1.8147966516278899, "JamesBond": 0, "ARG_nacion": 66.0, "AUS_sydmor": 34.0, "BRA_oglobo": 26.0, "CAN_tostar": 112.0, "CHN_mopost": 25.0, "DEU_frankf": 146.0, "DZA_alnaha": 81.0, "EGY_alwafd": 278.0, "ESP_abc": 95.0, "FRA_lmonde": 78.0, "GBR_indept": 96.0, "IDN_republ": 36.0, "IND_tindia": 35.0, "IRN_hamsha": 50.0, "ITA_repubb": 106.0, "JPN_asahis": 27.0, "KEN_standa": 44.0, "MEX_inform": 60.0, "NGA_vangua": 54.0, "RUS_isvest": 198.0, "SAU_spa": 113.0, "TUR_sabah": 1300.0, "USA_nytime": 57.0, "ZAF_times": 104.0, "mean": 134.20833333333334, "rnk": 104.0, "sd": 255.20954377116084, "min": 25.0, "Q1": 42.0, "Q2": 72.0, "Q3": 107.5, "max": 1300.0, "nbsup0": 24, "nbsup10": 24, "nbsup100": 8 }, "geometry": { "type": "MultiPolygon", "coordinates": [ [ [ [ 3364471.863234169315547, -5177825.896918117068708 ], [ 3318864.367254802957177, -5192891.941878116689622 ], [ 3285924.575729537755251, -5181665.994793848134577 ], [ 3287336.945666213985533, -5143440.083191653713584 ], [ 3324137.509510454256088, -5116764.417001214809716 ], [ 3318427.686844324227422, -5093681.508936969563365 ], [ 3371802.789663292467594, -5065520.850768165662885 ], [ 3427946.714190133381635, -4989899.476277492940426 ], [ 3408467.66421274933964, -5071049.873699955642223 ], [ 3408441.494663836900145, -5071155.824870047159493 ], [ 3433368.90318804839626, -5083861.30130669940263 ], [ 3408297.535606892313808, -5118590.938297189772129 ], [ 3407370.61160577274859, -5143184.506366067565978 ], [ 3364471.863234169315547, -5177825.896918117068708 ] ] ] ] } },
{ "type": "Feature", "properties": { "ISO3": "CZE", "ISO2": "CZ", "ISONUM": 203, "NAMEen": "Czechia", "NAMEfr": "Tchéquie", "NAMEde": "Tschechien", "REGION_BLOC": "EU", "REGION_UN": "Europe", "SUBREGION_UN": "Eastern Europe", "LAST_DEV": "FALSE", "AREA_2021": 78871.04, "FOREST_AREA_2021": 26789.0, "POP_2023": 10873689, "LIFE_EXP_2022": 79.0292682926829, "FERT_2022": 1.61774660294866, "HIV_2022": 0.1, "CO2_POP_2020": 8.3040174958388899, "GNI_POP_2023": 51370, "INC_20P_2021": 9.7, "GDP_INDS_2023": 30.159613671384001, "HIG_TEC_EXP_2022": 21.208464623927899, "MIL_EXP_2022": 1.3580638321417899, "JamesBond": 1, "ARG_nacion": 69.0, "AUS_sydmor": 33.0, "BRA_oglobo": 69.0, "CAN_tostar": 124.0, "CHN_mopost": 36.0, "DEU_frankf": 109.0, "DZA_alnaha": 71.0, "EGY_alwafd": 152.0, "ESP_abc": 97.0, "FRA_lmonde": 97.0, "GBR_indept": 123.0, "IDN_republ": 13.0, "IND_tindia": 59.0, "IRN_hamsha": 103.0, "ITA_repubb": 217.0, "JPN_asahis": 82.0, "KEN_standa": 33.0, "MEX_inform": 60.0, "NGA_vangua": 47.0, "RUS_isvest": 596.0, "SAU_spa": 84.0, "TUR_sabah": 111.0, "USA_nytime": 60.0, "ZAF_times": 46.0, "mean": 103.79166666666667, "rnk": 120.0, "sd": 113.82480021914176, "min": 13.0, "Q1": 56.0, "Q2": 76.5, "Q3": 109.5, "max": 596.0, "nbsup0": 24, "nbsup10": 24, "nbsup100": 8 }, "geometry": { "type": "MultiPolygon", "coordinates": [ [ [ [ 1115946.558125882176682, -4220588.254156838171184 ], [ 1263860.622043758863583, -4245327.733441210351884 ], [ 1396220.688789994921535, -4215638.304382672533393 ], [ 1457696.062759218970314, -4273835.72047501988709 ], [ 1345457.131936601130292, -4415936.876748692244291 ], [ 1181797.861972742713988, -4416059.530160075053573 ], [ 1171512.48679343983531, -4466914.972179413773119 ], [ 1098076.982916796347126, -4465278.001867241226137 ], [ 1004743.252426317543723, -4423197.688519800081849 ], [ 956972.896568947588094, -4312983.837068613618612 ], [ 1115946.558125882176682, -4220588.254156838171184 ] ] ] ] } },
{ "type": "Feature", "properties": { "ISO3": "DEU", "ISO2": "DE", "ISONUM": 276, "NAMEen": "Germany", "NAMEfr": "Allemagne", "NAMEde": "Deutschland", "REGION_BLOC": "EU", "REGION_UN": "Europe", "SUBREGION_UN": "Western Europe", "LAST_DEV": "FALSE", "AREA_2021": 357590.0, "FOREST_AREA_2021": 114190.0, "POP_2023": 84482267, "LIFE_EXP_2022": 80.705609756097601, "FERT_2022": 1.455, "HIV_2022": 0.1, "CO2_POP_2020": 7.2552210281683998, "GNI_POP_2023": 72110, "INC_20P_2021": 7.9, "GDP_INDS_2023": 28.081850741053501, "HIG_TEC_EXP_2022": 15.9912088557867, "MIL_EXP_2022": 1.3900550095965301, "JamesBond": 2, "ARG_nacion": 2746.0, "AUS_sydmor": 881.0, "BRA_oglobo": 2273.0, "CAN_tostar": 1348.0, "CHN_mopost": 820.0, "DEU_frankf": null, "DZA_alnaha": 1612.0, "EGY_alwafd": 3705.0, "ESP_abc": 5103.0, "FRA_lmonde": 3472.0, "GBR_indept": 1948.0, "IDN_republ": 2198.0, "IND_tindia": 950.0, "IRN_hamsha": 3002.0, "ITA_repubb": 4859.0, "JPN_asahis": 1512.0, "KEN_standa": 875.0, "MEX_inform": 2618.0, "NGA_vangua": 1560.0, "RUS_isvest": 3102.0, "SAU_spa": 836.0, "TUR_sabah": 4598.0, "USA_nytime": 1849.0, "ZAF_times": 1136.0, "mean": 2304.478260869565, "rnk": 7.0, "sd": 1329.9213534356497, "min": 820.0, "Q1": 1242.0, "Q2": 1948.0, "Q3": 3052.0, "max": 5103.0, "nbsup0": 23, "nbsup10": 23, "nbsup100": 23 }, "geometry": { "type": "MultiPolygon", "coordinates": [ [ [ [ 643726.745823941077106, -3872704.709372903686017 ], [ 769415.805191065301187, -3932630.772948653902858 ], [ 857955.529971071518958, -3869359.701744412537664 ], [ 985133.947590545169078, -3875560.489903627894819 ], [ 1011210.265722163952887, -4018694.422598054632545 ], [ 1055404.824103381019086, -4038806.45744530716911 ], [ 1115946.558125882176682, -4220588.254156838171184 ], [ 956972.896568947588094, -4312983.837068613618612 ], [ 1004743.252426317543723, -4423197.688519800081849 ], [ 1098076.982916796347126, -4465278.001867241226137 ], [ 1046149.448765382403508, -4553862.066056801006198 ], [ 1069729.1985179760959, -4597492.177873677574098 ], [ 1063371.452677750959992, -4619383.404750715009868 ], [ 994777.187450548750348, -4610141.36068650148809 ], [ 927429.5405732258223, -4658752.207680640742183 ], [ 798793.929802292841487, -4666317.522294738329947 ], [ 786440.160499247140251, -4672272.107145276851952 ], [ 753408.388948385487311, -4659667.385954394936562 ], [ 624392.846668013837188, -4688327.189866318367422 ], [ 652829.097452202113345, -4530149.144451031461358 ], [ 499739.11021426942898, -4493996.389321897178888 ], [ 502185.384309040207881, -4459647.115016616880894 ], [ 473982.602789727388881, -4422392.64175468031317 ], [ 457207.450253277551383, -4353758.772954077459872 ], [ 439982.97111501567997, -4237344.361868648789823 ], [ 515351.412292586406693, -4181320.215415354352444 ], [ 513491.89630379184382, -4067795.38159229233861 ], [ 509827.570070430461783, -4020977.850951720960438 ], [ 605683.331151782302186, -4021142.937469441443682 ], [ 630663.856948429485783, -3978339.149743786081672 ], [ 589731.977880012011155, -3871622.19651368772611 ], [ 643726.745823941077106, -3872704.709372903686017 ] ] ] ] } },
{ "type": "Feature", "properties": { "ISO3": "DJI", "ISO2": "DJ", "ISONUM": 262, "NAMEen": "Djibouti", "NAMEfr": "Djibouti", "NAMEde": "Dschibuti", "REGION_BLOC": "COMESA", "REGION_UN": "Africa", "SUBREGION_UN": "Sub-Saharan Africa", "LAST_DEV": "TRUE", "AREA_2021": 23200.0, "FOREST_AREA_2021": 58.733, "POP_2023": 1136455, "LIFE_EXP_2022": 62.859, "FERT_2022": 2.757, "HIV_2022": null, "CO2_POP_2020": 0.39232917123787803, "GNI_POP_2023": 7040, "INC_20P_2021": 5.4, "GDP_INDS_2023": 15.3024345262154, "HIG_TEC_EXP_2022": 0.92362145317496702, "MIL_EXP_2022": 2.62758252462798, "JamesBond": 0, "ARG_nacion": 10.0, "AUS_sydmor": 3.0, "BRA_oglobo": 4.0, "CAN_tostar": 10.0, "CHN_mopost": 23.0, "DEU_frankf": 1.0, "DZA_alnaha": 41.0, "EGY_alwafd": 34.0, "ESP_abc": 7.0, "FRA_lmonde": 47.0, "GBR_indept": 6.0, "IDN_republ": 5.0, "IND_tindia": 7.0, "IRN_hamsha": 6.0, "ITA_repubb": 2.0, "JPN_asahis": 21.0, "KEN_standa": 80.0, "MEX_inform": 1.0, "NGA_vangua": 18.0, "RUS_isvest": 3.0, "SAU_spa": 256.0, "TUR_sabah": 26.0, "USA_nytime": 7.0, "ZAF_times": 15.0, "mean": 26.375, "rnk": 169.0, "sd": 52.322422244819833, "min": 1.0, "Q1": 4.75, "Q2": 8.5, "Q3": 23.75, "max": 256.0, "nbsup0": 24, "nbsup10": 10, "nbsup100": 1 }, "geometry": { "type": "MultiPolygon", "coordinates": [ [ [ [ 5981670.097005215473473, -6360763.629580916836858 ], [ 5983227.692431712523103, -6433377.720287213101983 ], [ 5847552.676533712074161, -6543377.181066968478262 ], [ 5833255.082555665634573, -6527510.857194845564663 ], [ 5812455.921792567707598, -6370036.193663991056383 ], [ 5875747.000440016388893, -6275076.452865035273135 ], [ 5957519.023728625848889, -6304939.780007221736014 ], [ 5910900.82651561498642, -6393463.147902982309461 ], [ 5981670.097005215473473, -6360763.629580916836858 ] ] ] ] } },
{ "type": "Feature", "properties": { "ISO3": "DMA", "ISO2": "DM", "ISONUM": 212, "NAMEen": "Dominica", "NAMEfr": "Dominique", "NAMEde": "Dominica", "REGION_BLOC": null, "REGION_UN": "Americas", "SUBREGION_UN": "Latin America and the Caribbean", "LAST_DEV": "FALSE", "AREA_2021": 750.0, "FOREST_AREA_2021": 478.7, "POP_2023": 73040, "LIFE_EXP_2022": 72.981, "FERT_2022": 1.588, "HIV_2022": null, "CO2_POP_2020": 2.26126814362109, "GNI_POP_2023": 17650, "INC_20P_2021": null, "GDP_INDS_2023": 12.1968761680391, "HIG_TEC_EXP_2022": 3.3053307777051901, "MIL_EXP_2022": null, "JamesBond": 0, "ARG_nacion": 0.0, "AUS_sydmor": 0.0, "BRA_oglobo": 0.0, "CAN_tostar": 0.0, "CHN_mopost": 0.0, "DEU_frankf": 0.0, "DZA_alnaha": 0.0, "EGY_alwafd": 0.0, "ESP_abc": 0.0, "FRA_lmonde": 0.0, "GBR_indept": 0.0, "IDN_republ": 0.0, "IND_tindia": 0.0, "IRN_hamsha": 0.0, "ITA_repubb": 0.0, "JPN_asahis": 0.0, "KEN_standa": 0.0, "MEX_inform": 0.0, "NGA_vangua": 0.0, "RUS_isvest": 12.0, "SAU_spa": 0.0, "TUR_sabah": 0.0, "USA_nytime": 0.0, "ZAF_times": 0.0, "mean": 0.5, "rnk": 205.0, "sd": 2.4494897427831779, "min": 0.0, "Q1": 0.0, "Q2": 0.0, "Q3": 0.0, "max": 12.0, "nbsup0": 1, "nbsup10": 1, "nbsup100": 0 }, "geometry": { "type": "MultiPolygon", "coordinates": [ [ [ [ -7273443.160594349727035, -3957784.808594300877303 ], [ -7266441.904491265304387, -3983675.591664905659854 ], [ -7275435.299628278240561, -4000281.600924177560955 ], [ -7286538.574225340969861, -4009267.05691725295037 ], [ -7302415.71037763915956, -3995192.419693064410239 ], [ -7296470.725435334257782, -3976198.101095294114202 ], [ -7289144.422074801288545, -3950042.970623820554465 ], [ -7276098.561556768603623, -3936957.806342119351029 ], [ -7273443.160594349727035, -3957784.808594300877303 ] ] ] ] } },
{ "type": "Feature", "properties": { "ISO3": "DNK", "ISO2": "DK", "ISONUM": 208, "NAMEen": "Denmark", "NAMEfr": "Danemark", "NAMEde": "Dänemark", "REGION_BLOC": "EU", "REGION_UN": "Europe", "SUBREGION_UN": "Northern Europe", "LAST_DEV": "FALSE", "AREA_2021": 42920.0, "FOREST_AREA_2021": 6293.8, "POP_2023": 5946952, "LIFE_EXP_2022": 81.304878048780495, "FERT_2022": 1.55, "HIV_2022": 0.1, "CO2_POP_2020": 4.6912373075163396, "GNI_POP_2023": 79390, "INC_20P_2021": 9.2, "GDP_INDS_2023": 21.485972454719899, "HIG_TEC_EXP_2022": 15.805390626611199, "MIL_EXP_2022": 1.4189603714329999, "JamesBond": 0, "ARG_nacion": 206.0, "AUS_sydmor": 337.0, "BRA_oglobo": 188.0, "CAN_tostar": 440.0, "CHN_mopost": 162.0, "DEU_frankf": 444.0, "DZA_alnaha": 109.0, "EGY_alwafd": 210.0, "ESP_abc": 594.0, "FRA_lmonde": 301.0, "GBR_indept": 549.0, "IDN_republ": 291.0, "IND_tindia": 356.0, "IRN_hamsha": 196.0, "ITA_repubb": 396.0, "JPN_asahis": 200.0, "KEN_standa": 244.0, "MEX_inform": 200.0, "NGA_vangua": 222.0, "RUS_isvest": 63.0, "SAU_spa": 95.0, "TUR_sabah": 406.0, "USA_nytime": 494.0, "ZAF_times": 332.0, "mean": 293.125, "rnk": 78.0, "sd": 143.64397791520656, "min": 63.0, "Q1": 199.0, "Q2": 267.5, "Q3": 398.5, "max": 594.0, "nbsup0": 24, "nbsup10": 24, "nbsup100": 22 }, "geometry": { "type": "MultiPolygon", "coordinates": [ [ [ [ 785943.234685228089802, -3712493.678836822044104 ], [ 827404.177285169484094, -3772173.930272877216339 ], [ 829662.419080104096793, -3825107.431169903371483 ], [ 797818.44053152424749, -3857371.077482906170189 ], [ 779184.813520538154989, -3823572.971171866636723 ], [ 746000.231292995274998, -3822277.389470810536295 ], [ 709138.298937226994894, -3774969.046001566108316 ], [ 736074.115848790272139, -3725967.80022394284606 ], [ 785943.234685228089802, -3712493.678836822044104 ] ] ], [ [ [ 643726.745823941077106, -3872704.709372903686017 ], [ 589731.977880012011155, -3871622.19651368772611 ], [ 527284.985227311612107, -3694539.447230290621519 ], [ 564292.477991445339285, -3629767.62167155276984 ], [ 612924.255141910980456, -3601325.820991899352521 ], [ 661685.490264054504223, -3537037.407554681412876 ], [ 672655.970467419014312, -3633354.662847948726267 ], [ 711986.874574571615085, -3675140.12799855787307 ], [ 635345.172981870244257, -3797463.941589497029781 ], [ 643726.745823941077106, -3872704.709372903686017 ] ] ] ] } },
{ "type": "Feature", "properties": { "ISO3": "DOM", "ISO2": "DO", "ISONUM": 214, "NAMEen": "Dominican Republic", "NAMEfr": "République dominicaine", "NAMEde": "Dominikanische Republik", "REGION_BLOC": null, "REGION_UN": "Americas", "SUBREGION_UN": "Latin America and the Caribbean", "LAST_DEV": "FALSE", "AREA_2021": 146839.31, "FOREST_AREA_2021": 21521.9, "POP_2023": 11332972, "LIFE_EXP_2022": 74.17, "FERT_2022": 2.247, "HIV_2022": 1.0, "CO2_POP_2020": 2.0801817219144101, "GNI_POP_2023": 24460, "INC_20P_2021": 6.6, "GDP_INDS_2023": 31.138688567281299, "HIG_TEC_EXP_2022": 6.0187864835963696, "MIL_EXP_2022": 0.71763759810246197, "JamesBond": 0, "ARG_nacion": 130.0, "AUS_sydmor": 8.0, "BRA_oglobo": 76.0, "CAN_tostar": 75.0, "CHN_mopost": 15.0, "DEU_frankf": 7.0, "DZA_alnaha": 4.0, "EGY_alwafd": 6.0, "ESP_abc": 112.0, "FRA_lmonde": 94.0, "GBR_indept": 43.0, "IDN_republ": 14.0, "IND_tindia": 20.0, "IRN_hamsha": 4.0, "ITA_repubb": 45.0, "JPN_asahis": 0.0, "KEN_standa": 1.0, "MEX_inform": 118.0, "NGA_vangua": 5.0, "RUS_isvest": 0.0, "SAU_spa": 9.0, "TUR_sabah": 24.0, "USA_nytime": 95.0, "ZAF_times": 6.0, "mean": 37.958333333333336, "rnk": 160.0, "sd": 43.561529863607532, "min": 0.0, "Q1": 5.75, "Q2": 14.5, "Q3": 75.25, "max": 130.0, "nbsup0": 22, "nbsup10": 13, "nbsup100": 3 }, "geometry": { "type": "MultiPolygon", "coordinates": [ [ [ [ -7605045.683597173541784, -2503907.734019270632416 ], [ -7563312.794031411409378, -2470920.744453445076942 ], [ -7555845.405266368761659, -2454150.376796934753656 ], [ -7428570.972925757057965, -2448506.503421310801059 ], [ -7372778.959912505932152, -2536000.092420324217528 ], [ -7352915.455599475651979, -2691084.924757561646402 ], [ -7395517.520205346867442, -2749124.014366697520018 ], [ -7378620.001213138923049, -2927930.543333538807929 ], [ -7432644.13190040923655, -2875532.993427086155862 ], [ -7516019.253671345300972, -2631506.016269631683826 ], [ -7634784.423401495441794, -2566833.758958698716015 ], [ -7605045.683597173541784, -2503907.734019270632416 ] ] ] ] } },
{ "type": "Feature", "properties": { "ISO3": "DZA", "ISO2": "DZ", "ISONUM": 12, "NAMEen": "Algeria", "NAMEfr": "Algérie", "NAMEde": "Algerien", "REGION_BLOC": "Arab League", "REGION_UN": "Africa", "SUBREGION_UN": "Northern Africa", "LAST_DEV": "FALSE", "AREA_2021": 2381741.0, "FOREST_AREA_2021": 19583.333, "POP_2023": 45606480, "LIFE_EXP_2022": 77.129, "FERT_2022": 2.829, "HIV_2022": 0.1, "CO2_POP_2020": 3.7182233703076002, "GNI_POP_2023": 16790, "INC_20P_2021": 9.4, "GDP_INDS_2023": 37.998558731359601, "HIG_TEC_EXP_2022": 0.96029933858419003, "MIL_EXP_2022": 4.7794382864839502, "JamesBond": 0, "ARG_nacion": 48.0, "AUS_sydmor": 29.0, "BRA_oglobo": 102.0, "CAN_tostar": 44.0, "CHN_mopost": 28.0, "DEU_frankf": 159.0, "DZA_alnaha": null, "EGY_alwafd": 1202.0, "ESP_abc": 132.0, "FRA_lmonde": 0.0, "GBR_indept": 52.0, "IDN_republ": 133.0, "IND_tindia": 38.0, "IRN_hamsha": 174.0, "ITA_repubb": 147.0, "JPN_asahis": 84.0, "KEN_standa": 272.0, "MEX_inform": 67.0, "NGA_vangua": 524.0, "RUS_isvest": 83.0, "SAU_spa": 5422.0, "TUR_sabah": 171.0, "USA_nytime": 97.0, "ZAF_times": 175.0, "mean": 399.26086956521738, "rnk": 61.0, "sd": 1123.0121920082656, "min": 0.0, "Q1": 50.0, "Q2": 102.0, "Q3": 172.5, "max": 5422.0, "nbsup0": 22, "nbsup10": 22, "nbsup100": 12 }, "geometry": { "type": "MultiPolygon", "coordinates": [ [ [ [ 884334.15312722849194, -5845654.770827782340348 ], [ 866392.603576370514929, -5903386.523831256665289 ], [ 883401.491374012897722, -6102855.515836445614696 ], [ 813617.0188704963075, -6196889.439992537721992 ], [ 853170.924029103363864, -6268391.669142968021333 ], [ 1014343.865519917220809, -6371915.448428423143923 ], [ 1100893.766988248564303, -6564809.310053964145482 ], [ 1156804.955650079995394, -6679011.100786005146801 ], [ 1207604.089959245640785, -6965359.501087592914701 ], [ 1161809.396548592252657, -7017038.352807664312422 ], [ 1263258.167320614680648, -7140948.569440203718841 ], [ 1467199.14580949395895, -7168514.360249442048371 ], [ 1534639.920883178012446, -7239257.191022242419422 ], [ 1274573.368639682652429, -7438336.500942538492382 ], [ 1001838.042773110675626, -7627484.358920746482909 ], [ 798144.830847447155975, -7806620.65598610509187 ], [ 581376.762565713725053, -7863088.791097989305854 ], [ 456040.169378668535501, -7889155.020399510860443 ], [ 438384.866104440123308, -7800087.721983145922422 ], [ 256248.440019147790736, -7759709.166790070943534 ], [ 153423.719816921598976, -7666092.604615238495171 ], [ -325865.94894010265125, -7394767.626249558292329 ], [ -608251.341888934373856, -7210850.059671467170119 ], [ -1054169.472258466295898, -6902729.041524603031576 ], [ -1047606.309591143392026, -6859882.510253600776196 ], [ -1030994.321319496957585, -6751459.406468842178583 ], [ -894940.284765392541885, -6689938.837701828218997 ], [ -674446.787439914420247, -6690724.975555364042521 ], [ -505113.365954389970284, -6606183.489939451217651 ], [ -419842.064473426085897, -6589635.721364917233586 ], [ -414822.312277838413138, -6485912.270609964616597 ], [ -282961.413230930804275, -6439239.774383882060647 ], [ -140679.2540716129879, -6449524.078725028783083 ], [ -117051.473098238086095, -6401711.500250645913184 ], [ -184732.336997149774106, -6320125.777247555553913 ], [ -190094.05968643471715, -6153132.092961512506008 ], [ -237243.493953213357599, -6112863.62631359230727 ], [ 108716.321359706678777, -5961405.480809921398759 ], [ 303270.168475067825057, -5918933.491820992901921 ], [ 493801.452621038712095, -5896420.713205136358738 ], [ 542441.26395698369015, -5919388.593461710959673 ], [ 757723.7692717917962, -5847354.157662926241755 ], [ 884334.15312722849194, -5845654.770827782340348 ] ] ] ] } },
{ "type": "Feature", "properties": { "ISO3": "ECU", "ISO2": "EC", "ISONUM": 218, "NAMEen": "Ecuador", "NAMEfr": "Équateur", "NAMEde": "Ecuador", "REGION_BLOC": null, "REGION_UN": "Americas", "SUBREGION_UN": "Latin America and the Caribbean", "LAST_DEV": "FALSE", "AREA_2021": 256370.0, "FOREST_AREA_2021": 124335.6, "POP_2023": 18190484, "LIFE_EXP_2022": 77.894, "FERT_2022": 2.003, "HIV_2022": 0.4, "CO2_POP_2020": 1.9575753492533099, "GNI_POP_2023": 15510, "INC_20P_2021": 4.7, "GDP_INDS_2023": 26.857133014776799, "HIG_TEC_EXP_2022": 6.7115792340572904, "MIL_EXP_2022": 2.1552218699942198, "JamesBond": 0, "ARG_nacion": 1003.0, "AUS_sydmor": 102.0, "BRA_oglobo": 616.0, "CAN_tostar": 151.0, "CHN_mopost": 80.0, "DEU_frankf": 160.0, "DZA_alnaha": 0.0, "EGY_alwafd": 0.0, "ESP_abc": 743.0, "FRA_lmonde": 235.0, "GBR_indept": 96.0, "IDN_republ": 112.0, "IND_tindia": 40.0, "IRN_hamsha": 77.0, "ITA_repubb": 191.0, "JPN_asahis": 140.0, "KEN_standa": 62.0, "MEX_inform": 755.0, "NGA_vangua": 18.0, "RUS_isvest": 129.0, "SAU_spa": 0.0, "TUR_sabah": 70.0, "USA_nytime": 147.0, "ZAF_times": 73.0, "mean": 208.33333333333334, "rnk": 91.0, "sd": 273.80724204648322, "min": 0.0, "Q1": 68.0, "Q2": 107.0, "Q3": 167.75, "max": 1003.0, "nbsup0": 21, "nbsup10": 21, "nbsup100": 13 }, "geometry": { "type": "MultiPolygon", "coordinates": [ [ [ [ -9685292.596746211871505, -2543872.484450479503721 ], [ -9846898.147823272272944, -2535576.371289339847863 ], [ -10010012.515677841380239, -2369109.368646966759115 ], [ -10100086.510482830926776, -2174673.21896413853392 ], [ -10165483.150961045175791, -2093752.141047888901085 ], [ -10300568.223542906343937, -2063368.361196926329285 ], [ -10364404.277705179527402, -2002637.455949049675837 ], [ -10300329.474721875041723, -1727181.224934123922139 ], [ -10230085.963623411953449, -1741177.000064676627517 ], [ -10196728.253506623208523, -1806548.106682984856889 ], [ -10147090.534664709120989, -1792579.128717382671311 ], [ -10155036.762725347653031, -1732084.498878855956718 ], [ -10101265.215478660538793, -1646004.166782637126744 ], [ -9992867.506339678540826, -1597703.812133599538356 ], [ -9846334.846212282776833, -1724400.76776843261905 ], [ -9759962.985555047169328, -1712829.060726818395779 ], [ -9696392.890769869089127, -1886247.604534843238071 ], [ -9656857.913588466122746, -1907085.788648104062304 ], [ -9682841.088105505332351, -2115925.130805581342429 ], [ -9717949.932421240955591, -2167875.950306192506105 ], [ -9668618.867990730330348, -2354883.195635442156345 ], [ -9685292.596746211871505, -2543872.484450479503721 ] ] ] ] } },
{ "type": "Feature", "properties": { "ISO3": "EGY", "ISO2": "EG", "ISONUM": 818, "NAMEen": "Egypt", "NAMEfr": "Égypte", "NAMEde": "Ägypten", "REGION_BLOC": "COMESA, Arab League", "REGION_UN": "Africa", "SUBREGION_UN": "Northern Africa", "LAST_DEV": "FALSE", "AREA_2021": 1001450.0, "FOREST_AREA_2021": 449.8, "POP_2023": 112716598, "LIFE_EXP_2022": 70.159, "FERT_2022": 2.878, "HIV_2022": 0.1, "CO2_POP_2020": 1.96112257208929, "GNI_POP_2023": 17990, "INC_20P_2021": 9.0, "GDP_INDS_2023": 32.7344752545444, "HIG_TEC_EXP_2022": 2.8357754138844902, "MIL_EXP_2022": 1.06181004427704, "JamesBond": 3, "ARG_nacion": 538.0, "AUS_sydmor": 690.0, "BRA_oglobo": 958.0, "CAN_tostar": 1293.0, "CHN_mopost": 517.0, "DEU_frankf": 1038.0, "DZA_alnaha": 4080.0, "EGY_alwafd": null, "ESP_abc": 1189.0, "FRA_lmonde": 1476.0, "GBR_indept": 968.0, "IDN_republ": 1806.0, "IND_tindia": 797.0, "IRN_hamsha": 1646.0, "ITA_repubb": 866.0, "JPN_asahis": 1001.0, "KEN_standa": 1633.0, "MEX_inform": 986.0, "NGA_vangua": 1456.0, "RUS_isvest": 933.0, "SAU_spa": 3184.0, "TUR_sabah": 1759.0, "USA_nytime": 1185.0, "ZAF_times": 1894.0, "mean": 1386.6521739130435, "rnk": 19.0, "sd": 821.91404155155101, "min": 517.0, "Q1": 945.5, "Q2": 1185.0, "Q3": 1639.5, "max": 4080.0, "nbsup0": 23, "nbsup10": 23, "nbsup100": 23 }, "geometry": { "type": "MultiPolygon", "coordinates": [ [ [ [ 3673885.554502344690263, -5405903.744626110419631 ], [ 3684836.380724668037146, -5412241.946598238311708 ], [ 3854055.32239368930459, -5527386.576682796701789 ], [ 3880611.755615573842078, -5736283.4274892937392 ], [ 3750279.553911128547043, -5722428.716348846442997 ], [ 3599726.969781308434904, -5635129.394645052962005 ], [ 3597897.057663505896926, -5683037.299471829086542 ], [ 3711851.561462883837521, -5744481.994203533045948 ], [ 3814075.818939276970923, -5759699.974236521869898 ], [ 3947859.275451922789216, -5849856.505528843030334 ], [ 4269162.952195019461215, -5982069.551501651294529 ], [ 4355606.131404599174857, -6062515.537065936252475 ], [ 4542635.740741057321429, -6053822.778248310089111 ], [ 4142242.305874959565699, -6334560.089007434435189 ], [ 3587128.782280964776874, -6664711.344556876458228 ], [ 3196416.814702935516834, -6860600.334510199725628 ], [ 3046270.561397256795317, -6538335.281055298633873 ], [ 2860212.340309778228402, -6138990.900197459384799 ], [ 2784216.276778334286064, -6056565.920568455010653 ], [ 2761759.945816080085933, -5882120.216526219621301 ], [ 2999339.913314553909004, -5800604.268933464772999 ], [ 3197800.832748288288713, -5762321.882184265181422 ], [ 3292888.137342414353043, -5621095.911261880770326 ], [ 3443397.86799646820873, -5528182.508794769644737 ], [ 3516841.612622944638133, -5524398.062848354689777 ], [ 3588870.164031763095409, -5498325.454716164618731 ], [ 3673885.554502344690263, -5405903.744626110419631 ] ] ] ] } },
{ "type": "Feature", "properties": { "ISO3": "ERI", "ISO2": "ER", "ISONUM": 232, "NAMEen": "Eritrea", "NAMEfr": "Érythrée", "NAMEde": "Eritrea", "REGION_BLOC": "COMESA", "REGION_UN": "Africa", "SUBREGION_UN": "Sub-Saharan Africa", "LAST_DEV": "TRUE", "AREA_2021": 121630.327, "FOREST_AREA_2021": 10521.0, "POP_2023": 3748901, "LIFE_EXP_2022": 66.604, "FERT_2022": 3.786, "HIV_2022": 0.4, "CO2_POP_2020": 0.19865754296841201, "GNI_POP_2023": 1610, "INC_20P_2021": null, "GDP_INDS_2023": 21.819339143722399, "HIG_TEC_EXP_2022": null, "MIL_EXP_2022": 20.865745309381101, "JamesBond": 0, "ARG_nacion": 0.0, "AUS_sydmor": 4.0, "BRA_oglobo": 14.0, "CAN_tostar": 26.0, "CHN_mopost": 0.0, "DEU_frankf": 45.0, "DZA_alnaha": 7.0, "EGY_alwafd": 47.0, "ESP_abc": 9.0, "FRA_lmonde": 0.0, "GBR_indept": 11.0, "IDN_republ": 18.0, "IND_tindia": 1.0, "IRN_hamsha": 4.0, "ITA_repubb": 110.0, "JPN_asahis": 7.0, "KEN_standa": 75.0, "MEX_inform": 1.0, "NGA_vangua": 5.0, "RUS_isvest": 0.0, "SAU_spa": 42.0, "TUR_sabah": 6.0, "USA_nytime": 34.0, "ZAF_times": 25.0, "mean": 20.458333333333332, "rnk": 179.0, "sd": 27.226871583637443, "min": 0.0, "Q1": 3.25, "Q2": 8.0, "Q3": 28.0, "max": 110.0, "nbsup0": 20, "nbsup10": 11, "nbsup100": 1 }, "geometry": { "type": "MultiPolygon", "coordinates": [ [ [ [ 5875747.000440016388893, -6275076.452865035273135 ], [ 5812455.921792567707598, -6370036.193663991056383 ], [ 5519810.807381631806493, -6387276.810492794029415 ], [ 5284230.941707674413919, -6507934.379015658982098 ], [ 5225361.709180675446987, -6586426.927614326588809 ], [ 5132172.546759855002165, -6594592.447005454450846 ], [ 5145969.162264785729349, -6690634.393548807129264 ], [ 5091399.329021629877388, -6684923.547476426698267 ], [ 5014180.427611995488405, -6769755.087781221605837 ], [ 4946324.847248695790768, -6703237.900005646049976 ], [ 4931092.569215639494359, -6557098.363283066079021 ], [ 4882952.584466717205942, -6479788.835273679345846 ], [ 4987827.406412648968399, -6336193.183793622069061 ], [ 4997727.827959095127881, -6260192.990470215678215 ], [ 5199423.664218210615218, -6367040.604673531837761 ], [ 5312611.843459435738623, -6394921.14480441622436 ], [ 5516717.812465959228575, -6311447.298716395162046 ], [ 5625413.474978314712644, -6319036.495789308100939 ], [ 5875747.000440016388893, -6275076.452865035273135 ] ] ] ] } },
{ "type": "Feature", "properties": { "ISO3": "ESP", "ISO2": "ES", "ISONUM": 724, "NAMEen": "Spain", "NAMEfr": "Espagne", "NAMEde": "Spanien", "REGION_BLOC": "EU", "REGION_UN": "Europe", "SUBREGION_UN": "Southern Europe", "LAST_DEV": "FALSE", "AREA_2021": 505964.594, "FOREST_AREA_2021": 185764.6, "POP_2023": 48373336, "LIFE_EXP_2022": 83.082926829268303, "FERT_2022": 1.16, "HIV_2022": 0.2, "CO2_POP_2020": 4.2795945712141004, "GNI_POP_2023": 52420, "INC_20P_2021": 6.4, "GDP_INDS_2023": 20.240934845258401, "HIG_TEC_EXP_2022": 12.4147557529257, "MIL_EXP_2022": 1.4660338438573299, "JamesBond": 2, "ARG_nacion": 3731.0, "AUS_sydmor": 1073.0, "BRA_oglobo": 2380.0, "CAN_tostar": 1397.0, "CHN_mopost": 990.0, "DEU_frankf": 2410.0, "DZA_alnaha": 1253.0, "EGY_alwafd": 760.0, "ESP_abc": null, "FRA_lmonde": 2047.0, "GBR_indept": 2804.0, "IDN_republ": 1998.0, "IND_tindia": 949.0, "IRN_hamsha": 1179.0, "ITA_repubb": 4589.0, "JPN_asahis": 742.0, "KEN_standa": 1204.0, "MEX_inform": 2568.0, "NGA_vangua": 1984.0, "RUS_isvest": 1152.0, "SAU_spa": 325.0, "TUR_sabah": 3112.0, "USA_nytime": 1767.0, "ZAF_times": 1435.0, "mean": 1819.5217391304348, "rnk": 9.0, "sd": 1037.9696470235979, "min": 325.0, "Q1": 1112.5, "Q2": 1435.0, "Q3": 2395.0, "max": 4589.0, "nbsup0": 23, "nbsup10": 23, "nbsup100": 23 }, "geometry": { "type": "MultiPolygon", "coordinates": [ [ [ [ -1899953.124240570468828, -6567803.636084089055657 ], [ -1891691.806949034333229, -6597848.924034586176276 ], [ -1907215.60872053168714, -6618963.957838398404419 ], [ -1933267.774800474056974, -6628837.891464416868985 ], [ -1974115.553264909191057, -6618732.638406155630946 ], [ -2000197.854557776125148, -6594142.962893585674465 ], [ -1997274.395299536641687, -6567186.327011769637465 ], [ -1979035.16459816810675, -6544518.577123423106968 ], [ -1936192.835277806734666, -6546425.754356870427728 ], [ -1899953.124240570468828, -6567803.636084089055657 ] ] ], [ [ [ 312276.524424319097307, -5576902.141167995519936 ], [ 350603.258823777665384, -5597958.028976712375879 ], [ 307543.990848024201114, -5636776.462978237308562 ], [ 261059.301963079778943, -5601533.258300809189677 ], [ 312276.524424319097307, -5576902.141167995519936 ] ] ], [ [ [ -162684.521654695039615, -5193813.655150078237057 ], [ -3583.925160316513939, -5274221.47635537199676 ], [ 118879.150928550036042, -5288484.440799656324089 ], [ 134259.699174245324684, -5307847.865894275717437 ], [ 159055.907825420465088, -5295775.841770435683429 ], [ 294229.565037738648243, -5294231.005029423162341 ], [ 302206.858671430440154, -5345622.879014092497528 ], [ 195248.867290895461338, -5427385.028056050650775 ], [ 94324.045529665687354, -5456168.368723103776574 ], [ -31751.494990507642797, -5626061.03291760571301 ], [ 22705.013465258183714, -5712883.401581059210002 ], [ -220233.26388072912232, -5930620.535244448110461 ], [ -458960.245081819593906, -5919797.210599899291992 ], [ -558287.584910127683543, -5975626.371155852451921 ], [ -616724.163681408739649, -5980687.517619949765503 ], [ -668980.43153065466322, -5871946.319157519377768 ], [ -759308.840992378536612, -5834857.850379575043917 ], [ -708269.24592559679877, -5748494.775399123318493 ], [ -735864.519442286924459, -5697597.970753020606935 ], [ -659920.399320336873643, -5419585.655661886557937 ], [ -583543.756413838476874, -5366423.466648899018764 ], [ -612887.978787271305919, -5323374.96868110075593 ], [ -814508.454201125307009, -5291453.046564704738557 ], [ -847346.309052403899841, -5178980.097775124013424 ], [ -706744.262893728795461, -5105766.552641005255282 ], [ -651430.804815029376186, -5134915.70158991124481 ], [ -397375.200623017153703, -5181412.365216230973601 ], [ -162684.521654695039615, -5193813.655150078237057 ] ] ] ] } },
{ "type": "Feature", "properties": { "ISO3": "EST", "ISO2": "EE", "ISONUM": 233, "NAMEen": "Estonia", "NAMEfr": "Estonie", "NAMEde": "Estland", "REGION_BLOC": "EU", "REGION_UN": "Europe", "SUBREGION_UN": "Northern Europe", "LAST_DEV": "FALSE", "AREA_2021": 45340.0, "FOREST_AREA_2021": 24384.0, "POP_2023": 1366188, "LIFE_EXP_2022": 77.943902439024399, "FERT_2022": 1.41, "HIV_2022": 0.7, "CO2_POP_2020": 5.3383998158736796, "GNI_POP_2023": 47350, "INC_20P_2021": 8.1, "GDP_INDS_2023": 22.308444504454702, "HIG_TEC_EXP_2022": 17.666328575160598, "MIL_EXP_2022": 2.0866657905942798, "JamesBond": 0, "ARG_nacion": 45.0, "AUS_sydmor": 15.0, "BRA_oglobo": 19.0, "CAN_tostar": 45.0, "CHN_mopost": 17.0, "DEU_frankf": 122.0, "DZA_alnaha": 8.0, "EGY_alwafd": 27.0, "ESP_abc": 60.0, "FRA_lmonde": 47.0, "GBR_indept": 53.0, "IDN_republ": 32.0, "IND_tindia": 24.0, "IRN_hamsha": 30.0, "ITA_repubb": 58.0, "JPN_asahis": 44.0, "KEN_standa": 8.0, "MEX_inform": 21.0, "NGA_vangua": 12.0, "RUS_isvest": 258.0, "SAU_spa": 13.0, "TUR_sabah": 91.0, "USA_nytime": 26.0, "ZAF_times": 27.0, "mean": 45.916666666666664, "rnk": 155.0, "sd": 52.538943458259084, "min": 8.0, "Q1": 18.5, "Q2": 28.5, "Q3": 48.5, "max": 258.0, "nbsup0": 24, "nbsup10": 22, "nbsup100": 2 }, "geometry": { "type": "MultiPolygon", "coordinates": [ [ [ [ 1599845.975057339062914, -3006460.306029767729342 ], [ 1614869.027002140181139, -3014238.240107081830502 ], [ 1607234.056784225860611, -3042903.892367706634104 ], [ 1609059.044808706734329, -3062827.358471618499607 ], [ 1595436.117059536045417, -3095027.618096723686904 ], [ 1632483.680351705523208, -3157726.216641166713089 ], [ 1656465.574347058543935, -3162952.676735626533628 ], [ 1664796.941225471207872, -3218186.379104607738554 ], [ 1520331.099417984252796, -3221595.29769602464512 ], [ 1475780.009012944065034, -3267553.89267387939617 ], [ 1409638.244467481272295, -3233821.114248460158706 ], [ 1368366.301006025634706, -3151406.614580451510847 ], [ 1469338.280011681606993, -3049605.436297280248255 ], [ 1599845.975057339062914, -3006460.306029767729342 ] ] ] ] } },
{ "type": "Feature", "properties": { "ISO3": "ETH", "ISO2": "ET", "ISONUM": 231, "NAMEen": "Ethiopia", "NAMEfr": "Éthiopie", "NAMEde": "Äthiopien", "REGION_BLOC": "COMESA", "REGION_UN": "Africa", "SUBREGION_UN": "Sub-Saharan Africa", "LAST_DEV": "TRUE", "AREA_2021": 1136239.544, "FOREST_AREA_2021": 169955.0, "POP_2023": 126527060, "LIFE_EXP_2022": 65.645, "FERT_2022": 4.063, "HIV_2022": 0.8, "CO2_POP_2020": 0.15443177159020499, "GNI_POP_2023": 3100, "INC_20P_2021": 7.3, "GDP_INDS_2023": 24.476676437016401, "HIG_TEC_EXP_2022": 3.2089379003687202, "MIL_EXP_2022": 0.90389201395393604, "JamesBond": 0, "ARG_nacion": 60.0, "AUS_sydmor": 45.0, "BRA_oglobo": 80.0, "CAN_tostar": 170.0, "CHN_mopost": 62.0, "DEU_frankf": 124.0, "DZA_alnaha": 223.0, "EGY_alwafd": 635.0, "ESP_abc": 105.0, "FRA_lmonde": 287.0, "GBR_indept": 72.0, "IDN_republ": 16.0, "IND_tindia": 82.0, "IRN_hamsha": 62.0, "ITA_repubb": 277.0, "JPN_asahis": 85.0, "KEN_standa": 1424.0, "MEX_inform": 109.0, "NGA_vangua": 505.0, "RUS_isvest": 45.0, "SAU_spa": 56.0, "TUR_sabah": 106.0, "USA_nytime": 155.0, "ZAF_times": 322.0, "mean": 212.79166666666666, "rnk": 90.0, "sd": 299.16666565742196, "min": 16.0, "Q1": 62.0, "Q2": 105.5, "Q3": 236.5, "max": 1424.0, "nbsup0": 24, "nbsup10": 24, "nbsup100": 13 }, "geometry": { "type": "MultiPolygon", "coordinates": [ [ [ [ 5812455.921792567707598, -6370036.193663991056383 ], [ 5833255.082555665634573, -6527510.857194845564663 ], [ 5847552.676533712074161, -6543377.181066968478262 ], [ 5983227.692431712523103, -6433377.720287213101983 ], [ 5979585.249306356534362, -6491997.566720671020448 ], [ 6159177.509369948878884, -6508814.938385846093297 ], [ 6260399.809519675560296, -6477434.57794101908803 ], [ 6666004.44479507394135, -6220668.971241072751582 ], [ 6773548.321523701772094, -6103390.92994808871299 ], [ 6725566.740011520683765, -6399319.770573414862156 ], [ 6681600.554868379607797, -6695252.700880002230406 ], [ 6563735.655593738891184, -6804316.882291367277503 ], [ 6384073.812950676307082, -7118910.251265745609999 ], [ 6221326.396808218210936, -7216703.285513550043106 ], [ 6134844.093670619651675, -7350620.222287435084581 ], [ 6127249.542692873626947, -7423354.113167394883931 ], [ 5925332.911810740828514, -7556343.586485489271581 ], [ 5703690.145366655662656, -7612061.838450267910957 ], [ 5568158.316625745035708, -7686222.948212595656514 ], [ 5508531.065173462964594, -7635207.317750120535493 ], [ 5393510.924329937435687, -7674570.363918866030872 ], [ 5280530.234911641106009, -7616530.317130238749087 ], [ 5081863.593405787833035, -7615307.783000235445797 ], [ 4984484.201308559626341, -7660409.63435738813132 ], [ 4964376.188762014731765, -7593858.224334037862718 ], [ 5066957.474980449303985, -7520345.292558069340885 ], [ 5017533.849647428840399, -7419036.649723810143769 ], [ 4994738.335276367142797, -7243783.110279767774045 ], [ 5041246.228059954941273, -7212857.130630633793771 ], [ 4996210.647077726200223, -7122560.782992651686072 ], [ 5014871.531296738423407, -7000341.678098366595805 ], [ 5065796.158612663857639, -6947085.908715093508363 ], [ 5014180.427611995488405, -6769755.087781221605837 ], [ 5091399.329021629877388, -6684923.547476426698267 ], [ 5145969.162264785729349, -6690634.393548807129264 ], [ 5132172.546759855002165, -6594592.447005454450846 ], [ 5225361.709180675446987, -6586426.927614326588809 ], [ 5284230.941707674413919, -6507934.379015658982098 ], [ 5519810.807381631806493, -6387276.810492794029415 ], [ 5812455.921792567707598, -6370036.193663991056383 ] ] ] ] } },
{ "type": "Feature", "properties": { "ISO3": "FIN", "ISO2": "FI", "ISONUM": 246, "NAMEen": "Finland", "NAMEfr": "Finlande", "NAMEde": "Finnland", "REGION_BLOC": "EU", "REGION_UN": "Europe", "SUBREGION_UN": "Northern Europe", "LAST_DEV": "FALSE", "AREA_2021": 338470.0, "FOREST_AREA_2021": 224090.0, "POP_2023": 5584264, "LIFE_EXP_2022": 81.187804878048794, "FERT_2022": 1.32, "HIV_2022": null, "CO2_POP_2020": 6.5701451277257501, "GNI_POP_2023": 64940, "INC_20P_2021": 9.3, "GDP_INDS_2023": 24.532733003151701, "HIG_TEC_EXP_2022": 8.13242120783773, "MIL_EXP_2022": 1.7216829026165299, "JamesBond": 0, "ARG_nacion": 149.0, "AUS_sydmor": 164.0, "BRA_oglobo": 104.0, "CAN_tostar": 352.0, "CHN_mopost": 102.0, "DEU_frankf": 274.0, "DZA_alnaha": 88.0, "EGY_alwafd": 107.0, "ESP_abc": 310.0, "FRA_lmonde": 278.0, "GBR_indept": 228.0, "IDN_republ": 101.0, "IND_tindia": 131.0, "IRN_hamsha": 1432.0, "ITA_repubb": 251.0, "JPN_asahis": 64.0, "KEN_standa": 181.0, "MEX_inform": 169.0, "NGA_vangua": 126.0, "RUS_isvest": 580.0, "SAU_spa": 85.0, "TUR_sabah": 122.0, "USA_nytime": 208.0, "ZAF_times": 104.0, "mean": 237.91666666666666, "rnk": 84.0, "sd": 278.99071461355072, "min": 64.0, "Q1": 104.0, "Q2": 156.5, "Q3": 256.75, "max": 1432.0, "nbsup0": 24, "nbsup10": 24, "nbsup100": 21 }, "geometry": { "type": "MultiPolygon", "coordinates": [ [ [ [ 1133539.804301972733811, -2048830.98842808464542 ], [ 1167191.540140805067495, -2135124.016956659965217 ], [ 1245915.443248438183218, -2157170.302297488320619 ], [ 1257103.749088968150318, -2259575.620077826082706 ], [ 1329512.05944581492804, -2312076.52422677911818 ], [ 1378376.852768964599818, -2427551.236723661888391 ], [ 1463032.176527402130887, -2477949.282560992985964 ], [ 1464610.606664394028485, -2538745.889139406383038 ], [ 1583197.971273073460907, -2576521.273378434125334 ], [ 1565730.735055715078488, -2801182.772369804326445 ], [ 1533073.763999432325363, -2906765.03683699015528 ], [ 1324814.459766400046647, -3084022.380562567617744 ], [ 1194180.410268176812679, -3050378.0614291918464 ], [ 1096807.588516554562375, -2823829.791919751558453 ], [ 1155698.551561465719715, -2674142.341910415329039 ], [ 1171765.742458854336292, -2473098.251656215637922 ], [ 1104754.120995138771832, -2462430.010516355745494 ], [ 984556.326585252769291, -2264448.321412640158087 ], [ 824365.838293602224439, -2190500.346773216500878 ], [ 857090.607784326537512, -2167137.65703164273873 ], [ 1006159.827989210258238, -2171460.643490292597562 ], [ 994847.213553470093757, -2036852.680544776609167 ], [ 1041097.372801402234472, -1966515.340906707802787 ], [ 1123579.228061079978943, -1998552.339098260970786 ], [ 1133539.804301972733811, -2048830.98842808464542 ] ] ] ] } },
{ "type": "Feature", "properties": { "ISO3": "FJI", "ISO2": "FJ", "ISONUM": 242, "NAMEen": "Fiji", "NAMEfr": "Fidji", "NAMEde": "Fidschi", "REGION_BLOC": null, "REGION_UN": "Oceania", "SUBREGION_UN": "Melanesia", "LAST_DEV": "FALSE", "AREA_2021": 18270.0, "FOREST_AREA_2021": 11467.0, "POP_2023": 936375, "LIFE_EXP_2022": 68.312, "FERT_2022": 2.462, "HIV_2022": 0.3, "CO2_POP_2020": 1.11709628844161, "GNI_POP_2023": 14000, "INC_20P_2021": 8.4, "GDP_INDS_2023": 16.081144927387601, "HIG_TEC_EXP_2022": 2.2395142452292802, "MIL_EXP_2022": 1.3958131977542501, "JamesBond": 0, "ARG_nacion": 73.0, "AUS_sydmor": 420.0, "BRA_oglobo": 25.0, "CAN_tostar": 42.0, "CHN_mopost": 161.0, "DEU_frankf": 0.0, "DZA_alnaha": 11.0, "EGY_alwafd": 11.0, "ESP_abc": 19.0, "FRA_lmonde": 47.0, "GBR_indept": 78.0, "IDN_republ": 41.0, "IND_tindia": 40.0, "IRN_hamsha": 11.0, "ITA_repubb": 2.0, "JPN_asahis": 68.0, "KEN_standa": 60.0, "MEX_inform": 38.0, "NGA_vangua": 4.0, "RUS_isvest": 14.0, "SAU_spa": 46.0, "TUR_sabah": 24.0, "USA_nytime": 39.0, "ZAF_times": 111.0, "mean": 57.708333333333336, "rnk": 139.0, "sd": 85.67607304699267, "min": 0.0, "Q1": 13.25, "Q2": 39.5, "Q3": 62.0, "max": 420.0, "nbsup0": 23, "nbsup10": 21, "nbsup100": 3 }, "geometry": { "type": "MultiPolygon", "coordinates": [ [ [ [ 2284.68266340760465, 11790840.674780050292611 ], [ 856.141661916125031, 11850283.720321450382471 ], [ 235783.746180118381744, 11886432.724856719374657 ], [ 288943.199829493765719, 11841398.039788220077753 ], [ 2284.68266340760465, 11790840.674780050292611 ] ] ], [ [ [ 359331.586106272647157, 11915783.519460493698716 ], [ 272614.976225797377992, 11957118.223303835839033 ], [ 258770.53915770383901, 12007626.782949989661574 ], [ 339039.041974556457717, 12033378.761360842734575 ], [ 470497.473952516447753, 12024907.362360620871186 ], [ 570373.581599859870039, 11989482.041679760441184 ], [ 578033.954751624492928, 11936914.048434080556035 ], [ 503932.293665048491675, 11905143.065137352794409 ], [ 359331.586106272647157, 11915783.519460493698716 ] ] ] ] } },
{ "type": "Feature", "properties": { "ISO3": "FLK", "ISO2": "FK", "ISONUM": 238, "NAMEen": "Falkland Islands", "NAMEfr": "Îles Malouines", "NAMEde": "Falkland Inseln", "REGION_BLOC": null, "REGION_UN": "Americas", "SUBREGION_UN": "Latin America and the Caribbean", "LAST_DEV": "FALSE", "AREA_2021": null, "FOREST_AREA_2021": null, "POP_2023": null, "LIFE_EXP_2022": null, "FERT_2022": null, "HIV_2022": null, "CO2_POP_2020": null, "GNI_POP_2023": null, "INC_20P_2021": null, "GDP_INDS_2023": null, "HIG_TEC_EXP_2022": null, "MIL_EXP_2022": null, "JamesBond": 0, "ARG_nacion": 160.0, "AUS_sydmor": 2.0, "BRA_oglobo": 0.0, "CAN_tostar": 0.0, "CHN_mopost": 0.0, "DEU_frankf": 1.0, "DZA_alnaha": 0.0, "EGY_alwafd": 3.0, "ESP_abc": 13.0, "FRA_lmonde": 0.0, "GBR_indept": 11.0, "IDN_republ": 1.0, "IND_tindia": 0.0, "IRN_hamsha": 0.0, "ITA_repubb": 9.0, "JPN_asahis": 0.0, "KEN_standa": 0.0, "MEX_inform": 5.0, "NGA_vangua": 0.0, "RUS_isvest": 1.0, "SAU_spa": 3.0, "TUR_sabah": 3.0, "USA_nytime": 1.0, "ZAF_times": 5.0, "mean": 9.0833333333333339, "rnk": 192.0, "sd": 32.35390799144426, "min": 0.0, "Q1": 0.0, "Q2": 1.0, "Q3": 3.5, "max": 160.0, "nbsup0": 14, "nbsup10": 3, "nbsup100": 1 }, "geometry": { "type": "MultiPolygon", "coordinates": [ [ [ [ -13476493.711061287671328, -8033508.717313012108207 ], [ -13772311.415051870048046, -7731862.53449041210115 ], [ -13593349.604479465633631, -7769780.778687734156847 ], [ -13476493.711061287671328, -8033508.717313012108207 ] ] ], [ [ [ -13417950.833511169999838, -8131787.914983319118619 ], [ -13237874.719833677634597, -8437021.300361044704914 ], [ -13329803.279096890240908, -8383975.372763960622251 ], [ -13553570.817037744447589, -8098937.041644216515124 ], [ -13676977.833155062049627, -7890289.069577790796757 ], [ -13417950.833511169999838, -8131787.914983319118619 ] ] ] ] } },
{ "type": "Feature", "properties": { "ISO3": "FRA", "ISO2": "FR", "ISONUM": 250, "NAMEen": "France", "NAMEfr": "France", "NAMEde": "Frankreich", "REGION_BLOC": "EU", "REGION_UN": "Europe", "SUBREGION_UN": "Western Europe", "LAST_DEV": "FALSE", "AREA_2021": 549086.87, "FOREST_AREA_2021": 173364.0, "POP_2023": 68170228, "LIFE_EXP_2022": 82.229268292682903, "FERT_2022": 1.794, "HIV_2022": 0.3, "CO2_POP_2020": 3.9536824518799101, "GNI_POP_2023": 62130, "INC_20P_2021": 7.7, "GDP_INDS_2023": 18.650850843708799, "HIG_TEC_EXP_2022": 20.756359984613798, "MIL_EXP_2022": 1.9387234180687101, "JamesBond": 7, "ARG_nacion": 4430.0, "AUS_sydmor": 1802.0, "BRA_oglobo": 3533.0, "CAN_tostar": 1994.0, "CHN_mopost": 1518.0, "DEU_frankf": 5265.0, "DZA_alnaha": 6347.0, "EGY_alwafd": 2716.0, "ESP_abc": 7077.0, "FRA_lmonde": null, "GBR_indept": 3298.0, "IDN_republ": 170.0, "IND_tindia": 1302.0, "IRN_hamsha": 3465.0, "ITA_repubb": 5097.0, "JPN_asahis": 925.0, "KEN_standa": 1391.0, "MEX_inform": 3541.0, "NGA_vangua": 2069.0, "RUS_isvest": 3327.0, "SAU_spa": 812.0, "TUR_sabah": 3552.0, "USA_nytime": 2738.0, "ZAF_times": 2024.0, "mean": 2973.608695652174, "rnk": 5.0, "sd": 1781.986117156677, "min": 170.0, "Q1": 1660.0, "Q2": 2738.0, "Q3": 3546.5, "max": 7077.0, "nbsup0": 23, "nbsup10": 23, "nbsup100": 23 }, "geometry": { "type": "MultiPolygon", "coordinates": [ [ [ [ -7497044.446977418847382, -5924375.481863379478455 ], [ -7749602.784150769934058, -5901967.800755788572133 ], [ -7916443.734051025472581, -5723202.288124279119074 ], [ -7944713.942838599905372, -5642823.593919054605067 ], [ -7782947.829826339147985, -5654013.816145466640592 ], [ -7698778.790207715705037, -5495110.842734719626606 ], [ -7629771.207056601531804, -5508643.4500219989568 ], [ -7572496.624931653961539, -5512986.270538255572319 ], [ -7505420.574568670243025, -5656853.186541560105979 ], [ -7475901.92978067137301, -5841586.490405299700797 ], [ -7497044.446977418847382, -5924375.481863379478455 ] ] ], [ [ [ 863355.984393429476768, -5193291.920803807675838 ], [ 879000.543813809636049, -5276836.50274467561394 ], [ 881916.174376179580577, -5341149.590650968253613 ], [ 862800.933418645174243, -5346483.684428829699755 ], [ 834034.713500083656982, -5332593.29111108276993 ], [ 799820.536046986817382, -5261816.714538113214076 ], [ 804606.934560112189502, -5228731.928171329200268 ], [ 840905.316085922298953, -5212852.924422143958509 ], [ 839395.074873291654512, -5192458.244176086038351 ], [ 863355.984393429476768, -5193291.920803807675838 ] ] ], [ [ [ 455289.874718595587183, -4489505.089259601198137 ], [ 499739.11021426942898, -4493996.389321897178888 ], [ 652829.097452202113345, -4530149.144451031461358 ], [ 624392.846668013837188, -4688327.189866318367422 ], [ 516958.675272888736799, -4811984.725803430192173 ], [ 528331.449061111896299, -4844397.729685339145362 ], [ 574379.1422708024038, -4825999.395086749456823 ], [ 600768.599834184278734, -4877326.419697194360197 ], [ 575557.519617457990535, -4972324.521367392502725 ], [ 672574.438057840219699, -5107133.22159400396049 ], [ 667497.578400138765574, -5113274.283004362136126 ], [ 664781.761846297187731, -5106279.560197187587619 ], [ 654239.39115306653548, -5108072.200991620309651 ], [ 645203.981553262216039, -5116105.822277702391148 ], [ 648781.449190893094055, -5125627.391037226654589 ], [ 534099.945585248526186, -5206944.852877117693424 ], [ 355869.650012424739543, -5167843.448925309814513 ], [ 283971.147398740460631, -5219716.730024357326329 ], [ 294229.565037738648243, -5294231.005029423162341 ], [ 159055.907825420465088, -5295775.841770435683429 ], [ 143749.247295315959491, -5275418.103689382784069 ], [ 118879.150928550036042, -5288484.440799656324089 ], [ -3583.925160316513939, -5274221.47635537199676 ], [ -162684.521654695039615, -5193813.655150078237057 ], [ -102535.623626038024668, -5040570.073562555015087 ], [ -94541.893537809024565, -4876149.766026551835239 ], [ -166510.816269040078623, -4786007.275476958602667 ], [ -304372.453785893681925, -4675228.538964197970927 ], [ -385296.169270189944655, -4612847.083749467507005 ], [ -384711.094916900037788, -4569247.777677572332323 ], [ -247358.1334482516977, -4579977.622329968027771 ], [ -216535.851926841161912, -4621867.994841067120433 ], [ -110406.549568364120205, -4608760.438582556322217 ], [ -147150.177219835313736, -4502721.481448752805591 ], [ -91122.742952406988479, -4496908.163642483763397 ], [ -17395.003331061652716, -4541154.535664392635226 ], [ 120429.177255761343986, -4435266.887377567589283 ], [ 120384.34235969184374, -4362814.902260573580861 ], [ 190964.052212777343811, -4335937.964021486230195 ], [ 322240.267728917417116, -4452306.594833020120859 ], [ 455289.874718595587183, -4489505.089259601198137 ] ] ], [ [ [ -7240497.34438369050622, -3866470.94606402842328 ], [ -7213731.891467816196382, -3878965.717020914889872 ], [ -7209638.85725561529398, -3918982.952741156797856 ], [ -7175939.483573134057224, -3927537.58311772858724 ], [ -7191840.111368265002966, -3955924.532618202734739 ], [ -7214817.040017964318395, -3963447.447239986155182 ], [ -7229979.245537899434566, -3916924.620499016251415 ], [ -7253444.774168737232685, -3901386.971699816174805 ], [ -7240497.34438369050622, -3866470.94606402842328 ] ] ], [ [ [ -7315840.666083321906626, -4121611.187758482061327 ], [ -7337509.595224962569773, -4114699.019409299362451 ], [ -7352306.381512360647321, -4075987.608344016596675 ], [ -7347318.192300245165825, -4054876.560936196241528 ], [ -7331569.435070177540183, -4037635.374016347341239 ], [ -7312271.990105465054512, -4050792.476990662049502 ], [ -7307815.384113471023738, -4091585.930598346050829 ], [ -7315840.666083321906626, -4121611.187758482061327 ] ] ], [ [ [ 10148573.706792933866382, -6910885.924244055524468 ], [ 10188241.221706047654152, -6862231.511890314519405 ], [ 10220096.596230588853359, -6847247.990009575150907 ], [ 10231262.544680416584015, -6866293.843735048547387 ], [ 10185759.425824791193008, -6928565.756293281912804 ], [ 10152662.157303091138601, -6953545.000217513181269 ], [ 10132641.330215774476528, -6949283.967057141475379 ], [ 10148573.706792933866382, -6910885.924244055524468 ] ] ] ] } },
{ "type": "Feature", "properties": { "ISO3": "FRO", "ISO2": "FO", "ISONUM": 234, "NAMEen": "Faroe Islands", "NAMEfr": "Îles Féroé", "NAMEde": "Färöer", "REGION_BLOC": null, "REGION_UN": "Europe", "SUBREGION_UN": "Northern Europe", "LAST_DEV": "FALSE", "AREA_2021": 12960.0, "FOREST_AREA_2021": 0.8, "POP_2023": 53270, "LIFE_EXP_2022": 83.3, "FERT_2022": 2.0497, "HIV_2022": null, "CO2_POP_2020": null, "GNI_POP_2023": 78740, "INC_20P_2021": null, "GDP_INDS_2023": 18.076248991546901, "HIG_TEC_EXP_2022": 0.63798756364952902, "MIL_EXP_2022": null, "JamesBond": 0, "ARG_nacion": 0.0, "AUS_sydmor": 0.0, "BRA_oglobo": 3.0, "CAN_tostar": 0.0, "CHN_mopost": 0.0, "DEU_frankf": 45.0, "DZA_alnaha": 0.0, "EGY_alwafd": 0.0, "ESP_abc": 3.0, "FRA_lmonde": 18.0, "GBR_indept": 0.0, "IDN_republ": 0.0, "IND_tindia": 1.0, "IRN_hamsha": 3.0, "ITA_repubb": 4.0, "JPN_asahis": 0.0, "KEN_standa": 0.0, "MEX_inform": 0.0, "NGA_vangua": 0.0, "RUS_isvest": 6.0, "SAU_spa": 0.0, "TUR_sabah": 0.0, "USA_nytime": 0.0, "ZAF_times": 0.0, "mean": 3.4583333333333335, "rnk": 197.5, "sd": 9.6503172584327928, "min": 0.0, "Q1": 0.0, "Q2": 0.0, "Q3": 3.0, "max": 45.0, "nbsup0": 8, "nbsup10": 2, "nbsup100": 0 }, "geometry": { "type": "MultiPolygon", "coordinates": [ [ [ [ -401237.046481580648106, -3083615.497425706125796 ], [ -351584.863330384483561, -3041285.221290647052228 ], [ -342519.320740001334343, -3074295.073933364357799 ], [ -376616.279616137326229, -3167299.44243519147858 ], [ -401237.046481580648106, -3083615.497425706125796 ] ] ] ] } },
{ "type": "Feature", "properties": { "ISO3": "FSM", "ISO2": "FM", "ISONUM": 583, "NAMEen": "Micronesia (Federated States of)", "NAMEfr": "Micronésie (États fédérés de)", "NAMEde": "Mikronesien", "REGION_BLOC": null, "REGION_UN": "Oceania", "SUBREGION_UN": "Micronesia", "LAST_DEV": "FALSE", "AREA_2021": 700.0, "FOREST_AREA_2021": 644.5, "POP_2023": 115224, "LIFE_EXP_2022": 70.925, "FERT_2022": 2.669, "HIV_2022": null, "CO2_POP_2020": 0.95891388507305597, "GNI_POP_2023": 4620, "INC_20P_2021": 5.5, "GDP_INDS_2023": 4.8547391304347798, "HIG_TEC_EXP_2022": null, "MIL_EXP_2022": null, "JamesBond": 0, "ARG_nacion": 0.0, "AUS_sydmor": 2.0, "BRA_oglobo": 0.0, "CAN_tostar": 4.0, "CHN_mopost": 3.0, "DEU_frankf": 6.0, "DZA_alnaha": 0.0, "EGY_alwafd": 1.0, "ESP_abc": 6.0, "FRA_lmonde": 0.0, "GBR_indept": 0.0, "IDN_republ": 3.0, "IND_tindia": 0.0, "IRN_hamsha": 2.0, "ITA_repubb": 4.0, "JPN_asahis": 4.0, "KEN_standa": 0.0, "MEX_inform": 1.0, "NGA_vangua": 0.0, "RUS_isvest": 0.0, "SAU_spa": 0.0, "TUR_sabah": 0.0, "USA_nytime": 0.0, "ZAF_times": 0.0, "mean": 1.5, "rnk": 203.0, "sd": 2.0216222500108993, "min": 0.0, "Q1": 0.0, "Q2": 0.0, "Q3": 3.0, "max": 6.0, "nbsup0": 11, "nbsup10": 0, "nbsup100": 0 }, "geometry": { "type": "MultiPolygon", "coordinates": [ [ [ [ 3448249.643342846538872, 8561673.285746755078435 ], [ 3421089.161310312338173, 8553423.660254681482911 ], [ 3378430.538859779946506, 8569222.670635176822543 ], [ 3378501.587369604036212, 8589642.164278214797378 ], [ 3401401.929475171957165, 8605378.136274855583906 ], [ 3443799.803211349528283, 8594249.004673084244132 ], [ 3462031.791520815342665, 8573229.201344171538949 ], [ 3448249.643342846538872, 8561673.285746755078435 ] ] ] ] } },
{ "type": "Feature", "properties": { "ISO3": "GAB", "ISO2": "GA", "ISONUM": 266, "NAMEen": "Gabon", "NAMEfr": "Gabon", "NAMEde": "Gabun", "REGION_BLOC": "CEMAC", "REGION_UN": "Africa", "SUBREGION_UN": "Sub-Saharan Africa", "LAST_DEV": "FALSE", "AREA_2021": 267670.0, "FOREST_AREA_2021": 235187.2, "POP_2023": 2436566, "LIFE_EXP_2022": 65.694, "FERT_2022": 3.46, "HIV_2022": 2.9, "CO2_POP_2020": 2.3332735751489699, "GNI_POP_2023": 19710, "INC_20P_2021": 6.0, "GDP_INDS_2023": 52.901562102684998, "HIG_TEC_EXP_2022": 1.4833258963357101, "MIL_EXP_2022": 1.25778433704406, "JamesBond": 0, "ARG_nacion": 8.0, "AUS_sydmor": 3.0, "BRA_oglobo": 14.0, "CAN_tostar": 9.0, "CHN_mopost": 12.0, "DEU_frankf": 29.0, "DZA_alnaha": 196.0, "EGY_alwafd": 3.0, "ESP_abc": 20.0, "FRA_lmonde": 223.0, "GBR_indept": 61.0, "IDN_republ": 30.0, "IND_tindia": 6.0, "IRN_hamsha": 14.0, "ITA_repubb": 19.0, "JPN_asahis": 4.0, "KEN_standa": 154.0, "MEX_inform": 6.0, "NGA_vangua": 326.0, "RUS_isvest": 2.0, "SAU_spa": 39.0, "TUR_sabah": 43.0, "USA_nytime": 30.0, "ZAF_times": 216.0, "mean": 61.125, "rnk": 138.0, "sd": 90.025751146909172, "min": 2.0, "Q1": 7.5, "Q2": 19.5, "Q3": 47.5, "max": 326.0, "nbsup0": 24, "nbsup10": 16, "nbsup100": 5 }, "geometry": { "type": "MultiPolygon", "coordinates": [ [ [ [ 2245076.443662577774376, -9501365.221685221418738 ], [ 2261528.320098558440804, -9604194.925774864852428 ], [ 2413412.39673282392323, -9549017.892197847366333 ], [ 2473669.69358286447823, -9586995.696841418743134 ], [ 2396527.001185211818665, -9734004.78769420646131 ], [ 2521587.719797602389008, -9750964.984584026038647 ], [ 2540829.714454292319715, -9850807.822539515793324 ], [ 2491393.674144894815981, -9947805.470452314242721 ], [ 2397573.920651021879166, -9957103.110131507739425 ], [ 2302899.646618098020554, -10001939.719619588926435 ], [ 2118508.513062815647572, -10052355.036436339840293 ], [ 2145618.608711978886276, -10142759.17796291783452 ], [ 2011912.593930878210813, -10241541.908750740811229 ], [ 1771398.758331472054124, -10147108.433934884145856 ], [ 1592376.895269441185519, -10019868.680090261623263 ], [ 1607891.774768855189905, -9801722.623769866302609 ], [ 1684383.372696258127689, -9747106.03491117618978 ], [ 1944349.980039891554043, -9698502.590494809672236 ], [ 1916610.556502124527469, -9572500.208674889057875 ], [ 2245076.443662577774376, -9501365.221685221418738 ] ] ] ] } },
{ "type": "Feature", "properties": { "ISO3": "GBR", "ISO2": "GB", "ISONUM": 826, "NAMEen": "United Kingdom", "NAMEfr": "Royaume-Uni", "NAMEde": "Vereinigtes Königreich", "REGION_BLOC": null, "REGION_UN": "Europe", "SUBREGION_UN": "Northern Europe", "LAST_DEV": "FALSE", "AREA_2021": 243610.0, "FOREST_AREA_2021": 31986.667, "POP_2023": 68350000, "LIFE_EXP_2022": 82.0585365853659, "FERT_2022": 1.57, "HIV_2022": null, "CO2_POP_2020": 4.6011422509013498, "GNI_POP_2023": 58140, "INC_20P_2021": 7.6, "GDP_INDS_2023": 16.934220407519199, "HIG_TEC_EXP_2022": 26.523158756390298, "MIL_EXP_2022": 2.2271839786605101, "JamesBond": 24, "ARG_nacion": 2546.0, "AUS_sydmor": 6801.0, "BRA_oglobo": 2409.0, "CAN_tostar": 5727.0, "CHN_mopost": 6679.0, "DEU_frankf": 3702.0, "DZA_alnaha": 2470.0, "EGY_alwafd": 4105.0, "ESP_abc": 4846.0, "FRA_lmonde": 2654.0, "GBR_indept": null, "IDN_republ": 6538.0, "IND_tindia": 7439.0, "IRN_hamsha": 2087.0, "ITA_repubb": 2319.0, "JPN_asahis": 1408.0, "KEN_standa": 6270.0, "MEX_inform": 2214.0, "NGA_vangua": 7420.0, "RUS_isvest": 4105.0, "SAU_spa": 8591.0, "TUR_sabah": 2437.0, "USA_nytime": 6592.0, "ZAF_times": 6740.0, "mean": 4613.0, "rnk": 3.0, "sd": 2218.1527531627835, "min": 1408.0, "Q1": 2453.5, "Q2": 4105.0, "Q3": 6635.5, "max": 8591.0, "nbsup0": 23, "nbsup10": 23, "nbsup100": 23 }, "geometry": { "type": "MultiPolygon", "coordinates": [ [ [ [ -437410.007759023457766, -3981192.992549777030945 ], [ -542499.84210914443247, -3921075.896516261156648 ], [ -491604.036580422543921, -3865886.228713728487492 ], [ -412486.706356480717659, -3859109.147396443411708 ], [ -380414.809837867680471, -3924473.002063174266368 ], [ -437410.007759023457766, -3981192.992549777030945 ] ] ], [ [ [ -204281.071234647824895, -3492086.141985419206321 ], [ -254354.865631750173634, -3567970.017852118704468 ], [ -111425.663424624304753, -3627601.354805513750762 ], [ -209965.300029723031912, -3781109.460550953634083 ], [ -109274.270993809492211, -3838040.507576964329928 ], [ 23705.063946960679459, -4117651.54033019579947 ], [ 129335.433691218247986, -4182555.105380263179541 ], [ 72610.226183336984832, -4257517.752670203335583 ], [ 102682.532871935458388, -4334089.207175853662193 ], [ 20707.603024875563278, -4377933.750274352729321 ], [ -77800.149396735389018, -4366579.884271151386201 ], [ -268228.557480442104861, -4391961.034004718996584 ], [ -282062.275151724403258, -4427001.680916916579008 ], [ -420723.748501553491224, -4419523.493031041696668 ], [ -265785.476241037307773, -4297334.071535837836564 ], [ -391560.483107724634465, -4229779.081874590367079 ], [ -307943.131176840863191, -4196262.317791509442031 ], [ -296958.582627444178797, -4091197.870711024850607 ], [ -226998.041579450160498, -4079048.322123003192246 ], [ -195221.19707112130709, -3997351.102832758799195 ], [ -351827.608090455876663, -3887881.014169207774103 ], [ -309921.960672988963779, -3837066.222895082086325 ], [ -364994.868540553725325, -3767952.050560890231282 ], [ -397635.20747682696674, -3670401.648405340034515 ], [ -363055.209961261134595, -3569649.522231971845031 ], [ -304387.095277660526335, -3487440.094174182508141 ], [ -204281.071234647824895, -3492086.141985419206321 ] ] ] ] } },
{ "type": "Feature", "properties": { "ISO3": "GEO", "ISO2": "GE", "ISONUM": 268, "NAMEen": "Georgia", "NAMEfr": "Géorgie", "NAMEde": "Georgien", "REGION_BLOC": null, "REGION_UN": "Asia", "SUBREGION_UN": "Western Asia", "LAST_DEV": "FALSE", "AREA_2021": 69700.0, "FOREST_AREA_2021": 28224.0, "POP_2023": 3760365, "LIFE_EXP_2022": 71.587, "FERT_2022": 2.063, "HIV_2022": 0.3, "CO2_POP_2020": 2.7547091961890202, "GNI_POP_2023": 23040, "INC_20P_2021": 7.0, "GDP_INDS_2023": 19.001922588041801, "HIG_TEC_EXP_2022": 3.11219102989355, "MIL_EXP_2022": 1.43098609970017, "JamesBond": 0, "ARG_nacion": 0.0, "AUS_sydmor": 240.0, "BRA_oglobo": 0.0, "CAN_tostar": 644.0, "CHN_mopost": 59.0, "DEU_frankf": 156.0, "DZA_alnaha": 40.0, "EGY_alwafd": 142.0, "ESP_abc": 0.0, "FRA_lmonde": 18.0, "GBR_indept": 391.0, "IDN_republ": 0.0, "IND_tindia": 146.0, "IRN_hamsha": 163.0, "ITA_repubb": 0.0, "JPN_asahis": 9.0, "KEN_standa": 69.0, "MEX_inform": 0.0, "NGA_vangua": 67.0, "RUS_isvest": 1173.0, "SAU_spa": 86.0, "TUR_sabah": 213.0, "USA_nytime": 1168.0, "ZAF_times": 142.0, "mean": 205.25, "rnk": 94.0, "sd": 331.94803810235118, "min": 0.0, "Q1": 6.75, "Q2": 77.5, "Q3": 175.5, "max": 1173.0, "nbsup0": 18, "nbsup10": 17, "nbsup100": 11 }, "geometry": { "type": "MultiPolygon", "coordinates": [ [ [ [ 3885363.266361096873879, -3695988.955556094646454 ], [ 3957731.281020639464259, -3756169.624803084414452 ], [ 3839139.505347599741071, -3838817.899324033409357 ], [ 3747114.335269776172936, -3956865.898037150502205 ], [ 3668885.9602738940157, -3959270.318472258280963 ], [ 3582452.695529390592128, -4046270.664879615884274 ], [ 3498098.896835709456354, -3953857.438081401400268 ], [ 3338969.657770598307252, -3981207.614351111464202 ], [ 3374160.560171748977154, -3929489.166576224844903 ], [ 3517218.315565136261284, -3848759.548958913888782 ], [ 3670036.863431131467223, -3808444.015137605834752 ], [ 3714446.128288818523288, -3732726.28042724262923 ], [ 3885363.266361096873879, -3695988.955556094646454 ] ] ] ] } },
{ "type": "Feature", "properties": { "ISO3": "GGY", "ISO2": "GG", "ISONUM": 831, "NAMEen": "Guernsey", "NAMEfr": "Guernesey", "NAMEde": "Guernsey", "REGION_BLOC": null, "REGION_UN": "Europe", "SUBREGION_UN": "Northern Europe", "LAST_DEV": "FALSE", "AREA_2021": null, "FOREST_AREA_2021": null, "POP_2023": null, "LIFE_EXP_2022": null, "FERT_2022": null, "HIV_2022": null, "CO2_POP_2020": null, "GNI_POP_2023": null, "INC_20P_2021": null, "GDP_INDS_2023": null, "HIG_TEC_EXP_2022": null, "MIL_EXP_2022": null, "JamesBond": 0, "ARG_nacion": 16.0, "AUS_sydmor": 29.0, "BRA_oglobo": 3.0, "CAN_tostar": 3.0, "CHN_mopost": 2.0, "DEU_frankf": 0.0, "DZA_alnaha": 0.0, "EGY_alwafd": 0.0, "ESP_abc": 6.0, "FRA_lmonde": 9.0, "GBR_indept": 14.0, "IDN_republ": 0.0, "IND_tindia": 3.0, "IRN_hamsha": 0.0, "ITA_repubb": 4.0, "JPN_asahis": 0.0, "KEN_standa": 8.0, "MEX_inform": 0.0, "NGA_vangua": 2.0, "RUS_isvest": 0.0, "SAU_spa": 0.0, "TUR_sabah": 0.0, "USA_nytime": 3.0, "ZAF_times": 2.0, "mean": 4.333333333333333, "rnk": 195.0, "sd": 6.8757081321737745, "min": 0.0, "Q1": 0.0, "Q2": 2.0, "Q3": 4.5, "max": 29.0, "nbsup0": 14, "nbsup10": 3, "nbsup100": 0 }, "geometry": { "type": "MultiPolygon", "coordinates": [ [ [ [ -198348.727227462310111, -4521840.539454763755202 ], [ -217579.204156760708429, -4519773.343953895382583 ], [ -209473.854022579471348, -4513212.572306926362216 ], [ -195663.290025407157373, -4508097.640493834391236 ], [ -198348.727227462310111, -4521840.539454763755202 ] ] ] ] } },
{ "type": "Feature", "properties": { "ISO3": "GHA", "ISO2": "GH", "ISONUM": 288, "NAMEen": "Ghana", "NAMEfr": "Ghana", "NAMEde": "Ghana", "REGION_BLOC": "CEDEAO", "REGION_UN": "Africa", "SUBREGION_UN": "Sub-Saharan Africa", "LAST_DEV": "FALSE", "AREA_2021": 238530.0, "FOREST_AREA_2021": 79929.333, "POP_2023": 34121985, "LIFE_EXP_2022": 63.945, "FERT_2022": 3.507, "HIV_2022": 1.7, "CO2_POP_2020": 0.602887453142675, "GNI_POP_2023": 7370, "INC_20P_2021": 4.7, "GDP_INDS_2023": 29.4595520645092, "HIG_TEC_EXP_2022": 1.1377874020523899, "MIL_EXP_2022": 0.35007061763267999, "JamesBond": 0, "ARG_nacion": 38.0, "AUS_sydmor": 12.0, "BRA_oglobo": 55.0, "CAN_tostar": 72.0, "CHN_mopost": 37.0, "DEU_frankf": 88.0, "DZA_alnaha": 284.0, "EGY_alwafd": 350.0, "ESP_abc": 78.0, "FRA_lmonde": 137.0, "GBR_indept": 63.0, "IDN_republ": 144.0, "IND_tindia": 30.0, "IRN_hamsha": 18.0, "ITA_repubb": 84.0, "JPN_asahis": 115.0, "KEN_standa": 561.0, "MEX_inform": 48.0, "NGA_vangua": 1819.0, "RUS_isvest": 244.0, "SAU_spa": 157.0, "TUR_sabah": 78.0, "USA_nytime": 79.0, "ZAF_times": 397.0, "mean": 207.83333333333334, "rnk": 92.0, "sd": 369.27433735893976, "min": 12.0, "Q1": 53.25, "Q2": 81.5, "Q3": 178.75, "max": 1819.0, "nbsup0": 24, "nbsup10": 24, "nbsup100": 10 }, "geometry": { "type": "MultiPolygon", "coordinates": [ [ [ [ -25427.1761170245627, -8770531.969817938283086 ], [ 61360.633523317213985, -8864571.534528575837612 ], [ 35930.359856609364215, -8942963.763134736567736 ], [ 103585.39071737685299, -9191537.798628829419613 ], [ 83800.110245124276844, -9246079.518897421658039 ], [ 192960.839202396891778, -9325386.697376249358058 ], [ -345754.892557151906658, -9471840.739738935604692 ], [ -513676.025817289482802, -9424992.481233159080148 ], [ -512867.486573324189521, -9423211.464004507288337 ], [ -467965.2653114447603, -9420975.277863191440701 ], [ -527576.86148271698039, -9255222.838461203500628 ], [ -397685.57058073929511, -9085470.296538457274437 ], [ -420044.131799612776376, -8942801.791434619575739 ], [ -421695.110366934561171, -8776941.272870253771544 ], [ -106727.071005792313372, -8785511.518238233402371 ], [ -25427.1761170245627, -8770531.969817938283086 ] ] ] ] } },
{ "type": "Feature", "properties": { "ISO3": "GIN", "ISO2": "GN", "ISONUM": 324, "NAMEen": "Guinea", "NAMEfr": "Guinée", "NAMEde": "Guinea", "REGION_BLOC": "CEDEAO", "REGION_UN": "Africa", "SUBREGION_UN": "Sub-Saharan Africa", "LAST_DEV": "TRUE", "AREA_2021": 245860.0, "FOREST_AREA_2021": 61490.0, "POP_2023": 14190612, "LIFE_EXP_2022": 58.985, "FERT_2022": 4.303, "HIV_2022": 1.4, "CO2_POP_2020": 0.34364615086247002, "GNI_POP_2023": 3940, "INC_20P_2021": 8.5, "GDP_INDS_2023": 31.338289964368801, "HIG_TEC_EXP_2022": 0.89997174207862296, "MIL_EXP_2022": 2.0371576186367801, "JamesBond": 0, "ARG_nacion": 0.0, "AUS_sydmor": 76.0, "BRA_oglobo": 9.0, "CAN_tostar": 69.0, "CHN_mopost": 46.0, "DEU_frankf": 30.0, "DZA_alnaha": 53.0, "EGY_alwafd": 21.0, "ESP_abc": 0.0, "FRA_lmonde": 290.0, "GBR_indept": 104.0, "IDN_republ": 65.0, "IND_tindia": 38.0, "IRN_hamsha": 31.0, "ITA_repubb": 96.0, "JPN_asahis": 48.0, "KEN_standa": 265.0, "MEX_inform": 0.0, "NGA_vangua": 425.0, "RUS_isvest": 45.0, "SAU_spa": 99.0, "TUR_sabah": 0.0, "USA_nytime": 65.0, "ZAF_times": 205.0, "mean": 86.666666666666671, "rnk": 129.0, "sd": 106.03718243131046, "min": 0.0, "Q1": 27.75, "Q2": 50.5, "Q3": 96.75, "max": 425.0, "nbsup0": 20, "nbsup10": 19, "nbsup100": 5 }, "geometry": { "type": "MultiPolygon", "coordinates": [ [ [ [ -1704112.907010972499847, -8460281.619354091584682 ], [ -1579914.776409627636895, -8524863.039600556716323 ], [ -1393928.964203219627962, -8525016.32852373085916 ], [ -1340020.214489885605872, -8609055.053007740527391 ], [ -1273745.504653136478737, -8651569.06673039868474 ], [ -1234019.460336210904643, -8792014.201925776898861 ], [ -1226328.986442034831271, -8877071.756476217880845 ], [ -1312169.878421396948397, -9073321.490074947476387 ], [ -1352547.560494291130453, -9065859.095303721725941 ], [ -1460172.232737879035994, -9090345.805563360452652 ], [ -1498385.441100963158533, -8954832.443286124616861 ], [ -1617847.543699459172785, -8918156.449467368423939 ], [ -1739083.065503872465342, -8724920.599144738167524 ], [ -1930077.742212369339541, -8700033.925752505660057 ], [ -2071104.46247818809934, -8760639.790555909276009 ], [ -2096860.773163957288489, -8671151.935029430314898 ], [ -2277895.121299664489925, -8488782.505017153918743 ], [ -2213105.331476310733706, -8443796.785545028746128 ], [ -2066564.072175257373601, -8458180.600270420312881 ], [ -2066494.821073710452765, -8422081.527393482625484 ], [ -2093468.474116365192458, -8393803.840453505516052 ], [ -2052886.472950923023745, -8384288.712213350459933 ], [ -2041023.659390081651509, -8354692.799270691350102 ], [ -1849787.105742101324722, -8440761.063188906759024 ], [ -1704112.907010972499847, -8460281.619354091584682 ] ] ] ] } },
{ "type": "Feature", "properties": { "ISO3": "GMB", "ISO2": "GM", "ISONUM": 270, "NAMEen": "Gambia", "NAMEfr": "Gambie", "NAMEde": "Gambia", "REGION_BLOC": "CEDEAO", "REGION_UN": "Africa", "SUBREGION_UN": "Sub-Saharan Africa", "LAST_DEV": "TRUE", "AREA_2021": 11300.0, "FOREST_AREA_2021": 2369.333, "POP_2023": 2773168, "LIFE_EXP_2022": 62.906, "FERT_2022": 4.586, "HIV_2022": 1.4, "CO2_POP_2020": 0.23752959893084499, "GNI_POP_2023": 3120, "INC_20P_2021": 6.6, "GDP_INDS_2023": 15.197340844712601, "HIG_TEC_EXP_2022": 0.00073597787356120901, "MIL_EXP_2022": 0.69393999875332502, "JamesBond": 0, "ARG_nacion": 8.0, "AUS_sydmor": 23.0, "BRA_oglobo": 21.0, "CAN_tostar": 41.0, "CHN_mopost": 34.0, "DEU_frankf": 40.0, "DZA_alnaha": 465.0, "EGY_alwafd": 9.0, "ESP_abc": 23.0, "FRA_lmonde": 171.0, "GBR_indept": 52.0, "IDN_republ": 29.0, "IND_tindia": 13.0, "IRN_hamsha": 9.0, "ITA_repubb": 119.0, "JPN_asahis": 11.0, "KEN_standa": 170.0, "MEX_inform": 7.0, "NGA_vangua": 566.0, "RUS_isvest": 14.0, "SAU_spa": 51.0, "TUR_sabah": 18.0, "USA_nytime": 52.0, "ZAF_times": 167.0, "mean": 88.041666666666671, "rnk": 128.0, "sd": 142.43396003416632, "min": 7.0, "Q1": 13.75, "Q2": 31.5, "Q3": 68.75, "max": 566.0, "nbsup0": 24, "nbsup10": 20, "nbsup100": 6 }, "geometry": { "type": "MultiPolygon", "coordinates": [ [ [ [ -2466635.810155102983117, -8193841.22367628198117 ], [ -2422669.671943379100412, -8146726.973821396008134 ], [ -2207066.719049285165966, -8181056.242534909397364 ], [ -2090733.25472760386765, -8238612.028527235612273 ], [ -2056056.646598721155897, -8267163.296611950732768 ], [ -2107877.792386419139802, -8265944.906336814165115 ], [ -2219415.301601493731141, -8204080.242037029005587 ], [ -2297014.242850618436933, -8196471.77351513504982 ], [ -2370593.831169807352126, -8214599.491904486902058 ], [ -2466635.810155102983117, -8193841.22367628198117 ] ] ] ] } },
{ "type": "Feature", "properties": { "ISO3": "GNB", "ISO2": "GW", "ISONUM": 624, "NAMEen": "Guinea-Bissau", "NAMEfr": "Guinée-Bissau", "NAMEde": "Guinea-Bissau", "REGION_BLOC": "CEDEAO", "REGION_UN": "Africa", "SUBREGION_UN": "Sub-Saharan Africa", "LAST_DEV": "TRUE", "AREA_2021": 36130.0, "FOREST_AREA_2021": 19715.7, "POP_2023": 2150842, "LIFE_EXP_2022": 59.861, "FERT_2022": 3.925, "HIV_2022": 2.4, "CO2_POP_2020": 0.16320836896798699, "GNI_POP_2023": 2670, "INC_20P_2021": 7.9, "GDP_INDS_2023": 16.056140362643699, "HIG_TEC_EXP_2022": 5.8064516129032304, "MIL_EXP_2022": 1.6147644517108, "JamesBond": 0, "ARG_nacion": 4.0, "AUS_sydmor": 3.0, "BRA_oglobo": 6.0, "CAN_tostar": 3.0, "CHN_mopost": 8.0, "DEU_frankf": 0.0, "DZA_alnaha": 24.0, "EGY_alwafd": 21.0, "ESP_abc": 10.0, "FRA_lmonde": 35.0, "GBR_indept": 1.0, "IDN_republ": 1.0, "IND_tindia": 0.0, "IRN_hamsha": 1.0, "ITA_repubb": 9.0, "JPN_asahis": 0.0, "KEN_standa": 59.0, "MEX_inform": 4.0, "NGA_vangua": 99.0, "RUS_isvest": 2.0, "SAU_spa": 104.0, "TUR_sabah": 3.0, "USA_nytime": 6.0, "ZAF_times": 56.0, "mean": 19.125, "rnk": 180.0, "sd": 30.274558841434473, "min": 0.0, "Q1": 1.75, "Q2": 5.0, "Q3": 21.75, "max": 104.0, "nbsup0": 21, "nbsup10": 7, "nbsup100": 1 }, "geometry": { "type": "MultiPolygon", "coordinates": [ [ [ [ -2277895.121299664489925, -8488782.505017153918743 ], [ -2333671.142781924456358, -8385737.074991309083998 ], [ -2486353.702157839667052, -8272529.183064824901521 ], [ -2254045.561887096147984, -8299062.796224590390921 ], [ -2041023.659390081651509, -8354692.799270691350102 ], [ -2052886.472950923023745, -8384288.712213350459933 ], [ -2093468.474116365192458, -8393803.840453505516052 ], [ -2066494.821073710452765, -8422081.527393482625484 ], [ -2066564.072175257373601, -8458180.600270420312881 ], [ -2213105.331476310733706, -8443796.785545028746128 ], [ -2277895.121299664489925, -8488782.505017153918743 ] ] ] ] } },
{ "type": "Feature", "properties": { "ISO3": "GNQ", "ISO2": "GQ", "ISONUM": 226, "NAMEen": "Equatorial Guinea", "NAMEfr": "Guinée équatoriale", "NAMEde": "Äquatorialguinea", "REGION_BLOC": "CEMAC", "REGION_UN": "Africa", "SUBREGION_UN": "Sub-Saharan Africa", "LAST_DEV": "FALSE", "AREA_2021": 28050.0, "FOREST_AREA_2021": 24400.6, "POP_2023": 1714671, "LIFE_EXP_2022": 61.19, "FERT_2022": 4.17, "HIV_2022": 6.7, "CO2_POP_2020": 2.7257308516217198, "GNI_POP_2023": 13420, "INC_20P_2021": null, "GDP_INDS_2023": 51.225146741894498, "HIG_TEC_EXP_2022": null, "MIL_EXP_2022": 1.0972620849691099, "JamesBond": 0, "ARG_nacion": 27.0, "AUS_sydmor": 6.0, "BRA_oglobo": 42.0, "CAN_tostar": 0.0, "CHN_mopost": 2.0, "DEU_frankf": 1.0, "DZA_alnaha": 83.0, "EGY_alwafd": 62.0, "ESP_abc": 62.0, "FRA_lmonde": 77.0, "GBR_indept": 4.0, "IDN_republ": 0.0, "IND_tindia": 3.0, "IRN_hamsha": 0.0, "ITA_repubb": 26.0, "JPN_asahis": 4.0, "KEN_standa": 80.0, "MEX_inform": 3.0, "NGA_vangua": 146.0, "RUS_isvest": 2.0, "SAU_spa": 32.0, "TUR_sabah": 7.0, "USA_nytime": 6.0, "ZAF_times": 116.0, "mean": 32.958333333333336, "rnk": 163.0, "sd": 41.692955474898682, "min": 0.0, "Q1": 2.75, "Q2": 6.5, "Q3": 62.0, "max": 146.0, "nbsup0": 21, "nbsup10": 11, "nbsup100": 2 }, "geometry": { "type": "MultiPolygon", "coordinates": [ [ [ [ 1916610.556502124527469, -9572500.208674889057875 ], [ 1944349.980039891554043, -9698502.590494809672236 ], [ 1684383.372696258127689, -9747106.03491117618978 ], [ 1603177.493877135915682, -9740244.680514188483357 ], [ 1658284.027588741853833, -9600868.988831650465727 ], [ 1916610.556502124527469, -9572500.208674889057875 ] ] ], [ [ [ 1452026.379525448195636, -9471054.038983607664704 ], [ 1509059.815510459011421, -9469953.398016806691885 ], [ 1460130.599418003344908, -9546493.817805429920554 ], [ 1380003.52675603562966, -9536426.262373330071568 ], [ 1452026.379525448195636, -9471054.038983607664704 ] ] ] ] } },
{ "type": "Feature", "properties": { "ISO3": "GRC", "ISO2": "GR", "ISONUM": 300, "NAMEen": "Greece", "NAMEfr": "Grèce", "NAMEde": "Griechenland", "REGION_BLOC": "EU", "REGION_UN": "Europe", "SUBREGION_UN": "Southern Europe", "LAST_DEV": "FALSE", "AREA_2021": 131960.0, "FOREST_AREA_2021": 39018.0, "POP_2023": 10361295, "LIFE_EXP_2022": 80.636585365853705, "FERT_2022": 1.43, "HIV_2022": 0.2, "CO2_POP_2020": 4.7671849370183903, "GNI_POP_2023": 40880, "INC_20P_2021": 7.1, "GDP_INDS_2023": 15.655504616079901, "HIG_TEC_EXP_2022": 14.2600862867311, "MIL_EXP_2022": 3.6920744951686402, "JamesBond": 1, "ARG_nacion": 648.0, "AUS_sydmor": 497.0, "BRA_oglobo": 1059.0, "CAN_tostar": 551.0, "CHN_mopost": 331.0, "DEU_frankf": 3261.0, "DZA_alnaha": 548.0, "EGY_alwafd": 661.0, "ESP_abc": 1676.0, "FRA_lmonde": 1898.0, "GBR_indept": 829.0, "IDN_republ": 356.0, "IND_tindia": 333.0, "IRN_hamsha": 466.0, "ITA_repubb": 1857.0, "JPN_asahis": 809.0, "KEN_standa": 237.0, "MEX_inform": 634.0, "NGA_vangua": 165.0, "RUS_isvest": 473.0, "SAU_spa": 311.0, "TUR_sabah": 2433.0, "USA_nytime": 846.0, "ZAF_times": 597.0, "mean": 894.83333333333337, "rnk": 29.0, "sd": 774.85503085453331, "min": 165.0, "Q1": 438.5, "Q2": 615.5, "Q3": 899.25, "max": 3261.0, "nbsup0": 24, "nbsup10": 24, "nbsup100": 24 }, "geometry": { "type": "MultiPolygon", "coordinates": [ [ [ [ 2458891.553749929647893, -5548443.957538302987814 ], [ 2647395.602753992658108, -5484614.488525981083512 ], [ 2707286.854898084886372, -5492014.732690562494099 ], [ 2567345.166339558549225, -5571934.170845730230212 ], [ 2432051.298599003814161, -5588469.273271050304174 ], [ 2458891.553749929647893, -5548443.957538302987814 ] ] ], [ [ [ 2255791.466229263693094, -5214176.61786628793925 ], [ 2358206.11579868150875, -5221405.903229030780494 ], [ 2367400.431280525866896, -5253780.746372405439615 ], [ 2240530.487458525691181, -5246604.401956843212247 ], [ 2255791.466229263693094, -5214176.61786628793925 ] ] ], [ [ [ 1960312.908206710359082, -5116245.243528029881418 ], [ 2112128.695896469522268, -4995978.399903581477702 ], [ 2239806.773465559817851, -4912498.203334437683225 ], [ 2321382.601596130523831, -4914091.905114193446934 ], [ 2387507.503398021217436, -4823681.863742235116661 ], [ 2429663.109854748472571, -4844194.508010952733457 ], [ 2410633.686524108517915, -4932922.919598795473576 ], [ 2311174.803115406539291, -4947518.713597818277776 ], [ 2205617.00177061650902, -5033403.063654815778136 ], [ 2224354.356637740042061, -5065952.79494811501354 ], [ 2196827.733303617686033, -5093938.546705321408808 ], [ 2139718.436004721559584, -5084815.90130406524986 ], [ 2136571.329581661149859, -5140038.569991610944271 ], [ 2244151.814900232478976, -5199926.412246990017593 ], [ 2208889.82774362154305, -5262570.607971475459635 ], [ 2346778.917590543162078, -5272358.848966722376645 ], [ 2304016.920826663263142, -5395411.194129068404436 ], [ 2359466.795376551803201, -5460377.901194394566119 ], [ 2350836.698440538253635, -5485955.984082261100411 ], [ 2225965.229817042127252, -5467331.264265391044319 ], [ 2211478.385502694174647, -5508437.439519373700023 ], [ 2094577.198091459693387, -5422001.254144352860749 ], [ 2152423.0418172753416, -5330744.33760126773268 ], [ 2079061.545932613546029, -5372482.695661854930222 ], [ 1917510.657126304460689, -5268360.7612697891891 ], [ 1971534.323393481783569, -5130340.099363285116851 ], [ 1960312.908206710359082, -5116245.243528029881418 ] ] ] ] } },
{ "type": "Feature", "properties": { "ISO3": "GRD", "ISO2": "GD", "ISONUM": 308, "NAMEen": "Grenada", "NAMEfr": "Grenade", "NAMEde": "Grenada", "REGION_BLOC": null, "REGION_UN": "Americas", "SUBREGION_UN": "Latin America and the Caribbean", "LAST_DEV": "FALSE", "AREA_2021": 340.0, "FOREST_AREA_2021": 177.0, "POP_2023": 126183, "LIFE_EXP_2022": 75.335, "FERT_2022": 1.986, "HIV_2022": null, "CO2_POP_2020": 2.6240670208550698, "GNI_POP_2023": 16550, "INC_20P_2021": 5.5, "GDP_INDS_2023": 14.912610079255, "HIG_TEC_EXP_2022": 2.1771874895919701, "MIL_EXP_2022": null, "JamesBond": 0, "ARG_nacion": 133.0, "AUS_sydmor": 17.0, "BRA_oglobo": 80.0, "CAN_tostar": 23.0, "CHN_mopost": 2.0, "DEU_frankf": 0.0, "DZA_alnaha": 0.0, "EGY_alwafd": 0.0, "ESP_abc": 1544.0, "FRA_lmonde": 0.0, "GBR_indept": 49.0, "IDN_republ": 4.0, "IND_tindia": 6.0, "IRN_hamsha": 8.0, "ITA_repubb": 7.0, "JPN_asahis": 0.0, "KEN_standa": 27.0, "MEX_inform": 236.0, "NGA_vangua": 2.0, "RUS_isvest": 5.0, "SAU_spa": 0.0, "TUR_sabah": 0.0, "USA_nytime": 4.0, "ZAF_times": 75.0, "mean": 92.583333333333329, "rnk": 124.0, "sd": 314.00552704449768, "min": 0.0, "Q1": 0.0, "Q2": 5.5, "Q3": 32.5, "max": 1544.0, "nbsup0": 17, "nbsup10": 9, "nbsup100": 3 }, "geometry": { "type": "MultiPolygon", "coordinates": [ [ [ [ -7624856.982229084707797, -4129769.58232736447826 ], [ -7638047.344581593759358, -4104156.588845571968704 ], [ -7612999.433285815641284, -4104071.19390961760655 ], [ -7577386.022414022125304, -4116412.83356715599075 ], [ -7565716.105840540491045, -4140608.226726631633937 ], [ -7597090.137751929461956, -4142211.278070690110326 ], [ -7624856.982229084707797, -4129769.58232736447826 ] ] ] ] } },
{ "type": "Feature", "properties": { "ISO3": "GRL", "ISO2": "GL", "ISONUM": 304, "NAMEen": "Greenland", "NAMEfr": "Groenland", "NAMEde": "Grönland", "REGION_BLOC": null, "REGION_UN": "Americas", "SUBREGION_UN": "Northern America", "LAST_DEV": "FALSE", "AREA_2021": 410450.0, "FOREST_AREA_2021": 2.2, "POP_2023": 56865, "LIFE_EXP_2022": 71.540487804878097, "FERT_2022": 1.839, "HIV_2022": null, "CO2_POP_2020": null, "GNI_POP_2023": 40270, "INC_20P_2021": null, "GDP_INDS_2023": 16.061325507891802, "HIG_TEC_EXP_2022": 1.70924920520931, "MIL_EXP_2022": null, "JamesBond": 0, "ARG_nacion": 22.0, "AUS_sydmor": 56.0, "BRA_oglobo": 14.0, "CAN_tostar": 68.0, "CHN_mopost": 56.0, "DEU_frankf": 79.0, "DZA_alnaha": 0.0, "EGY_alwafd": 7.0, "ESP_abc": 82.0, "FRA_lmonde": 80.0, "GBR_indept": 70.0, "IDN_republ": 0.0, "IND_tindia": 26.0, "IRN_hamsha": 32.0, "ITA_repubb": 133.0, "JPN_asahis": 0.0, "KEN_standa": 8.0, "MEX_inform": 37.0, "NGA_vangua": 51.0, "RUS_isvest": 18.0, "SAU_spa": 0.0, "TUR_sabah": 16.0, "USA_nytime": 68.0, "ZAF_times": 19.0, "mean": 39.25, "rnk": 159.0, "sd": 34.831582370526647, "min": 0.0, "Q1": 12.5, "Q2": 29.0, "Q3": 68.0, "max": 133.0, "nbsup0": 20, "nbsup10": 18, "nbsup100": 1 }, "geometry": { "type": "MultiPolygon", "coordinates": [ [ [ [ -1783277.443408284336329, -1357111.835839185398072 ], [ -1809048.692904651165009, -1406198.158342285547405 ], [ -1851586.062436527339742, -1384014.93475062190555 ], [ -1855778.210830013500527, -1311904.858518018387258 ], [ -1788405.067923923488706, -1277870.124261919409037 ], [ -1783277.443408284336329, -1357111.835839185398072 ] ] ], [ [ [ -929793.881640580599196, -1954150.821102145360783 ], [ -1014497.364168156520464, -1963698.629711972316727 ], [ -1019356.249996897066012, -1935670.61143055697903 ], [ -1001635.821049580466934, -1912862.193884931970388 ], [ -909814.976779211312532, -1915422.853909534635022 ], [ -886684.663630691473372, -1938026.914829238550738 ], [ -897262.092685121926479, -1981865.575948289362714 ], [ -929793.881640580599196, -1954150.821102145360783 ] ] ], [ [ [ -380187.376741545158438, -603543.322571534896269 ], [ -299685.799052881600801, -767091.024958423455246 ], [ -322448.599730469984934, -823281.724977629957721 ], [ -343470.437512366333976, -882921.385678339167498 ], [ -289318.803341344057117, -917270.963373779202811 ], [ -248276.648699815996224, -877817.130291698500514 ], [ -229886.448086893360596, -954568.705089952796698 ], [ -291590.928270725533366, -1031204.161969955312088 ], [ -354953.822673710354138, -1026393.680089730885811 ], [ -393642.442143295775168, -1146131.795682579511777 ], [ -433432.076389171648771, -1254741.879156506154686 ], [ -449116.36806513054762, -1356060.854824843117967 ], [ -567626.040169415180571, -1426055.377017971361056 ], [ -523299.693937941337936, -1442630.248589113587514 ], [ -548757.188545726006851, -1555919.425867404323071 ], [ -644518.652499976218678, -1613727.925490215886384 ], [ -648536.799127868260257, -1730603.80599408224225 ], [ -710120.562509304494597, -1730241.923586833057925 ], [ -744611.585297091631219, -1673385.234644603915513 ], [ -824770.617489975644276, -1679807.915718372678384 ], [ -815317.613993485458195, -1785220.557879757136106 ], [ -765835.424462408060208, -1919594.568051015026867 ], [ -795294.173351459787227, -2021372.167836236068979 ], [ -865395.629003224894404, -2005046.730758870020509 ], [ -868077.382212932221591, -1925724.484555685194209 ], [ -906909.39452915568836, -1894494.875625051325187 ], [ -999559.366442574653774, -1886176.027830730658025 ], [ -1036694.994410681538284, -1930765.083722793497145 ], [ -1024000.931509030400775, -1985352.708674734691158 ], [ -934763.928606484318152, -1977036.164196927798912 ], [ -845017.311540751368739, -2053048.138328454457223 ], [ -1053301.929592278553173, -2132563.380690697580576 ], [ -1221313.762712646508589, -2114681.2179657057859 ], [ -1298389.402217486640438, -2078212.922682218020782 ], [ -1449296.324470537016168, -2152876.688601290807128 ], [ -1581777.084800292737782, -2171242.573613935150206 ], [ -1666581.595153522212058, -2123832.386386790312827 ], [ -1825609.162986686918885, -2095899.561851759208366 ], [ -1905123.594545455416664, -2229565.321189116220921 ], [ -2045253.869494527578354, -2237797.429151924327016 ], [ -2283003.586032697465271, -2436415.153522716835141 ], [ -2344183.658963503316045, -2384168.762645769398659 ], [ -2341397.307441687211394, -2290223.594609255436808 ], [ -2376938.516305450815707, -2212927.971875422634184 ], [ -2409244.13793298881501, -2121001.123331266921014 ], [ -2327837.792542655486614, -1881261.253419663757086 ], [ -2269352.669004043098539, -1762735.516433532582596 ], [ -2174393.111973120365292, -1624332.056860523298383 ], [ -2069309.466306666610762, -1505378.23578075109981 ], [ -1904962.869469296652824, -1455587.937486348440871 ], [ -1863759.870592266321182, -1501243.683628258295357 ], [ -1753030.056428649462759, -1421486.805658109486103 ], [ -1754730.156445214757696, -1248059.01272637071088 ], [ -1714950.847803704673424, -1251586.546854472719133 ], [ -1701455.257191759999841, -1309242.794374250341207 ], [ -1649405.324992778711021, -1257024.311813505832106 ], [ -1653214.92996172583662, -1197536.725690827006474 ], [ -1693736.098450028337538, -1146550.244593980023637 ], [ -1606262.254121891222894, -1072273.913891311734915 ], [ -1550481.89590741507709, -1044611.57559718657285 ], [ -1487448.271484671160579, -973642.976476243697107 ], [ -1429176.343133081449196, -901080.489210749277845 ], [ -1360480.701297488296404, -791251.384066175553016 ], [ -1361218.605584270320833, -679363.389638285967521 ], [ -1445699.532417017500848, -571443.818264241912402 ], [ -1388982.668656783876941, -494390.709143720101565 ], [ -1301520.86571772582829, -440620.75072776817251 ], [ -1264426.615501302294433, -389105.059368496527895 ], [ -1223211.277990377740934, -383560.973986187193077 ], [ -1134150.168441673740745, -475274.386257185018621 ], [ -1086254.941215046914294, -482983.677462469029706 ], [ -1060640.895514418138191, -414705.505603438185062 ], [ -1012634.690078268758953, -433512.728192873764783 ], [ -831309.341330424649641, -460789.564486848539673 ], [ -693010.217460801824927, -495401.549279969360214 ], [ -707688.023503238917328, -583160.524877405143343 ], [ -651105.333614941453561, -525239.785101823392324 ], [ -650152.300303379772231, -646619.818145364173688 ], [ -586197.301208040560596, -612837.644875182071701 ], [ -380187.376741545158438, -603543.322571534896269 ] ] ] ] } },
{ "type": "Feature", "properties": { "ISO3": "GTM", "ISO2": "GT", "ISONUM": 320, "NAMEen": "Guatemala", "NAMEfr": "Guatemala", "NAMEde": "Guatemala", "REGION_BLOC": null, "REGION_UN": "Americas", "SUBREGION_UN": "Latin America and the Caribbean", "LAST_DEV": "FALSE", "AREA_2021": 108890.0, "FOREST_AREA_2021": 35162.0, "POP_2023": 17602431, "LIFE_EXP_2022": 68.674, "FERT_2022": 2.354, "HIV_2022": 0.2, "CO2_POP_2020": 1.00040733564819, "GNI_POP_2023": 13820, "INC_20P_2021": 4.5, "GDP_INDS_2023": 22.241086727018001, "HIG_TEC_EXP_2022": 4.9539208515735096, "MIL_EXP_2022": 0.462491769474559, "JamesBond": 0, "ARG_nacion": 534.0, "AUS_sydmor": 26.0, "BRA_oglobo": 166.0, "CAN_tostar": 159.0, "CHN_mopost": 23.0, "DEU_frankf": 68.0, "DZA_alnaha": 49.0, "EGY_alwafd": 6.0, "ESP_abc": 162.0, "FRA_lmonde": 132.0, "GBR_indept": 51.0, "IDN_republ": 36.0, "IND_tindia": 31.0, "IRN_hamsha": 31.0, "ITA_repubb": 77.0, "JPN_asahis": 69.0, "KEN_standa": 24.0, "MEX_inform": 1140.0, "NGA_vangua": 34.0, "RUS_isvest": 47.0, "SAU_spa": 23.0, "TUR_sabah": 59.0, "USA_nytime": 228.0, "ZAF_times": 37.0, "mean": 133.83333333333334, "rnk": 105.0, "sd": 241.14467363636379, "min": 6.0, "Q1": 31.0, "Q2": 50.0, "Q3": 138.75, "max": 1140.0, "nbsup0": 24, "nbsup10": 23, "nbsup100": 7 }, "geometry": { "type": "MultiPolygon", "coordinates": [ [ [ [ -8030673.26061655394733, -117674.695582065018243 ], [ -8236572.379937238991261, -110103.702653290310991 ], [ -8247562.64833003655076, -188010.785486692067934 ], [ -8258698.100198964588344, -256519.257754617399769 ], [ -8356906.07234194688499, -112104.292198349387036 ], [ -8407129.263288034126163, -93674.580810083032702 ], [ -8483602.555192982777953, 13767.518732277256277 ], [ -8456291.051736669614911, 194330.874422466586111 ], [ -8386728.151463709771633, 328965.089136664348189 ], [ -8304790.356341046281159, 319713.070015010016505 ], [ -8220988.526880698278546, 247407.808784072112758 ], [ -8224203.373103062622249, 69724.265188520424999 ], [ -8191500.068341451697052, 54307.90397063166165 ], [ -8090917.695296688936651, 202085.697325823915889 ], [ -8031701.028770081698895, 138918.017914473224664 ], [ -8030673.26061655394733, -117674.695582065018243 ] ] ] ] } },
{ "type": "Feature", "properties": { "ISO3": "GUY", "ISO2": "GY", "ISONUM": 328, "NAMEen": "Guyana", "NAMEfr": "Guyana", "NAMEde": "Guyana", "REGION_BLOC": null, "REGION_UN": "Americas", "SUBREGION_UN": "Latin America and the Caribbean", "LAST_DEV": "FALSE", "AREA_2021": 214970.0, "FOREST_AREA_2021": 184061.333, "POP_2023": 813834, "LIFE_EXP_2022": 65.989, "FERT_2022": 2.369, "HIV_2022": 1.5, "CO2_POP_2020": 3.47277101663067, "GNI_POP_2023": 50060, "INC_20P_2021": 4.2, "GDP_INDS_2023": 67.820641661322497, "HIG_TEC_EXP_2022": 0.123954109320186, "MIL_EXP_2022": 0.56984755498649897, "JamesBond": 0, "ARG_nacion": 37.0, "AUS_sydmor": 7.0, "BRA_oglobo": 21.0, "CAN_tostar": 28.0, "CHN_mopost": 0.0, "DEU_frankf": 6.0, "DZA_alnaha": 0.0, "EGY_alwafd": 0.0, "ESP_abc": 8.0, "FRA_lmonde": 0.0, "GBR_indept": 7.0, "IDN_republ": 18.0, "IND_tindia": 15.0, "IRN_hamsha": 2.0, "ITA_repubb": 2.0, "JPN_asahis": 0.0, "KEN_standa": 7.0, "MEX_inform": 27.0, "NGA_vangua": 9.0, "RUS_isvest": 3.0, "SAU_spa": 0.0, "TUR_sabah": 0.0, "USA_nytime": 33.0, "ZAF_times": 4.0, "mean": 9.75, "rnk": 190.0, "sd": 11.497636808227725, "min": 0.0, "Q1": 0.0, "Q2": 6.5, "Q3": 15.75, "max": 37.0, "nbsup0": 17, "nbsup10": 7, "nbsup100": 0 }, "geometry": { "type": "MultiPolygon", "coordinates": [ [ [ [ -7901737.43219930306077, -5083022.58657780662179 ], [ -8098847.765135449357331, -5047427.267501393333077 ], [ -8152103.08142030145973, -5396902.687499791383743 ], [ -8210592.410633764229715, -5310756.927634720690548 ], [ -8464132.677767379209399, -5037201.729187401942909 ], [ -8463191.734336683526635, -4935650.577311802655458 ], [ -8403978.805635312572122, -4852023.836476606316864 ], [ -8245847.068600789643824, -4851510.528484032489359 ], [ -8242091.536245823837817, -4730080.35165227856487 ], [ -8173520.747412216849625, -4722198.678562249056995 ], [ -8223966.033897651359439, -4607555.575046536512673 ], [ -8206641.725202772766352, -4478196.124198468402028 ], [ -8108545.394181419163942, -4470651.112199115566909 ], [ -8004929.333424967713654, -4567350.34975887555629 ], [ -7952806.477389484643936, -4498880.617933563888073 ], [ -7853602.238104661926627, -4568044.409355135634542 ], [ -7844037.14755345787853, -4524927.098965925164521 ], [ -7822987.754699281416833, -4669888.108397752977908 ], [ -7848229.770047443918884, -4891202.410299335606396 ], [ -7838831.3848243849352, -5058114.926929499022663 ], [ -7901737.43219930306077, -5083022.58657780662179 ] ] ] ] } },
{ "type": "Feature", "properties": { "ISO3": "HKG", "ISO2": "HK", "ISONUM": 344, "NAMEen": "Hong Kong", "NAMEfr": "Hong Kong", "NAMEde": "Hongkong", "REGION_BLOC": null, "REGION_UN": "Asia", "SUBREGION_UN": "Eastern Asia", "LAST_DEV": null, "AREA_2021": 1110.0, "FOREST_AREA_2021": null, "POP_2023": 7536100, "LIFE_EXP_2022": 83.660975609756093, "FERT_2022": 0.701, "HIV_2022": null, "CO2_POP_2020": null, "GNI_POP_2023": 77880, "INC_20P_2021": null, "GDP_INDS_2023": 6.2777046028977299, "HIG_TEC_EXP_2022": 34.813791552854198, "MIL_EXP_2022": null, "JamesBond": 3, "ARG_nacion": 218.0, "AUS_sydmor": 1109.0, "BRA_oglobo": 836.0, "CAN_tostar": 822.0, "CHN_mopost": 4731.0, "DEU_frankf": 32.0, "DZA_alnaha": 54.0, "EGY_alwafd": 33.0, "ESP_abc": 470.0, "FRA_lmonde": 28.0, "GBR_indept": 648.0, "IDN_republ": 152.0, "IND_tindia": 708.0, "IRN_hamsha": 129.0, "ITA_repubb": 743.0, "JPN_asahis": 2277.0, "KEN_standa": 519.0, "MEX_inform": 337.0, "NGA_vangua": 292.0, "RUS_isvest": 198.0, "SAU_spa": 44.0, "TUR_sabah": 137.0, "USA_nytime": 1584.0, "ZAF_times": 689.0, "mean": 699.58333333333337, "rnk": 37.0, "sd": 1015.6305780225863, "min": 28.0, "Q1": 135.0, "Q2": 403.5, "Q3": 762.75, "max": 4731.0, "nbsup0": 24, "nbsup10": 24, "nbsup100": 19 }, "geometry": { "type": "MultiPolygon", "coordinates": [ [ [ [ 6855914.220751523971558, 3064266.914944962132722 ], [ 6845334.244221154600382, 3080699.673654988408089 ], [ 6848035.941052494570613, 3112679.51918162824586 ], [ 6873704.184752540662885, 3113270.277613764163107 ], [ 6895712.704500976018608, 3086372.273515137843788 ], [ 6898941.425943265669048, 3056326.10330211231485 ], [ 6880942.038459804840386, 3051841.401554379146546 ], [ 6855914.220751523971558, 3064266.914944962132722 ] ] ] ] } },
{ "type": "Feature", "properties": { "ISO3": "HND", "ISO2": "HN", "ISONUM": 340, "NAMEen": "Honduras", "NAMEfr": "Honduras", "NAMEde": "Honduras", "REGION_BLOC": null, "REGION_UN": "Americas", "SUBREGION_UN": "Latin America and the Caribbean", "LAST_DEV": "FALSE", "AREA_2021": 112490.0, "FOREST_AREA_2021": 63383.1, "POP_2023": 10593798, "LIFE_EXP_2022": 70.728, "FERT_2022": 2.34, "HIV_2022": 0.2, "CO2_POP_2020": 0.87291117170002896, "GNI_POP_2023": 6680, "INC_20P_2021": 3.6, "GDP_INDS_2023": 26.032424083301901, "HIG_TEC_EXP_2022": 1.4495499920382999, "MIL_EXP_2022": 1.52909744390138, "JamesBond": 0, "ARG_nacion": 491.0, "AUS_sydmor": 75.0, "BRA_oglobo": 143.0, "CAN_tostar": 83.0, "CHN_mopost": 22.0, "DEU_frankf": 48.0, "DZA_alnaha": 23.0, "EGY_alwafd": 41.0, "ESP_abc": 234.0, "FRA_lmonde": 105.0, "GBR_indept": 54.0, "IDN_republ": 46.0, "IND_tindia": 15.0, "IRN_hamsha": 15.0, "ITA_repubb": 90.0, "JPN_asahis": 23.0, "KEN_standa": 44.0, "MEX_inform": 602.0, "NGA_vangua": 40.0, "RUS_isvest": 11.0, "SAU_spa": 36.0, "TUR_sabah": 36.0, "USA_nytime": 171.0, "ZAF_times": 27.0, "mean": 103.125, "rnk": 121.0, "sd": 147.78401175511098, "min": 11.0, "Q1": 26.0, "Q2": 45.0, "Q3": 93.75, "max": 602.0, "nbsup0": 24, "nbsup10": 24, "nbsup100": 6 }, "geometry": { "type": "MultiPolygon", "coordinates": [ [ [ [ -8283410.467349421232939, -997937.197951087495312 ], [ -8346234.156321722082794, -806195.3649059595773 ], [ -8365203.371663161553442, -730607.343531778198667 ], [ -8447985.440862026065588, -616799.547248668503016 ], [ -8465430.676853092387319, -484076.603345089533832 ], [ -8515366.726484069600701, -490715.495177990524098 ], [ -8556884.607024919241667, -401431.637200105644297 ], [ -8513094.302893303334713, -324485.400449625682086 ], [ -8467283.090490968897939, -339547.110278041451238 ], [ -8467168.620736829936504, -222191.504403835569974 ], [ -8407129.263288034126163, -93674.580810083032702 ], [ -8356906.07234194688499, -112104.292198349387036 ], [ -8258698.100198964588344, -256519.257754617399769 ], [ -8234340.555825709365308, -327535.81878129078541 ], [ -8239656.849309545010328, -527305.911425686208531 ], [ -8211039.09497885312885, -585812.031501955352724 ], [ -8212351.393426434136927, -820477.80049853224773 ], [ -8258887.485563020221889, -856021.251634712330997 ], [ -8283410.467349421232939, -997937.197951087495312 ] ] ] ] } },
{ "type": "Feature", "properties": { "ISO3": "HRV", "ISO2": "HR", "ISONUM": 191, "NAMEen": "Croatia", "NAMEfr": "Croatie", "NAMEde": "Kroatien", "REGION_BLOC": "EU", "REGION_UN": "Europe", "SUBREGION_UN": "Southern Europe", "LAST_DEV": "FALSE", "AREA_2021": 88070.0, "FOREST_AREA_2021": 19416.1, "POP_2023": 3853200, "LIFE_EXP_2022": 77.575609756097606, "FERT_2022": 1.53, "HIV_2022": 0.1, "CO2_POP_2020": 3.86070539173057, "GNI_POP_2023": 45950, "INC_20P_2021": 8.2, "GDP_INDS_2023": 18.7710625829327, "HIG_TEC_EXP_2022": 11.975583278749999, "MIL_EXP_2022": 2.1674905163411702, "JamesBond": 1, "ARG_nacion": 199.0, "AUS_sydmor": 112.0, "BRA_oglobo": 174.0, "CAN_tostar": 176.0, "CHN_mopost": 53.0, "DEU_frankf": 347.0, "DZA_alnaha": 239.0, "EGY_alwafd": 163.0, "ESP_abc": 189.0, "FRA_lmonde": 234.0, "GBR_indept": 198.0, "IDN_republ": 213.0, "IND_tindia": 107.0, "IRN_hamsha": 151.0, "ITA_repubb": 400.0, "JPN_asahis": 105.0, "KEN_standa": 134.0, "MEX_inform": 213.0, "NGA_vangua": 239.0, "RUS_isvest": 188.0, "SAU_spa": 93.0, "TUR_sabah": 214.0, "USA_nytime": 87.0, "ZAF_times": 113.0, "mean": 180.875, "rnk": 97.0, "sd": 79.679964477467195, "min": 53.0, "Q1": 112.75, "Q2": 182.0, "Q3": 213.25, "max": 400.0, "nbsup0": 24, "nbsup10": 24, "nbsup100": 21 }, "geometry": { "type": "MultiPolygon", "coordinates": [ [ [ [ 1592512.196320942370221, -5004068.996286533772945 ], [ 1672490.221192434895784, -5016768.442951029166579 ], [ 1682697.234219019068405, -5030093.503248777240515 ], [ 1592512.196320942370221, -5004068.996286533772945 ] ] ], [ [ [ 1378748.000206235097721, -4650014.633861892856658 ], [ 1464058.615085386205465, -4687486.439985351637006 ], [ 1591682.815138563280925, -4648579.366620955988765 ], [ 1639557.47614804469049, -4757352.902586214244366 ], [ 1451295.933856281684712, -4769482.410564377903938 ], [ 1381970.002348901238292, -4814957.211037860251963 ], [ 1393926.706617272924632, -4866521.656264365650713 ], [ 1520317.189244591398165, -4951705.08995754737407 ], [ 1584447.635915377410129, -5000668.237033595331013 ], [ 1417450.348088192287832, -4965745.752993880771101 ], [ 1329142.896336543140933, -4922482.771137404255569 ], [ 1254392.926777528831735, -4835385.741770965047181 ], [ 1226845.643490390386432, -4832936.498361926525831 ], [ 1225435.059815681306645, -4885567.049850882962346 ], [ 1208547.443961853394285, -4884990.551074978895485 ], [ 1166056.729731942526996, -4823757.912822385318577 ], [ 1235493.649999920045957, -4793830.989973110146821 ], [ 1314957.18076667864807, -4786688.758452072739601 ], [ 1309291.359051686478779, -4750437.485436283051968 ], [ 1323781.265425306512043, -4730225.912778033874929 ], [ 1320920.914664336014539, -4698651.758284932933748 ], [ 1378748.000206235097721, -4650014.633861892856658 ] ] ] ] } },
{ "type": "Feature", "properties": { "ISO3": "HTI", "ISO2": "HT", "ISONUM": 332, "NAMEen": "Haiti", "NAMEfr": "Haïti", "NAMEde": "Haiti", "REGION_BLOC": null, "REGION_UN": "Americas", "SUBREGION_UN": "Latin America and the Caribbean", "LAST_DEV": "TRUE", "AREA_2021": 27750.0, "FOREST_AREA_2021": 3441.9, "POP_2023": 11724763, "LIFE_EXP_2022": 63.728, "FERT_2022": 2.773, "HIV_2022": 1.7, "CO2_POP_2020": 0.28381502424956401, "GNI_POP_2023": 3260, "INC_20P_2021": 5.5, "GDP_INDS_2023": 31.037006005231198, "HIG_TEC_EXP_2022": null, "MIL_EXP_2022": 0.069184224593490204, "JamesBond": 1, "ARG_nacion": 177.0, "AUS_sydmor": 33.0, "BRA_oglobo": 187.0, "CAN_tostar": 256.0, "CHN_mopost": 58.0, "DEU_frankf": 91.0, "DZA_alnaha": 40.0, "EGY_alwafd": 38.0, "ESP_abc": 107.0, "FRA_lmonde": 259.0, "GBR_indept": 91.0, "IDN_republ": 382.0, "IND_tindia": 66.0, "IRN_hamsha": 20.0, "ITA_repubb": 82.0, "JPN_asahis": 0.0, "KEN_standa": 97.0, "MEX_inform": 286.0, "NGA_vangua": 32.0, "RUS_isvest": 21.0, "SAU_spa": 35.0, "TUR_sabah": 22.0, "USA_nytime": 309.0, "ZAF_times": 86.0, "mean": 115.625, "rnk": 113.0, "sd": 107.99026224215976, "min": 0.0, "Q1": 34.5, "Q2": 84.0, "Q3": 179.5, "max": 382.0, "nbsup0": 23, "nbsup10": 23, "nbsup100": 8 }, "geometry": { "type": "MultiPolygon", "coordinates": [ [ [ [ -7428570.972925757057965, -2448506.503421310801059 ], [ -7555845.405266368761659, -2454150.376796934753656 ], [ -7563312.794031411409378, -2470920.744453445076942 ], [ -7605045.683597173541784, -2503907.734019270632416 ], [ -7596978.954113745130599, -2457892.051946364808828 ], [ -7659395.782217129133642, -2247557.165629947558045 ], [ -7636598.644204961135983, -2166701.452119820285589 ], [ -7614303.431671805679798, -2308761.530577099882066 ], [ -7558110.156591800041497, -2345251.324785274919122 ], [ -7462444.018407820723951, -2257720.610840710345656 ], [ -7428570.972925757057965, -2448506.503421310801059 ] ] ] ] } },
{ "type": "Feature", "properties": { "ISO3": "HUN", "ISO2": "HU", "ISONUM": 348, "NAMEen": "Hungary", "NAMEfr": "Hongrie", "NAMEde": "Ungarn", "REGION_BLOC": "EU", "REGION_UN": "Europe", "SUBREGION_UN": "Eastern Europe", "LAST_DEV": "FALSE", "AREA_2021": 93030.0, "FOREST_AREA_2021": 20515.567, "POP_2023": 9589872, "LIFE_EXP_2022": 76.017073170731706, "FERT_2022": 1.52, "HIV_2022": null, "CO2_POP_2020": 4.5916529070478802, "GNI_POP_2023": 44650, "INC_20P_2021": 9.0, "GDP_INDS_2023": 24.320183560802999, "HIG_TEC_EXP_2022": 17.7141110726897, "MIL_EXP_2022": 1.52573720690762, "JamesBond": 0, "ARG_nacion": 102.0, "AUS_sydmor": 108.0, "BRA_oglobo": 225.0, "CAN_tostar": 189.0, "CHN_mopost": 72.0, "DEU_frankf": 815.0, "DZA_alnaha": 112.0, "EGY_alwafd": 221.0, "ESP_abc": 283.0, "FRA_lmonde": 534.0, "GBR_indept": 207.0, "IDN_republ": 127.0, "IND_tindia": 107.0, "IRN_hamsha": 204.0, "ITA_repubb": 558.0, "JPN_asahis": 144.0, "KEN_standa": 53.0, "MEX_inform": 150.0, "NGA_vangua": 71.0, "RUS_isvest": 251.0, "SAU_spa": 113.0, "TUR_sabah": 254.0, "USA_nytime": 364.0, "ZAF_times": 104.0, "mean": 223.66666666666666, "rnk": 88.0, "sd": 182.00589256267565, "min": 53.0, "Q1": 107.75, "Q2": 169.5, "Q3": 251.75, "max": 815.0, "nbsup0": 24, "nbsup10": 24, "nbsup100": 21 }, "geometry": { "type": "MultiPolygon", "coordinates": [ [ [ [ 1747589.363079319475219, -4296727.000084918923676 ], [ 1823092.335732548031956, -4320575.408993560820818 ], [ 1774749.829191823024303, -4395118.052950931712985 ], [ 1757723.247927531367168, -4547006.212285517714918 ], [ 1693275.324508310295641, -4591593.998068877495825 ], [ 1591682.815138563280925, -4648579.366620955988765 ], [ 1464058.615085386205465, -4687486.439985351637006 ], [ 1378748.000206235097721, -4650014.633861892856658 ], [ 1333395.1929937209934, -4621461.679521542042494 ], [ 1380746.755337860900909, -4474751.295818724669516 ], [ 1442245.743597039021552, -4485153.173038507811725 ], [ 1588071.30128485430032, -4390758.56327012181282 ], [ 1618337.498265039175749, -4332664.266392141580582 ], [ 1747589.363079319475219, -4296727.000084918923676 ] ] ] ] } },
{ "type": "Feature", "properties": { "ISO3": "IDN", "ISO2": "ID", "ISONUM": 360, "NAMEen": "Indonesia", "NAMEfr": "Indonésie", "NAMEde": "Indonesien", "REGION_BLOC": "ASEAN", "REGION_UN": "Asia", "SUBREGION_UN": "South-eastern Asia", "LAST_DEV": "FALSE", "AREA_2021": 1916906.77, "FOREST_AREA_2021": 915276.633, "POP_2023": 277534122, "LIFE_EXP_2022": 68.25, "FERT_2022": 2.153, "HIV_2022": 0.3, "CO2_POP_2020": 2.0716589622147201, "GNI_POP_2023": 15210, "INC_20P_2021": 7.3, "GDP_INDS_2023": 40.2156294645022, "HIG_TEC_EXP_2022": 7.9413033898721803, "MIL_EXP_2022": 0.70258759941971705, "JamesBond": 0, "ARG_nacion": 175.0, "AUS_sydmor": 1536.0, "BRA_oglobo": 541.0, "CAN_tostar": 438.0, "CHN_mopost": 1630.0, "DEU_frankf": 449.0, "DZA_alnaha": 204.0, "EGY_alwafd": 365.0, "ESP_abc": 464.0, "FRA_lmonde": 0.0, "GBR_indept": 476.0, "IDN_republ": null, "IND_tindia": 651.0, "IRN_hamsha": 488.0, "ITA_repubb": 323.0, "JPN_asahis": 955.0, "KEN_standa": 421.0, "MEX_inform": 657.0, "NGA_vangua": 497.0, "RUS_isvest": 276.0, "SAU_spa": 468.0, "TUR_sabah": 545.0, "USA_nytime": 524.0, "ZAF_times": 584.0, "mean": 550.73913043478262, "rnk": 46.0, "sd": 376.31602016865179, "min": 0.0, "Q1": 393.0, "Q2": 476.0, "Q3": 564.5, "max": 1630.0, "nbsup0": 22, "nbsup10": 22, "nbsup100": 22 }, "geometry": { "type": "MultiPolygon", "coordinates": [ [ [ [ 9556990.969389081001282, 5520340.242542470805347 ], [ 9489590.885150570422411, 5680415.981042619794607 ], [ 9481108.958845322951674, 5782335.515089607797563 ], [ 9569749.032609902322292, 5672902.455538763664663 ], [ 9614057.367615642026067, 5535379.926962869241834 ], [ 9679030.89978271164, 5352280.372403578832746 ], [ 9556990.969389081001282, 5520340.242542470805347 ] ] ], [ [ [ 9045581.581329919397831, 6348292.213005445897579 ], [ 9178138.219829538837075, 6288748.620241106487811 ], [ 9348459.187515076249838, 6107891.41271729208529 ], [ 9311370.291004037484527, 6044294.873673709109426 ], [ 9196812.245701625943184, 6118721.425795113667846 ], [ 9132292.862384418025613, 6221766.321367228403687 ], [ 9063161.505356615409255, 6223099.534343110397458 ], [ 9010480.26931475289166, 6279045.432557886466384 ], [ 9045581.581329919397831, 6348292.213005445897579 ] ] ], [ [ [ 9745889.419253138825297, 4927709.306361535564065 ], [ 9818794.308734230697155, 4914286.853571859188378 ], [ 9854062.14097017608583, 4818884.294760979712009 ], [ 9791472.00029231607914, 4827033.769985434599221 ], [ 9745889.419253138825297, 4927709.306361535564065 ] ] ], [ [ [ 9624682.723752606660128, 5111331.035574230365455 ], [ 9552622.843066653236747, 5292553.780469130724669 ], [ 9578721.486596347764134, 5318648.574290487915277 ], [ 9648015.17550059966743, 5200146.659048950299621 ], [ 9741952.522264327853918, 5061187.970606101676822 ], [ 9774606.812344487756491, 4975429.114900751039386 ], [ 9716902.31343256123364, 4981585.622208031825721 ], [ 9624682.723752606660128, 5111331.035574230365455 ] ] ], [ [ [ 9017323.189847687259316, 6091338.212874376215041 ], [ 9036915.983301570639014, 6104252.727955373004079 ], [ 9173279.027488281950355, 5955455.233974544331431 ], [ 9206957.562905073165894, 5935158.665184665471315 ], [ 9380072.667053904384375, 5737384.242261034436524 ], [ 9519156.225589260458946, 5478165.075131784193218 ], [ 9493077.093452490866184, 5423841.082567535340786 ], [ 9435773.816662784665823, 5494596.221717122010887 ], [ 9311371.542344031855464, 5716178.385825390927494 ], [ 9017323.189847687259316, 6091338.212874376215041 ] ] ], [ [ [ 9841609.291750775650144, 4693064.50283277221024 ], [ 9835832.905752833932638, 4776908.825239427387714 ], [ 9887725.332877077162266, 4723618.366963771171868 ], [ 9914024.359781043604016, 4638938.318511852994561 ], [ 9919489.032626457512379, 4572005.917722311802208 ], [ 9902366.643943740054965, 4567535.168378103524446 ], [ 9841609.291750775650144, 4693064.50283277221024 ] ] ], [ [ [ 7221457.894427934661508, 8169462.537229488603771 ], [ 7399786.457441261038184, 8054201.374410059303045 ], [ 7374931.211377237923443, 7972794.696952937170863 ], [ 7269910.972500472329557, 7996782.059472125954926 ], [ 7144103.308162656612694, 8086635.915401577018201 ], [ 7140759.110791825689375, 8157858.956414985470474 ], [ 7221457.894427934661508, 8169462.537229488603771 ] ] ], [ [ [ 9755386.242964191362262, 4549100.56431045383215 ], [ 9813002.910270884633064, 4505226.700873798690736 ], [ 9902285.059619259089231, 4315706.209543657489121 ], [ 9906847.096061252057552, 4213777.448021019808948 ], [ 9755386.242964191362262, 4549100.56431045383215 ] ] ], [ [ [ 10245080.156189093366265, 2968559.446312012616545 ], [ 10188681.298235770314932, 3183708.103013794403523 ], [ 10156167.668659020215273, 3387877.591086484026164 ], [ 10168010.369672348722816, 3501112.867221628781408 ], [ 10089862.541173946112394, 3766910.748349154368043 ], [ 10012639.347795283421874, 3852600.988669221755117 ], [ 9938518.611661719158292, 4137773.362100547645241 ], [ 9965185.617097092792392, 4275694.759003363549709 ], [ 9891962.111038342118263, 4501209.668569745495915 ], [ 9958726.238971373066306, 4508816.018328825943172 ], [ 9976721.35160724632442, 4567105.412052270025015 ], [ 10034616.411132657900453, 4300412.399427525699139 ], [ 10090940.01472463645041, 4215483.241623594425619 ], [ 10210333.940976327285171, 3812762.856069109402597 ], [ 10249492.5402259696275, 3579932.146429454907775 ], [ 10315267.253978431224823, 3416807.864878351800144 ], [ 10374625.138389222323895, 3077568.006473774090409 ], [ 10328471.773819671943784, 3066718.45247675711289 ], [ 10366049.069962101057172, 2865726.114753504283726 ], [ 10337268.356766546145082, 2835823.241464118007571 ], [ 10245080.156189093366265, 2968559.446312012616545 ] ] ], [ [ [ 7551172.099411899223924, 7441588.820872955024242 ], [ 7468698.052319061011076, 7503368.903423242270947 ], [ 7526604.813218756578863, 7578499.648732660338283 ], [ 7579010.184847388416529, 7606940.898612881079316 ], [ 7683869.644926792010665, 7526664.684218519367278 ], [ 7618543.448189408518374, 7485924.525736736133695 ], [ 7551172.099411899223924, 7441588.820872955024242 ] ] ], [ [ [ 8261255.669113428331912, 6241784.755188474431634 ], [ 8279707.173652038909495, 6294534.811605114489794 ], [ 8356902.774320555850863, 6238620.074508076533675 ], [ 8415493.785463120788336, 6140025.464958818629384 ], [ 8383212.736859938129783, 6088914.791059241630137 ], [ 8307729.214854441583157, 6147601.918566565029323 ], [ 8261255.669113428331912, 6241784.755188474431634 ] ] ], [ [ [ 8006723.562007959932089, 6507527.632955207489431 ], [ 7818831.009616338647902, 6821252.794039425440133 ], [ 7890014.919723491184413, 6820472.471977636218071 ], [ 7971952.148419598117471, 6667313.12262920755893 ], [ 8062602.020762054249644, 6534824.548321293666959 ], [ 8166706.210419654846191, 6410287.570384863764048 ], [ 8161448.256425657309592, 6328572.175598292611539 ], [ 8006723.562007959932089, 6507527.632955207489431 ] ] ], [ [ [ 9788977.733600651845336, 3151974.76246599946171 ], [ 9785342.673008404672146, 3223927.781315227039158 ], [ 9815455.394892990589142, 3245473.88568147784099 ], [ 9855234.434868024662137, 3184549.964907394722104 ], [ 9863874.412591671571136, 3099258.50520009174943 ], [ 9824172.166143843904138, 3084596.134093961212784 ], [ 9788977.733600651845336, 3151974.76246599946171 ] ] ], [ [ [ 8388960.790410870686173, 5771945.861449310556054 ], [ 8106988.764419433660805, 6156383.013298944570124 ], [ 8175213.378474988043308, 6146742.002683461643755 ], [ 8434996.282765995711088, 5776863.585791839286685 ], [ 8388960.790410870686173, 5771945.861449310556054 ] ] ], [ [ [ 7136569.864563329145312, 7256474.660325431264937 ], [ 7121377.246861069463193, 7199407.891847197897732 ], [ 7035228.891427378170192, 7310636.6140824444592 ], [ 6915138.682130314409733, 7414834.911158216185868 ], [ 6949520.625140292569995, 7448525.188226208090782 ], [ 7057118.385220355354249, 7351431.591682489961386 ], [ 7136569.864563329145312, 7256474.660325431264937 ] ] ], [ [ [ 9778848.506368828937411, 2781102.865137056447566 ], [ 9838316.879970287904143, 2904207.643680359702557 ], [ 9845389.986331265419722, 2996004.92052165325731 ], [ 9878898.129157708957791, 2992416.256509175524116 ], [ 9923837.372866021469235, 2906339.877670536283404 ], [ 9897201.689254788681865, 2866736.861572582274675 ], [ 9857410.578442256897688, 2790751.058059857226908 ], [ 9878484.504926385357976, 2673222.44726934004575 ], [ 9835508.386048322543502, 2641323.086707751266658 ], [ 9820970.243139650672674, 2695902.412483397871256 ], [ 9778848.506368828937411, 2781102.865137056447566 ] ] ], [ [ [ 9968728.812347082421184, 1554545.081170595716685 ], [ 10014838.476657167077065, 1634223.985865815076977 ], [ 10054590.691293187439442, 1674090.552732423646376 ], [ 10072659.197282403707504, 1619774.34654349531047 ], [ 10050517.426877081394196, 1550838.497373167192563 ], [ 10007466.195546206086874, 1480451.410210325848311 ], [ 9971489.107197884470224, 1491280.952986934455112 ], [ 9968728.812347082421184, 1554545.081170595716685 ] ] ], [ [ [ 6478967.813117574900389, 7993569.918272969312966 ], [ 6777711.711308815516531, 8362958.825691183097661 ], [ 6931596.452990680001676, 8552780.346530484035611 ], [ 7015349.192612529732287, 8340558.245542742311954 ], [ 7175458.533758376725018, 8207596.777146056294441 ], [ 7097048.107477203942835, 8191042.23703829664737 ], [ 7083320.696191540919244, 7887530.398532873019576 ], [ 7299007.581844525411725, 7550551.838070373050869 ], [ 7391712.291217650286853, 7450722.443271921016276 ], [ 7511219.320155807770789, 7226050.851932775229216 ], [ 7651318.912387274205685, 7127337.255815087817609 ], [ 7610828.545270924456418, 7080297.58785900939256 ], [ 7628510.826576459221542, 6917575.816001982428133 ], [ 7516504.583262835629284, 6987588.624465428292751 ], [ 7597114.940645723603666, 6858119.935019613243639 ], [ 7580249.336545154452324, 6780155.173706425353885 ], [ 7673886.81902218144387, 6661477.771226784214377 ], [ 7588810.308719244785607, 6653570.783555020578206 ], [ 7378759.855944070033729, 6811107.558397910557687 ], [ 7255122.317298273555934, 7000618.814695722423494 ], [ 7364190.239808934740722, 7227648.991216140799224 ], [ 7274930.996505166403949, 7395395.32556211296469 ], [ 7066315.507031993940473, 7421352.787188574671745 ], [ 6948145.595614959485829, 7510234.474228341132402 ], [ 6829491.674903643317521, 7530412.393129595555365 ], [ 6616273.995445363223553, 7847276.023169905878603 ], [ 6478967.813117574900389, 7993569.918272969312966 ] ] ], [ [ [ 9729748.912089705467224, 1266039.204569509485736 ], [ 9798109.362132539972663, 1366436.732320572715253 ], [ 9848925.111061098054051, 1332346.716083813924342 ], [ 9761143.126525193452835, 1197610.777683175634593 ], [ 9729748.912089705467224, 1266039.204569509485736 ] ] ], [ [ [ 8035386.735103606246412, 5639342.994894606992602 ], [ 8026987.355632371269166, 5702121.764652428217232 ], [ 8224037.356408786959946, 5614641.74436174146831 ], [ 8333450.568502617068589, 5427168.543111597187817 ], [ 8567218.587678443640471, 5099351.462328280322254 ], [ 8655153.398748153820634, 5088973.995115783065557 ], [ 8734993.914583200588822, 5181502.883864752948284 ], [ 8609032.414961690083146, 5275758.601364331319928 ], [ 8410343.376856308430433, 5516031.801863803528249 ], [ 8339342.715458212420344, 5639391.539228062145412 ], [ 8419300.346138821914792, 5606636.676205582916737 ], [ 8570243.968674153089523, 5432455.818615562282503 ], [ 8690032.73084787465632, 5365428.834392625838518 ], [ 8726633.342061340808868, 5519415.943094527348876 ], [ 8796326.537262544035912, 5539456.39925472997129 ], [ 8786710.16564073599875, 5685916.819873050786555 ], [ 8968569.409905022010207, 5492637.542752673849463 ], [ 8901219.73956018127501, 5481999.928058526478708 ], [ 8918711.654737526550889, 5336430.108631409704685 ], [ 8827405.109497126191854, 5320916.466293985955417 ], [ 8934528.474136417731643, 5239314.163213199935853 ], [ 9159487.190251687541604, 5357359.938204019330442 ], [ 9234077.375101471319795, 5193116.325617461465299 ], [ 9109061.143178414553404, 5180304.390599008649588 ], [ 9053170.205804031342268, 5079907.296816505491734 ], [ 9067407.049329264089465, 4977467.846745455637574 ], [ 8909203.578779961913824, 5007064.422630502842367 ], [ 8837056.610384296625853, 4964882.09963471069932 ], [ 8745973.581130502745509, 4995425.868643040768802 ], [ 8585374.802198400720954, 4969330.49013835657388 ], [ 8528412.06057364307344, 4992133.203038276173174 ], [ 8453088.318625558167696, 5060910.71460734307766 ], [ 8424133.396783662959933, 5158417.874171724542975 ], [ 8225309.811477804556489, 5502316.313541344366968 ], [ 8035386.735103606246412, 5639342.994894606992602 ] ] ], [ [ [ 7696672.552513374015689, 6050417.497067422606051 ], [ 7795495.387407558970153, 6059927.367403353564441 ], [ 7656955.98515594843775, 6149124.75829865410924 ], [ 7642286.830255730077624, 6211605.261281003244221 ], [ 7793908.68546252977103, 6146414.564680982381105 ], [ 7680405.128234753385186, 6308847.569518152624369 ], [ 7736813.101715050637722, 6323364.590708882547915 ], [ 7853570.046660581603646, 6188239.146996865980327 ], [ 7872902.914783069863915, 6293019.340467774309218 ], [ 7929421.315918697044253, 6288872.669281308539212 ], [ 7969382.505530922673643, 6106508.997309496626258 ], [ 7928641.516251664608717, 6020322.001915043219924 ], [ 7861856.943171820603311, 5969802.412300914525986 ], [ 7722951.104248532094061, 5959754.101298644207418 ], [ 7696672.552513374015689, 6050417.497067422606051 ] ] ], [ [ [ 8458693.933657960966229, 4415924.866669870913029 ], [ 8539106.230389097705483, 4435056.444618003442883 ], [ 8603044.642962034791708, 4591954.528771538287401 ], [ 8658089.067053435370326, 4576980.872829682193696 ], [ 8654589.16438882984221, 4797897.72683441080153 ], [ 8767238.279591681435704, 4624648.373135642148554 ], [ 8928104.921205407008529, 4636080.91807799320668 ], [ 9135336.537717510014772, 4530760.669821402989328 ], [ 9162947.570026496425271, 4589118.869896352291107 ], [ 9350918.377633702009916, 4554273.754413550719619 ], [ 9511567.003733469173312, 4359709.608702369965613 ], [ 9473639.202567985281348, 4324384.630997107364237 ], [ 9513337.692644871771336, 4162702.426145798061043 ], [ 9527999.520973993465304, 4067802.578228029422462 ], [ 9582175.372873462736607, 3992209.372277694288641 ], [ 9649166.463611535727978, 3863695.901626138947904 ], [ 9629162.512044360861182, 3763477.771200775634497 ], [ 9694452.937154775485396, 3579009.026955238543451 ], [ 9518108.063776314258575, 3449772.648043667897582 ], [ 9530507.365227246657014, 3332533.197224984876812 ], [ 9438743.74573826789856, 3305487.296301600057632 ], [ 9378143.853593878448009, 3202717.151081994641572 ], [ 9288509.141905497759581, 3215700.827000732999295 ], [ 9202827.050500247627497, 3285175.606812530662864 ], [ 9262167.904019797220826, 3342409.756194714456797 ], [ 9277116.65761535987258, 3478523.046311309095472 ], [ 9181667.37833171710372, 3676695.12119061825797 ], [ 9113470.909766783937812, 3715438.618270562030375 ], [ 9048843.229773562401533, 3845371.284320005215704 ], [ 9037049.4616972617805, 3957496.211861558724195 ], [ 8956863.991933900862932, 4081998.62790457950905 ], [ 8855506.922230673953891, 4087835.829022264108062 ], [ 8727746.129167038947344, 4156209.516060966998339 ], [ 8564801.070600332692266, 4148526.574569779913872 ], [ 8458693.933657960966229, 4415924.866669870913029 ] ] ], [ [ [ 9338926.857098899781704, 899679.915420731762424 ], [ 9364133.36243255995214, 1005073.455093651544303 ], [ 9340692.544752042740583, 1229200.882682857802138 ], [ 9450607.447910852730274, 1379650.464486110722646 ], [ 9510872.718181101605296, 1634393.812485428061336 ], [ 9598085.883261336013675, 1789479.719679780770093 ], [ 9567838.770678302273154, 1868518.548983256798238 ], [ 9629189.082106722518802, 2067514.323112077778205 ], [ 9682662.1216358281672, 2140190.934997478500009 ], [ 9689192.959647780284286, 2372726.503596909344196 ], [ 9806739.678581237792969, 2326448.745688302908093 ], [ 9799228.030054174363613, 2511859.460318830795586 ], [ 9910588.152160070836544, 2633912.813942636363208 ], [ 9888166.008591275662184, 2765251.818082507234067 ], [ 9956897.608905740082264, 2868830.166800844017416 ], [ 10245111.795256219804287, 2895707.062706515192986 ], [ 10264681.669137017801404, 2850737.114382441155612 ], [ 10249467.988280961290002, 2768753.278547102585435 ], [ 10306842.976609257981181, 2673546.660071229096502 ], [ 10249736.442165140062571, 2497113.153408862184733 ], [ 10203120.102350503206253, 2226973.836643955204636 ], [ 10095404.722867639735341, 1981523.163332235300913 ], [ 9929550.481643280014396, 1804763.473284603562206 ], [ 9850835.291094202548265, 1668063.018284867051989 ], [ 9845105.42364457808435, 1583863.219185900175944 ], [ 9679440.490931302309036, 1452676.351392972748727 ], [ 9648474.354906316846609, 1297360.277260639704764 ], [ 9599896.963621942326427, 1281362.293408847879618 ], [ 9425743.888890640810132, 895357.301341023179702 ], [ 9368901.419314807280898, 834083.066416761022992 ], [ 9338926.857098899781704, 899679.915420731762424 ] ] ] ] } },
{ "type": "Feature", "properties": { "ISO3": "IND", "ISO2": "IN", "ISONUM": 356, "NAMEen": "India", "NAMEfr": "Inde", "NAMEde": "Indien", "REGION_BLOC": null, "REGION_UN": "Asia", "SUBREGION_UN": "Southern Asia", "LAST_DEV": "FALSE", "AREA_2021": 3287260.0, "FOREST_AREA_2021": 724264.0, "POP_2023": 1428627663, "LIFE_EXP_2022": 67.744, "FERT_2022": 2.011, "HIV_2022": 0.2, "CO2_POP_2020": 1.57609323191648, "GNI_POP_2023": 10030, "INC_20P_2021": 7.9, "GDP_INDS_2023": 25.008705350934299, "HIG_TEC_EXP_2022": 12.4817280249188, "MIL_EXP_2022": 2.4252271169661501, "JamesBond": 1, "ARG_nacion": 707.0, "AUS_sydmor": 1900.0, "BRA_oglobo": 1047.0, "CAN_tostar": 2166.0, "CHN_mopost": 2873.0, "DEU_frankf": 1185.0, "DZA_alnaha": 745.0, "EGY_alwafd": 1127.0, "ESP_abc": 1133.0, "FRA_lmonde": 1336.0, "GBR_indept": 1991.0, "IDN_republ": 1991.0, "IND_tindia": null, "IRN_hamsha": 1673.0, "ITA_repubb": 1249.0, "JPN_asahis": 1493.0, "KEN_standa": 1655.0, "MEX_inform": 1253.0, "NGA_vangua": 1441.0, "RUS_isvest": 1307.0, "SAU_spa": 745.0, "TUR_sabah": 1055.0, "USA_nytime": 2836.0, "ZAF_times": 2394.0, "mean": 1534.8695652173913, "rnk": 16.0, "sd": 614.88463842990507, "min": 707.0, "Q1": 1130.0, "Q2": 1336.0, "Q3": 1945.5, "max": 2873.0, "nbsup0": 23, "nbsup10": 23, "nbsup100": 23 }, "geometry": { "type": "MultiPolygon", "coordinates": [ [ [ [ 8519434.07215011306107, 414938.042067946516909 ], [ 8446900.841411203145981, 452334.568462900875602 ], [ 8489391.918953511863947, 495005.977073121466674 ], [ 8605705.698303556069732, 449585.757365409925114 ], [ 8742386.149032641202211, 414921.655615532246884 ], [ 8694804.123359398916364, 388793.94786863354966 ], [ 8646202.253857450559735, 383769.855234515096527 ], [ 8519434.07215011306107, 414938.042067946516909 ] ] ], [ [ [ 6577949.165098971687257, -1042313.562276390148327 ], [ 6610948.4464370617643, -1109122.266712900949642 ], [ 6708038.445110079832375, -1178416.287822327809408 ], [ 6903881.064166027121246, -878022.927633000072092 ], [ 6946645.038915451616049, -659460.151738239102997 ], [ 6980536.887621428817511, -654909.095084413769655 ], [ 7043019.758153614588082, -514535.933331697538961 ], [ 7078271.413728650659323, -330555.880145399190951 ], [ 7070842.23546457849443, -237752.809459933807375 ], [ 6915209.196283287368715, -227199.953325633512577 ], [ 6889769.215474157594144, -167120.471131391706876 ], [ 6978067.151296206749976, -134920.118328294163803 ], [ 7033248.708805232308805, -110916.308274218099541 ], [ 7047960.864746000617743, -22475.596187189359625 ], [ 7025980.972991831600666, 249755.485728813015157 ], [ 6927367.654772359877825, 197478.281378655519802 ], [ 6905585.752870136871934, 317021.149805293069221 ], [ 6816712.14464720711112, 410505.146893518802244 ], [ 6735234.057161463424563, 545504.49960227124393 ], [ 6758044.035536044277251, 624730.326892557088286 ], [ 6713099.273815461434424, 722396.84735610242933 ], [ 6823302.245836705900729, 876929.328853744547814 ], [ 6927983.332864280790091, 821069.540661066072062 ], [ 6945694.170948715880513, 747502.436784289311618 ], [ 7045087.540053592063487, 621400.658467072295025 ], [ 7090844.17544287443161, 639231.550679183215834 ], [ 7345263.373382263816893, 526478.065909345634282 ], [ 7329923.613443932496011, 423021.435786869435105 ], [ 7430153.225155282765627, 438165.991379683546256 ], [ 7558452.404134143143892, 393337.841601762338541 ], [ 7562998.903202772140503, 340243.251595473790076 ], [ 7371201.625618173740804, 276832.684437428193633 ], [ 7460718.674743907526135, 206581.216475495719351 ], [ 7388174.340959688648582, 147126.381962935556658 ], [ 7296770.990706871263683, 268527.93771670665592 ], [ 7211241.006506088189781, 252043.034135742927901 ], [ 7219150.30441992264241, 45945.014257177979744 ], [ 7194417.36595755815506, -25739.350764054532192 ], [ 7132662.428637702018023, -20616.323432045450318 ], [ 7072292.381175108253956, -189994.221027881256305 ], [ 7131279.269883506000042, -239759.211721813684562 ], [ 7216043.567921753041446, -135510.782261418062262 ], [ 7270832.434088777750731, -251134.629679455043515 ], [ 7320206.841319398954511, -159752.129510107944952 ], [ 7383049.490815137512982, -188160.736306820705067 ], [ 7435834.903726244345307, -135673.33128721191315 ], [ 7611989.077040046453476, -116725.338832691777498 ], [ 7613518.454543896950781, -232710.031457920587854 ], [ 7578540.093471338041127, -258669.759696836670628 ], [ 7647878.682836558669806, -422595.258250156824943 ], [ 7704735.168169714510441, -404477.962600146478508 ], [ 7782990.033229179680347, -507591.449534233834129 ], [ 7810685.534190133213997, -637121.338522359263152 ], [ 7938327.309786720201373, -823510.676521366578527 ], [ 8045086.888872907496989, -1087834.646755210356787 ], [ 8094653.399449847638607, -1093377.876762936124578 ], [ 8101465.015748309902847, -1247145.224330388940871 ], [ 8147693.373295130208135, -1290632.388964514480904 ], [ 8149231.073782836087048, -1398362.045994312968105 ], [ 8216061.067465172149241, -1440651.228647332405671 ], [ 8404946.196134330704808, -1429463.47059944877401 ], [ 8537032.682756956666708, -1526546.045991653343663 ], [ 8726194.286699889227748, -1562020.939989288570359 ], [ 8739872.523514490574598, -1657375.179870249470696 ], [ 8810102.48145755007863, -1719405.464390541659668 ], [ 8821384.84847748093307, -1836496.059456918388605 ], [ 8876348.898070953786373, -1879227.002483786549419 ], [ 8893367.174204917624593, -1969834.540851950412616 ], [ 8765804.360269827768207, -2098320.002691592089832 ], [ 8432542.795157732442021, -2175972.671523150522262 ], [ 8280094.407790985889733, -2246927.67124962201342 ], [ 8062041.357161287218332, -2271726.73253909079358 ], [ 7883838.374634624458849, -2343229.315201703924686 ], [ 7451879.730011014267802, -2328127.058216407429427 ], [ 7390194.5254219872877, -2276463.295652727596462 ], [ 7203005.427439744584262, -2265272.366683209780604 ], [ 7204697.680351997725666, -2323152.061776754911989 ], [ 7285777.249278827570379, -2352575.352782176341861 ], [ 7290104.370255789719522, -2512684.739878268912435 ], [ 7202900.636698927730322, -2613440.062462422065437 ], [ 7032372.422927557490766, -2707280.698269840329885 ], [ 7061236.613431645557284, -2545198.301984348800033 ], [ 6924598.838499550707638, -2710574.529943965841085 ], [ 6836712.453937481157482, -2736838.370884317904711 ], [ 6816190.093221308663487, -2653970.73206909140572 ], [ 6885198.300065599381924, -2509813.144171620253474 ], [ 6877568.35111428424716, -2359565.865345808677375 ], [ 6700227.213641825132072, -2430125.960163042414933 ], [ 6646885.430872592143714, -2398521.750614744611084 ], [ 6588581.137245589867234, -2467945.776787496637553 ], [ 6499969.154891232028604, -2321959.604080178309232 ], [ 6552023.809956491924822, -2277608.552812079899013 ], [ 6565685.392828490585089, -2150961.710440381895751 ], [ 6490068.34738786239177, -1996416.777199731674045 ], [ 6410100.192351197823882, -1914548.519585106987506 ], [ 6327892.408661776222289, -1736003.330738190794364 ], [ 6255701.499702695757151, -1736101.589156188070774 ], [ 6222270.673153265379369, -1625530.06395509513095 ], [ 6132829.995347551070154, -1723109.756989667890593 ], [ 5950330.576109243556857, -1731562.929446906782687 ], [ 5923042.154653460718691, -1666472.51746888179332 ], [ 5992909.955004582181573, -1518987.035681993700564 ], [ 5930364.893799961544573, -1341720.691623801598325 ], [ 5935277.80327679309994, -1283214.931769978487864 ], [ 6036535.549110339023173, -1253052.947161465650424 ], [ 6081538.124871650710702, -1190710.257405394222587 ], [ 6167758.971295140683651, -1223333.210092596244067 ], [ 6281084.200269720517099, -1166804.149664298864082 ], [ 6309782.244413502514362, -1250662.392727211350575 ], [ 6469299.77943691983819, -1189928.892776415683329 ], [ 6577949.165098971687257, -1042313.562276390148327 ] ] ] ] } },
{ "type": "Feature", "properties": { "ISO3": "IRL", "ISO2": "IE", "ISONUM": 372, "NAMEen": "Ireland", "NAMEfr": "Irlande", "NAMEde": "Irland", "REGION_BLOC": "EU", "REGION_UN": "Europe", "SUBREGION_UN": "Northern Europe", "LAST_DEV": "FALSE", "AREA_2021": 70280.0, "FOREST_AREA_2021": 7860.2, "POP_2023": 5262382, "LIFE_EXP_2022": 83.056097560975601, "FERT_2022": 1.7, "HIV_2022": 0.2, "CO2_POP_2020": 6.7682275901826596, "GNI_POP_2023": 98650, "INC_20P_2021": 8.9, "GDP_INDS_2023": 37.591813993785799, "HIG_TEC_EXP_2022": 40.689742633958502, "MIL_EXP_2022": 0.225109121716702, "JamesBond": 0, "ARG_nacion": 439.0, "AUS_sydmor": 1298.0, "BRA_oglobo": 233.0, "CAN_tostar": 890.0, "CHN_mopost": 636.0, "DEU_frankf": 514.0, "DZA_alnaha": 23.0, "EGY_alwafd": 97.0, "ESP_abc": 676.0, "FRA_lmonde": 622.0, "GBR_indept": 3440.0, "IDN_republ": 219.0, "IND_tindia": 382.0, "IRN_hamsha": 200.0, "ITA_repubb": 5.0, "JPN_asahis": 146.0, "KEN_standa": 326.0, "MEX_inform": 225.0, "NGA_vangua": 231.0, "RUS_isvest": 233.0, "SAU_spa": 18.0, "TUR_sabah": 283.0, "USA_nytime": 1294.0, "ZAF_times": 610.0, "mean": 543.33333333333337, "rnk": 47.0, "sd": 711.44871590461025, "min": 5.0, "Q1": 214.25, "Q2": 304.5, "Q3": 625.5, "max": 3440.0, "nbsup0": 24, "nbsup10": 23, "nbsup100": 20 }, "geometry": { "type": "MultiPolygon", "coordinates": [ [ [ [ -491604.036580422543921, -3865886.228713728487492 ], [ -542499.84210914443247, -3921075.896516261156648 ], [ -437410.007759023457766, -3981192.992549777030945 ], [ -431587.378627660567872, -4108644.656036785803735 ], [ -494231.223731847305316, -4213737.673625252209604 ], [ -647978.222931648138911, -4236457.359315390698612 ], [ -766291.691332522663288, -4182616.904187757521868 ], [ -731886.166926295612939, -4112345.316872506402433 ], [ -682763.916914604371414, -4053928.746493953280151 ], [ -721109.77036321698688, -4017211.497935541905463 ], [ -680351.265283111017197, -3920866.08260936755687 ], [ -587015.086422358872369, -3941792.61309126066044 ], [ -559647.531497075920925, -3846361.003512346651405 ], [ -491604.036580422543921, -3865886.228713728487492 ] ] ] ] } },
{ "type": "Feature", "properties": { "ISO3": "IRN", "ISO2": "IR", "ISONUM": 364, "NAMEen": "Iran", "NAMEfr": "Iran", "NAMEde": "Iran", "REGION_BLOC": null, "REGION_UN": "Asia", "SUBREGION_UN": "Southern Asia", "LAST_DEV": "FALSE", "AREA_2021": 1745150.0, "FOREST_AREA_2021": 107656.3, "POP_2023": 89172767, "LIFE_EXP_2022": 74.556, "FERT_2022": 1.681, "HIV_2022": 0.1, "CO2_POP_2020": 7.06335132057733, "GNI_POP_2023": 17900, "INC_20P_2021": 7.2, "GDP_INDS_2023": 41.811560157419201, "HIG_TEC_EXP_2022": 0.38052282384481001, "MIL_EXP_2022": 2.5858676814208001, "JamesBond": 0, "ARG_nacion": 823.0, "AUS_sydmor": 927.0, "BRA_oglobo": 1968.0, "CAN_tostar": 1673.0, "CHN_mopost": 864.0, "DEU_frankf": 2336.0, "DZA_alnaha": 1776.0, "EGY_alwafd": 3002.0, "ESP_abc": 1312.0, "FRA_lmonde": 1912.0, "GBR_indept": 1589.0, "IDN_republ": 2020.0, "IND_tindia": 1755.0, "IRN_hamsha": null, "ITA_repubb": 1191.0, "JPN_asahis": 2363.0, "KEN_standa": 895.0, "MEX_inform": 1204.0, "NGA_vangua": 1030.0, "RUS_isvest": 1204.0, "SAU_spa": 917.0, "TUR_sabah": 2385.0, "USA_nytime": 3322.0, "ZAF_times": 1128.0, "mean": 1634.608695652174, "rnk": 13.0, "sd": 700.20962699689471, "min": 823.0, "Q1": 1079.0, "Q2": 1589.0, "Q3": 1994.0, "max": 3322.0, "nbsup0": 23, "nbsup10": 23, "nbsup100": 23 }, "geometry": { "type": "MultiPolygon", "coordinates": [ [ [ [ 4108600.435486923903227, -3948843.219429343473166 ], [ 4133086.210854699835181, -3920228.118475830648094 ], [ 4157053.686348190531135, -3763193.149763191584498 ], [ 4214628.293289020657539, -3749961.66620975965634 ], [ 4239219.906595495529473, -3815274.074310665950179 ], [ 4328494.437299778684974, -3779409.675746631808579 ], [ 4413533.29175822250545, -3818742.946343552786857 ], [ 4499271.162170379422605, -3755471.554649110883474 ], [ 4617853.961046637967229, -3727651.201269794255495 ], [ 4684229.392793699167669, -3671713.344246006105095 ], [ 4794545.179941509850323, -3481608.729875546414405 ], [ 4741641.325935841538012, -3455921.937701884657145 ], [ 4777723.711118681356311, -3372353.895034170243889 ], [ 4764027.676074930466712, -3283647.635216964874417 ], [ 4846903.163679106160998, -3121419.754833768587559 ], [ 4913511.718007492832839, -3095366.307021537330002 ], [ 4985427.960257060825825, -3019152.560282685328275 ], [ 5166814.76622222084552, -2942046.811988345813006 ], [ 5203004.638540244661272, -2875119.258248411118984 ], [ 5312871.036902932450175, -2912367.699571078643203 ], [ 5465089.466522469185293, -3090514.575678118504584 ], [ 5689293.515790844336152, -3176805.711940658744425 ], [ 5746228.12088358681649, -3099049.394063367974013 ], [ 5806706.389910018071532, -3115460.097142343875021 ], [ 5848988.777411630377173, -3262946.499368818476796 ], [ 6036333.368905873037875, -3224078.062185497488827 ], [ 6111312.240669909864664, -3148976.553972955327481 ], [ 6216510.485936294309795, -3194764.409120069351047 ], [ 6294683.359146921895444, -3187765.9120416296646 ], [ 6259078.641299788840115, -3348057.05071818549186 ], [ 6344661.615915212780237, -3432230.784192001447082 ], [ 6228785.725864724256098, -3610148.024940379429609 ], [ 6018428.582220040261745, -3859879.862289221026003 ], [ 5898229.177574533037841, -3826709.635020884219557 ], [ 5820609.001813195645809, -3874083.899672775994986 ], [ 5777266.168577798642218, -4075182.796225416008383 ], [ 5680246.1555529339239, -4170102.520743072964251 ], [ 5502323.622616927139461, -4233825.751276919618249 ], [ 5394504.999396913684905, -4309418.8380335746333 ], [ 5107454.570600080303848, -4274522.979066929779947 ], [ 5005392.894463486038148, -4359014.643180259503424 ], [ 5010019.602522755041718, -4427658.227605716325343 ], [ 4858454.55018287524581, -4425050.561381125822663 ], [ 4807626.695350538939238, -4354502.866202828474343 ], [ 4713536.959981959313154, -4342929.518191228620708 ], [ 4591488.175410704687238, -4391796.342931131832302 ], [ 4442420.979723232798278, -4383826.560653737746179 ], [ 4408031.680993006564677, -4344322.830930053256452 ], [ 4362094.834406354464591, -4171219.670719018671662 ], [ 4282694.955895488150418, -4229273.27104408107698 ], [ 4147616.534803824964911, -4181614.220632706303149 ], [ 4043670.403355607297271, -4155081.797778618521988 ], [ 3921536.931851508561522, -4052175.142981440760195 ], [ 3963278.687707200180739, -3986213.428966824896634 ], [ 4040568.175514453556389, -4005577.238282481208444 ], [ 4108600.435486923903227, -3948843.219429343473166 ] ] ] ] } },
{ "type": "Feature", "properties": { "ISO3": "IRQ", "ISO2": "IQ", "ISONUM": 368, "NAMEen": "Iraq", "NAMEfr": "Irak", "NAMEde": "Irak", "REGION_BLOC": "Arab League", "REGION_UN": "Asia", "SUBREGION_UN": "Western Asia", "LAST_DEV": "FALSE", "AREA_2021": 435050.0, "FOREST_AREA_2021": 8250.0, "POP_2023": 45504560, "LIFE_EXP_2022": 71.336, "FERT_2022": 3.445, "HIV_2022": 0.1, "CO2_POP_2020": 3.84217781974399, "GNI_POP_2023": 14040, "INC_20P_2021": 8.8, "GDP_INDS_2023": 55.5843655997855, "HIG_TEC_EXP_2022": null, "MIL_EXP_2022": 1.6669677433245, "JamesBond": 0, "ARG_nacion": 575.0, "AUS_sydmor": 903.0, "BRA_oglobo": 887.0, "CAN_tostar": 1297.0, "CHN_mopost": 483.0, "DEU_frankf": 1172.0, "DZA_alnaha": 3219.0, "EGY_alwafd": 3092.0, "ESP_abc": 962.0, "FRA_lmonde": 1446.0, "GBR_indept": 1540.0, "IDN_republ": 1111.0, "IND_tindia": 1073.0, "IRN_hamsha": 4662.0, "ITA_repubb": 712.0, "JPN_asahis": 1160.0, "KEN_standa": 539.0, "MEX_inform": 904.0, "NGA_vangua": 445.0, "RUS_isvest": 644.0, "SAU_spa": 2412.0, "TUR_sabah": 3826.0, "USA_nytime": 1262.0, "ZAF_times": 718.0, "mean": 1460.1666666666667, "rnk": 18.0, "sd": 1134.811099647892, "min": 445.0, "Q1": 716.5, "Q2": 1092.0, "Q3": 1469.5, "max": 4662.0, "nbsup0": 24, "nbsup10": 24, "nbsup100": 24 }, "geometry": { "type": "MultiPolygon", "coordinates": [ [ [ [ 4147616.534803824964911, -4181614.220632706303149 ], [ 4282694.955895488150418, -4229273.27104408107698 ], [ 4362094.834406354464591, -4171219.670719018671662 ], [ 4408031.680993006564677, -4344322.830930053256452 ], [ 4442420.979723232798278, -4383826.560653737746179 ], [ 4591488.175410704687238, -4391796.342931131832302 ], [ 4713536.959981959313154, -4342929.518191228620708 ], [ 4807626.695350538939238, -4354502.866202828474343 ], [ 4858454.55018287524581, -4425050.561381125822663 ], [ 5010019.602522755041718, -4427658.227605716325343 ], [ 4962014.979071208275855, -4475978.063359210267663 ], [ 4898750.710085587576032, -4550529.260489043779671 ], [ 4922192.301486417651176, -4665693.080052324570715 ], [ 4761524.307080371305346, -4813023.189331469126046 ], [ 4397340.142723513767123, -4870836.083398493006825 ], [ 4194713.095598827116191, -4924568.33296313136816 ], [ 4070023.07226701034233, -4999888.311566539108753 ], [ 3950426.307208032347262, -4917817.802483999170363 ], [ 4043227.316859289072454, -4702267.773183302953839 ], [ 4052603.432712983805686, -4629959.915506371296942 ], [ 3941191.100296816322953, -4468066.10203704982996 ], [ 3970582.721930738072842, -4354865.683996650390327 ], [ 3979496.952580210287124, -4309191.664373797364533 ], [ 4147616.534803824964911, -4181614.220632706303149 ] ] ] ] } },
{ "type": "Feature", "properties": { "ISO3": "ISL", "ISO2": "IS", "ISONUM": 352, "NAMEen": "Iceland", "NAMEfr": "Islande", "NAMEde": "Island", "REGION_BLOC": "EFTA", "REGION_UN": "Europe", "SUBREGION_UN": "Northern Europe", "LAST_DEV": "FALSE", "AREA_2021": 103000.0, "FOREST_AREA_2021": 520.033, "POP_2023": 393600, "LIFE_EXP_2022": 82.170731707317103, "FERT_2022": 1.589, "HIV_2022": 0.1, "CO2_POP_2020": 3.9474653648526599, "GNI_POP_2023": 79290, "INC_20P_2021": 9.7, "GDP_INDS_2023": 21.042033922938899, "HIG_TEC_EXP_2022": 33.2756682687059, "MIL_EXP_2022": null, "JamesBond": 2, "ARG_nacion": 105.0, "AUS_sydmor": 104.0, "BRA_oglobo": 94.0, "CAN_tostar": 235.0, "CHN_mopost": 111.0, "DEU_frankf": 338.0, "DZA_alnaha": 4.0, "EGY_alwafd": 10.0, "ESP_abc": 161.0, "FRA_lmonde": 225.0, "GBR_indept": 403.0, "IDN_republ": 106.0, "IND_tindia": 34.0, "IRN_hamsha": 51.0, "ITA_repubb": 239.0, "JPN_asahis": 82.0, "KEN_standa": 40.0, "MEX_inform": 91.0, "NGA_vangua": 149.0, "RUS_isvest": 73.0, "SAU_spa": 3.0, "TUR_sabah": 229.0, "USA_nytime": 233.0, "ZAF_times": 109.0, "mean": 134.54166666666666, "rnk": 103.0, "sd": 104.6675811138859, "min": 3.0, "Q1": 67.5, "Q2": 105.5, "Q3": 226.0, "max": 403.0, "nbsup0": 24, "nbsup10": 21, "nbsup100": 14 }, "geometry": { "type": "MultiPolygon", "coordinates": [ [ [ [ -723665.984802694874816, -2517336.129195399582386 ], [ -644596.728430652641691, -2574781.665603493805975 ], [ -637360.654965448309667, -2685638.47265287861228 ], [ -717491.334348775446415, -2765389.056054944638163 ], [ -816199.145849570282735, -2809782.529151789844036 ], [ -953588.774325848789886, -2812076.788165734615177 ], [ -1052988.393677958287299, -2719224.048107129521668 ], [ -1059286.843581055756658, -2614811.164480501785874 ], [ -1141995.083845768589526, -2576883.651011221110821 ], [ -1073337.499355988344178, -2545967.981008497998118 ], [ -1135498.092834230046719, -2487031.295853237621486 ], [ -1098438.268295847112313, -2409443.359757140744478 ], [ -1014897.016498916200362, -2396594.452298883348703 ], [ -989396.713507463573478, -2484447.141362119000405 ], [ -951468.120940722408704, -2541818.399672476109117 ], [ -902509.82757718488574, -2493021.214221543632448 ], [ -824640.877167564816773, -2543489.066615296993405 ], [ -723665.984802694874816, -2517336.129195399582386 ] ] ] ] } },
{ "type": "Feature", "properties": { "ISO3": "ISR", "ISO2": "IL", "ISONUM": 376, "NAMEen": "Israel", "NAMEfr": "Israël", "NAMEde": "Israel", "REGION_BLOC": null, "REGION_UN": "Asia", "SUBREGION_UN": "Western Asia", "LAST_DEV": "FALSE", "AREA_2021": 22070.0, "FOREST_AREA_2021": 1400.0, "POP_2023": 9756700, "LIFE_EXP_2022": 82.7, "FERT_2022": 2.89, "HIV_2022": null, "CO2_POP_2020": 6.34521600416707, "GNI_POP_2023": 53340, "INC_20P_2021": 5.5, "GDP_INDS_2023": 17.1721204881357, "HIG_TEC_EXP_2022": 21.833718391093399, "MIL_EXP_2022": 4.5113914425636699, "JamesBond": 0, "ARG_nacion": 1290.0, "AUS_sydmor": 1515.0, "BRA_oglobo": 1651.0, "CAN_tostar": 1298.0, "CHN_mopost": 598.0, "DEU_frankf": 2421.0, "DZA_alnaha": 1050.0, "EGY_alwafd": 3622.0, "ESP_abc": 1168.0, "FRA_lmonde": 1946.0, "GBR_indept": 1736.0, "IDN_republ": 3017.0, "IND_tindia": 921.0, "IRN_hamsha": 2024.0, "ITA_repubb": 982.0, "JPN_asahis": 1219.0, "KEN_standa": 755.0, "MEX_inform": 1190.0, "NGA_vangua": 1000.0, "RUS_isvest": 942.0, "SAU_spa": 502.0, "TUR_sabah": 2914.0, "USA_nytime": 2435.0, "ZAF_times": 1021.0, "mean": 1550.7083333333333, "rnk": 15.0, "sd": 816.89307901109794, "min": 502.0, "Q1": 995.5, "Q2": 1254.5, "Q3": 1965.5, "max": 3622.0, "nbsup0": 24, "nbsup10": 24, "nbsup100": 24 }, "geometry": { "type": "MultiPolygon", "coordinates": [ [ [ [ 3726778.893185267224908, -5175376.359443869441748 ], [ 3739246.129609653260559, -5216747.779920388944447 ], [ 3698766.922248759772629, -5261686.879875563085079 ], [ 3728574.470549527555704, -5309263.14991682767868 ], [ 3746311.845506495796144, -5333272.377692828886211 ], [ 3784651.214838167186826, -5315737.363042026758194 ], [ 3791722.623771061189473, -5335262.735283828340471 ], [ 3803495.163937802892178, -5345851.46617737505585 ], [ 3856316.846182153560221, -5516489.436799446120858 ], [ 3854055.32239368930459, -5527386.576682796701789 ], [ 3684836.380724668037146, -5412241.946598238311708 ], [ 3693483.11439766548574, -5365101.063680300489068 ], [ 3683470.021634272299707, -5363250.463414218276739 ], [ 3645630.754443384706974, -5186200.514180511236191 ], [ 3689519.610799631569535, -5111676.324603253975511 ], [ 3726778.893185267224908, -5175376.359443869441748 ] ] ] ] } },
{ "type": "Feature", "properties": { "ISO3": "ITA", "ISO2": "IT", "ISONUM": 380, "NAMEen": "Italy", "NAMEfr": "Italie", "NAMEde": "Italien", "REGION_BLOC": "EU", "REGION_UN": "Europe", "SUBREGION_UN": "Southern Europe", "LAST_DEV": "FALSE", "AREA_2021": 302068.0, "FOREST_AREA_2021": 96199.4, "POP_2023": 58761146, "LIFE_EXP_2022": 82.9, "FERT_2022": 1.24, "HIV_2022": 0.2, "CO2_POP_2020": 4.7323727707993504, "GNI_POP_2023": 58650, "INC_20P_2021": 6.5, "GDP_INDS_2023": 23.125814841220901, "HIG_TEC_EXP_2022": 8.7697545297058301, "MIL_EXP_2022": 1.6790923384615599, "JamesBond": 8, "ARG_nacion": 2766.0, "AUS_sydmor": 807.0, "BRA_oglobo": 2176.0, "CAN_tostar": 1215.0, "CHN_mopost": 750.0, "DEU_frankf": 3616.0, "DZA_alnaha": 1346.0, "EGY_alwafd": 1502.0, "ESP_abc": 3100.0, "FRA_lmonde": 2418.0, "GBR_indept": 1628.0, "IDN_republ": 2976.0, "IND_tindia": 790.0, "IRN_hamsha": 1806.0, "ITA_repubb": null, "JPN_asahis": 1117.0, "KEN_standa": 884.0, "MEX_inform": 1715.0, "NGA_vangua": 1108.0, "RUS_isvest": 1650.0, "SAU_spa": 532.0, "TUR_sabah": 2314.0, "USA_nytime": 1678.0, "ZAF_times": 1135.0, "mean": 1696.9130434782608, "rnk": 11.0, "sd": 839.41391420894911, "min": 532.0, "Q1": 1112.5, "Q2": 1628.0, "Q3": 2245.0, "max": 3616.0, "nbsup0": 23, "nbsup10": 23, "nbsup100": 23 }, "geometry": { "type": "MultiPolygon", "coordinates": [ [ [ [ 1550972.41949435416609, -5534353.17796581890434 ], [ 1563817.515043590916321, -5580419.252907862886786 ], [ 1528711.706328720552847, -5657774.075475625693798 ], [ 1554991.414626951795071, -5677656.374382423236966 ], [ 1545605.808337891940027, -5738790.590700634755194 ], [ 1251540.896550293080509, -5679373.69075277261436 ], [ 1275463.740081254858524, -5631754.045809365808964 ], [ 1407139.883529519662261, -5614893.928466313518584 ], [ 1550972.41949435416609, -5534353.17796581890434 ] ] ], [ [ [ 861253.521831417456269, -5365619.963237206451595 ], [ 883448.131308234296739, -5358430.46574236638844 ], [ 941190.755215924116783, -5433831.467078756541014 ], [ 941119.747711363597773, -5589271.990663354285061 ], [ 876796.374612069106661, -5629129.888894797302783 ], [ 823757.910102625726722, -5597570.247249081730843 ], [ 818116.575939015601762, -5518065.518274495378137 ], [ 783511.038337498437613, -5414985.223305836319923 ], [ 861253.521831417456269, -5365619.963237206451595 ] ] ], [ [ [ 1147748.503998272819445, -4710287.942758150398731 ], [ 1142249.634249079972506, -4745705.543300756253302 ], [ 1165326.327421488938853, -4776812.284531697630882 ], [ 1173040.713860974414274, -4810125.241759638302028 ], [ 1067796.13654585275799, -4852443.895337627269328 ], [ 1092501.844314320478588, -4981906.403492631390691 ], [ 1219577.116564033553004, -5034608.811152968555689 ], [ 1285012.791015015682206, -5125174.486872632056475 ], [ 1397797.530066866660491, -5172074.606483174487948 ], [ 1478898.764080587774515, -5148337.805156037211418 ], [ 1494235.069459960097447, -5203592.564238155260682 ], [ 1614765.41826324374415, -5210432.449687717482448 ], [ 1743132.011959669180214, -5233060.895040898583829 ], [ 1738349.7266772959847, -5278292.257830242626369 ], [ 1639521.575938195222989, -5272231.934199515730143 ], [ 1619362.198735611513257, -5373331.95905898604542 ], [ 1690650.701133069116622, -5385648.569853340275586 ], [ 1652490.307085906853899, -5561043.598674221895635 ], [ 1607483.356401321012527, -5572900.880375827662647 ], [ 1591441.315678541781381, -5485205.214373904280365 ], [ 1497307.335465444950387, -5359068.928326863795519 ], [ 1288840.961225910345092, -5278288.126374167390168 ], [ 1226985.300362198613584, -5295843.21661195717752 ], [ 1020942.976995219592936, -5206438.60639460850507 ], [ 899490.636234394391067, -5046750.005347724072635 ], [ 770733.547974621644244, -5022236.734750253148377 ], [ 672574.438057840219699, -5107133.22159400396049 ], [ 575557.519617457990535, -4972324.521367392502725 ], [ 600768.599834184278734, -4877326.419697194360197 ], [ 685003.370587336597964, -4829350.77003909740597 ], [ 761976.08443581010215, -4865875.232382478192449 ], [ 795486.306897331262007, -4785520.33197866845876 ], [ 872701.892439007293433, -4729954.944239656440914 ], [ 1006139.941583347506821, -4688760.480581787414849 ], [ 1147748.503998272819445, -4710287.942758150398731 ] ], [ [ 1102710.391358427237719, -5018185.626406019553542 ], [ 1106862.857253761729226, -5020391.787968880496919 ], [ 1112035.979805673006922, -5018128.632978066802025 ], [ 1113183.26095683965832, -5012958.810147883370519 ], [ 1110945.407473222119734, -5008647.952093950472772 ], [ 1106575.706195550039411, -5009289.731725010089576 ], [ 1102823.860148372128606, -5013434.454053614288568 ], [ 1102710.391358427237719, -5018185.626406019553542 ] ], [ [ 1151437.024699995294213, -5239770.907144543714821 ], [ 1161815.060715731000528, -5238119.095534455031157 ], [ 1161448.301135376561433, -5229441.36752172280103 ], [ 1151113.865916050504893, -5231137.149688493460417 ], [ 1151437.024699995294213, -5239770.907144543714821 ] ] ] ] } },
{ "type": "Feature", "properties": { "ISO3": "JAM", "ISO2": "JM", "ISONUM": 388, "NAMEen": "Jamaica", "NAMEfr": "Jamaïque", "NAMEde": "Jamaika", "REGION_BLOC": null, "REGION_UN": "Americas", "SUBREGION_UN": "Latin America and the Caribbean", "LAST_DEV": "FALSE", "AREA_2021": 10990.0, "FOREST_AREA_2021": 6007.733, "POP_2023": 2825544, "LIFE_EXP_2022": 70.629, "FERT_2022": 1.34, "HIV_2022": 1.3, "CO2_POP_2020": 2.0690418077205099, "GNI_POP_2023": 11160, "INC_20P_2021": 5.7, "GDP_INDS_2023": 18.648884323148, "HIG_TEC_EXP_2022": 1.4709847551675801, "MIL_EXP_2022": 1.3133726007936299, "JamesBond": 2, "ARG_nacion": 166.0, "AUS_sydmor": 67.0, "BRA_oglobo": 77.0, "CAN_tostar": 218.0, "CHN_mopost": 44.0, "DEU_frankf": 706.0, "DZA_alnaha": 0.0, "EGY_alwafd": 18.0, "ESP_abc": 41.0, "FRA_lmonde": 44.0, "GBR_indept": 114.0, "IDN_republ": 44.0, "IND_tindia": 46.0, "IRN_hamsha": 12.0, "ITA_repubb": 7.0, "JPN_asahis": 71.0, "KEN_standa": 90.0, "MEX_inform": 144.0, "NGA_vangua": 103.0, "RUS_isvest": 35.0, "SAU_spa": 29.0, "TUR_sabah": 9.0, "USA_nytime": 130.0, "ZAF_times": 70.0, "mean": 95.208333333333329, "rnk": 123.0, "sd": 141.10340924814423, "min": 0.0, "Q1": 33.5, "Q2": 56.5, "Q3": 105.75, "max": 706.0, "nbsup0": 23, "nbsup10": 21, "nbsup100": 7 }, "geometry": { "type": "MultiPolygon", "coordinates": [ [ [ [ -7747299.462678920477629, -1830888.449567486532032 ], [ -7737316.905436720699072, -1945414.430726050399244 ], [ -7745632.495091503486037, -2048914.790309563744813 ], [ -7777130.218871985562146, -2011782.021935655036941 ], [ -7794996.028070222586393, -1918444.096398199675605 ], [ -7832417.431175207719207, -1823009.388854055432603 ], [ -7836726.659902979619801, -1728624.269387341570109 ], [ -7821384.342772171832621, -1594359.778754040598869 ], [ -7784801.756425745785236, -1684452.28451794362627 ], [ -7747299.462678920477629, -1830888.449567486532032 ] ] ] ] } },
{ "type": "Feature", "properties": { "ISO3": "JEY", "ISO2": "JE", "ISONUM": 832, "NAMEen": "Jersey", "NAMEfr": "Jersey", "NAMEde": "Jersey", "REGION_BLOC": null, "REGION_UN": "Europe", "SUBREGION_UN": "Northern Europe", "LAST_DEV": "FALSE", "AREA_2021": null, "FOREST_AREA_2021": null, "POP_2023": null, "LIFE_EXP_2022": null, "FERT_2022": null, "HIV_2022": null, "CO2_POP_2020": null, "GNI_POP_2023": null, "INC_20P_2021": null, "GDP_INDS_2023": null, "HIG_TEC_EXP_2022": null, "MIL_EXP_2022": null, "JamesBond": 0, "ARG_nacion": 98.0, "AUS_sydmor": 0.0, "BRA_oglobo": 0.0, "CAN_tostar": 3.0, "CHN_mopost": 0.0, "DEU_frankf": 1.0, "DZA_alnaha": 0.0, "EGY_alwafd": 0.0, "ESP_abc": 188.0, "FRA_lmonde": 72.0, "GBR_indept": 3.0, "IDN_republ": 0.0, "IND_tindia": 0.0, "IRN_hamsha": 0.0, "ITA_repubb": 0.0, "JPN_asahis": 0.0, "KEN_standa": 0.0, "MEX_inform": 247.0, "NGA_vangua": 0.0, "RUS_isvest": 0.0, "SAU_spa": 0.0, "TUR_sabah": 0.0, "USA_nytime": 3.0, "ZAF_times": 4.0, "mean": 25.791666666666668, "rnk": 171.0, "sd": 64.342817690910906, "min": 0.0, "Q1": 0.0, "Q2": 0.0, "Q3": 3.0, "max": 247.0, "nbsup0": 9, "nbsup10": 4, "nbsup100": 2 }, "geometry": { "type": "MultiPolygon", "coordinates": [ [ [ [ -168236.567454029311193, -4540497.718492249958217 ], [ -154630.944839391158894, -4545059.978024578653276 ], [ -156173.747803958889563, -4553514.312204693444073 ], [ -177404.178868672170211, -4548359.404725329950452 ], [ -168236.567454029311193, -4540497.718492249958217 ] ] ] ] } },
{ "type": "Feature", "properties": { "ISO3": "JOR", "ISO2": "JO", "ISONUM": 400, "NAMEen": "Jordan", "NAMEfr": "Jordanie", "NAMEde": "Jordanien", "REGION_BLOC": "Arab League", "REGION_UN": "Asia", "SUBREGION_UN": "Western Asia", "LAST_DEV": "FALSE", "AREA_2021": 89318.0, "FOREST_AREA_2021": 975.0, "POP_2023": 11337052, "LIFE_EXP_2022": 74.215, "FERT_2022": 2.786, "HIV_2022": 0.1, "CO2_POP_2020": 1.9191724264898, "GNI_POP_2023": 10360, "INC_20P_2021": 8.2, "GDP_INDS_2023": 24.094375589502, "HIG_TEC_EXP_2022": 1.4496882666855799, "MIL_EXP_2022": 4.8404878020900304, "JamesBond": 0, "ARG_nacion": 76.0, "AUS_sydmor": 1100.0, "BRA_oglobo": 129.0, "CAN_tostar": 933.0, "CHN_mopost": 284.0, "DEU_frankf": 106.0, "DZA_alnaha": 509.0, "EGY_alwafd": 1148.0, "ESP_abc": 183.0, "FRA_lmonde": 165.0, "GBR_indept": 742.0, "IDN_republ": 218.0, "IND_tindia": 200.0, "IRN_hamsha": 264.0, "ITA_repubb": 0.0, "JPN_asahis": 193.0, "KEN_standa": 151.0, "MEX_inform": 111.0, "NGA_vangua": 195.0, "RUS_isvest": 82.0, "SAU_spa": 1611.0, "TUR_sabah": 184.0, "USA_nytime": 1299.0, "ZAF_times": 328.0, "mean": 425.45833333333331, "rnk": 59.0, "sd": 453.83429068967132, "min": 0.0, "Q1": 145.5, "Q2": 197.5, "Q3": 567.25, "max": 1611.0, "nbsup0": 23, "nbsup10": 23, "nbsup100": 21 }, "geometry": { "type": "MultiPolygon", "coordinates": [ [ [ [ 4070023.07226701034233, -4999888.311566539108753 ], [ 3918082.386289193760604, -5207118.929281189106405 ], [ 4077943.942763970699161, -5223086.02014331612736 ], [ 4007420.284462633542717, -5365368.297420342452824 ], [ 3981843.212568221148103, -5477232.017558936960995 ], [ 3868883.621491131838411, -5535740.197515974752605 ], [ 3856316.846182153560221, -5516489.436799446120858 ], [ 3803495.163937802892178, -5345851.46617737505585 ], [ 3791722.623771061189473, -5335262.735283828340471 ], [ 3784651.214838167186826, -5315737.363042026758194 ], [ 3771987.594680315814912, -5276551.44754721224308 ], [ 3739246.129609653260559, -5216747.779920388944447 ], [ 3726778.893185267224908, -5175376.359443869441748 ], [ 3850457.914352176710963, -5143384.41740080807358 ], [ 3950426.307208032347262, -4917817.802483999170363 ], [ 4070023.07226701034233, -4999888.311566539108753 ] ] ] ] } },
{ "type": "Feature", "properties": { "ISO3": "JPN", "ISO2": "JP", "ISONUM": 392, "NAMEen": "Japan", "NAMEfr": "Japon", "NAMEde": "Japan", "REGION_BLOC": null, "REGION_UN": "Asia", "SUBREGION_UN": "Eastern Asia", "LAST_DEV": "FALSE", "AREA_2021": 377974.0, "FOREST_AREA_2021": 249350.0, "POP_2023": 124516650, "LIFE_EXP_2022": 83.996341463414595, "FERT_2022": 1.26, "HIV_2022": null, "CO2_POP_2020": 8.0314958696668004, "GNI_POP_2023": 52640, "INC_20P_2021": 7.7, "GDP_INDS_2023": 26.916434061132701, "HIG_TEC_EXP_2022": 13.3699557693795, "MIL_EXP_2022": 1.07773443701688, "JamesBond": 3, "ARG_nacion": 1612.0, "AUS_sydmor": 2654.0, "BRA_oglobo": 1624.0, "CAN_tostar": 2165.0, "CHN_mopost": 7619.0, "DEU_frankf": 2072.0, "DZA_alnaha": 580.0, "EGY_alwafd": 1226.0, "ESP_abc": 1930.0, "FRA_lmonde": 1774.0, "GBR_indept": 2395.0, "IDN_republ": 2782.0, "IND_tindia": 2624.0, "IRN_hamsha": 2468.0, "ITA_repubb": 1671.0, "JPN_asahis": null, "KEN_standa": 1721.0, "MEX_inform": 1799.0, "NGA_vangua": 1122.0, "RUS_isvest": 2021.0, "SAU_spa": 1203.0, "TUR_sabah": 1065.0, "USA_nytime": 2894.0, "ZAF_times": 3130.0, "mean": 2180.478260869565, "rnk": 8.0, "sd": 1351.8811765147925, "min": 580.0, "Q1": 1618.0, "Q2": 1930.0, "Q3": 2546.0, "max": 7619.0, "nbsup0": 23, "nbsup10": 23, "nbsup100": 23 }, "geometry": { "type": "MultiPolygon", "coordinates": [ [ [ [ 4727424.585543585009873, 4106779.930598796345294 ], [ 4690363.347540620714426, 4183300.847132266499102 ], [ 4722793.362124560400844, 4256226.040173202753067 ], [ 4902636.022646447643638, 4312869.862944100052118 ], [ 4984586.256462570279837, 4281025.380722030997276 ], [ 4996402.421432315371931, 4225607.632333436980844 ], [ 4927756.957079472020268, 4161309.358669345267117 ], [ 4885405.693818619474769, 4162263.877019400708377 ], [ 4862167.374942650087178, 4111809.826502393465489 ], [ 4901608.921132216230035, 4088851.659095177892596 ], [ 4876637.326233394443989, 4029166.651660683564842 ], [ 4727424.585543585009873, 4106779.930598796345294 ] ] ], [ [ [ 4446372.243272044695914, 4318118.544817650690675 ], [ 4409427.855129549279809, 4390983.426894496195018 ], [ 4532826.325809013098478, 4406481.236195667646825 ], [ 4567511.653532894328237, 4339851.59834839310497 ], [ 4665581.213154471479356, 4325022.224237353540957 ], [ 4651843.139471360482275, 4244905.504532344639301 ], [ 4575933.930590428411961, 4242016.924285136163235 ], [ 4527078.318745394237339, 4297688.580249592661858 ], [ 4446372.243272044695914, 4318118.544817650690675 ] ] ], [ [ [ 3391935.580253704451025, 4230209.60335280187428 ], [ 3456780.613638768903911, 4435532.544476161710918 ], [ 3612984.355151733849198, 4477273.547073909081519 ], [ 3686753.803749031852931, 4559565.751098134554923 ], [ 3801765.098311420530081, 4622437.6993672484532 ], [ 3817213.447821355424821, 4687317.892669509164989 ], [ 3951242.521315193735063, 4696641.151345245540142 ], [ 3933911.196686400100589, 4652215.09566574729979 ], [ 4104086.332136780023575, 4592749.542700183577836 ], [ 4209848.837976057082415, 4491818.36467520147562 ], [ 4340843.792608583346009, 4512668.54851689003408 ], [ 4408817.612717926502228, 4437584.129863820970058 ], [ 4335669.289427482523024, 4398840.818294032476842 ], [ 4399864.649100171402097, 4305862.344460210762918 ], [ 4504498.510139345191419, 4255696.569037597626448 ], [ 4700456.046017770655453, 4092825.683225612156093 ], [ 4672899.77660399209708, 4064947.782712983433157 ], [ 4425882.573154556564987, 4140401.64868244016543 ], [ 4303913.538381957449019, 4245967.14704745542258 ], [ 4230241.743703093379736, 4351648.27536232303828 ], [ 4026628.938126301392913, 4277318.364187092520297 ], [ 3965160.907953095622361, 4296358.201852016150951 ], [ 3994081.961261267308146, 4351832.155463518574834 ], [ 3919143.35482214903459, 4390241.686742130666971 ], [ 3756193.597858684603125, 4387442.493295995518565 ], [ 3613588.130069282837212, 4313929.170174475759268 ], [ 3550304.458623141981661, 4209673.179091551341116 ], [ 3465606.582150134723634, 4210996.834786809980869 ], [ 3391935.580253704451025, 4230209.60335280187428 ] ] ], [ [ [ 3056393.031272436026484, 3914503.936148849315941 ], [ 2975572.952763718087226, 3941858.274155492894351 ], [ 3026428.854731253348291, 4124248.925778353586793 ], [ 2905778.058700118213892, 4217676.882940391078591 ], [ 2958921.840640586800873, 4283067.495283905416727 ], [ 3128529.711325860116631, 4249463.29329882375896 ], [ 3207525.6347586796619, 4291660.050813586451113 ], [ 3289673.762194271199405, 4162532.392299843020737 ], [ 3365807.70290227746591, 4130001.192301054485142 ], [ 3387648.884332947432995, 4186638.846474939957261 ], [ 3466722.366567601915449, 4162217.944216192234308 ], [ 3400430.276955207344145, 4034847.120996111538261 ], [ 3275319.890075241215527, 4069183.22820053761825 ], [ 3056393.031272436026484, 3914503.936148849315941 ] ] ] ] } },
{ "type": "Feature", "properties": { "ISO3": "KAZ", "ISO2": "KZ", "ISONUM": 398, "NAMEen": "Kazakhstan", "NAMEfr": "Kazakhstan", "NAMEde": "Kasachstan", "REGION_BLOC": null, "REGION_UN": "Asia", "SUBREGION_UN": "Central Asia", "LAST_DEV": "FALSE", "AREA_2021": 2724900.0, "FOREST_AREA_2021": 34839.192, "POP_2023": 19900177, "LIFE_EXP_2022": 74.44, "FERT_2022": 3.05, "HIV_2022": null, "CO2_POP_2020": 11.2977433059429, "GNI_POP_2023": 35420, "INC_20P_2021": 9.8, "GDP_INDS_2023": 32.048347515650299, "HIG_TEC_EXP_2022": 32.161040548416302, "MIL_EXP_2022": 0.50936438935775197, "JamesBond": 1, "ARG_nacion": 38.0, "AUS_sydmor": 28.0, "BRA_oglobo": 41.0, "CAN_tostar": 59.0, "CHN_mopost": 57.0, "DEU_frankf": 99.0, "DZA_alnaha": 65.0, "EGY_alwafd": 123.0, "ESP_abc": 60.0, "FRA_lmonde": 84.0, "GBR_indept": 79.0, "IDN_republ": 54.0, "IND_tindia": 71.0, "IRN_hamsha": 272.0, "ITA_repubb": 121.0, "JPN_asahis": 63.0, "KEN_standa": 34.0, "MEX_inform": 66.0, "NGA_vangua": 60.0, "RUS_isvest": 633.0, "SAU_spa": 186.0, "TUR_sabah": 294.0, "USA_nytime": 68.0, "ZAF_times": 42.0, "mean": 112.375, "rnk": 114.0, "sd": 130.4486613993013, "min": 28.0, "Q1": 56.25, "Q2": 65.5, "Q3": 104.5, "max": 633.0, "nbsup0": 24, "nbsup10": 24, "nbsup100": 6 }, "geometry": { "type": "MultiPolygon", "coordinates": [ [ [ [ 4557878.292215060442686, -213046.938019383203937 ], [ 4625663.603273263201118, -341011.929332988918759 ], [ 4774184.790150006301701, -375850.842367158911657 ], [ 4794875.580798709765077, -439143.709583966352511 ], [ 4737147.185266377404332, -569033.930011488031596 ], [ 4912962.283444620668888, -665001.332642840803601 ], [ 4939661.633511553518474, -865511.289751221425831 ], [ 5157630.972916000522673, -836475.067638284177519 ], [ 5251676.07583346311003, -906147.06356880790554 ], [ 5168360.850835929624736, -990754.090676110819913 ], [ 5081070.880834445357323, -1344507.847607356728986 ], [ 5012795.006421221420169, -1420485.433278719661757 ], [ 5085315.976761747151613, -1505806.506148230517283 ], [ 4996016.54914933629334, -1637995.339086002903059 ], [ 5031192.909567581489682, -1737508.125704209785908 ], [ 5061669.575158908963203, -1939792.70576738147065 ], [ 5126026.336043467745185, -2009590.095287903677672 ], [ 5040853.932842529378831, -2043043.074168776860461 ], [ 4995235.894084626808763, -2152507.29906791774556 ], [ 4907390.694190829992294, -2133372.931168929673731 ], [ 4888664.926664755679667, -2174811.40368855651468 ], [ 4791085.466227559372783, -2153677.697608083486557 ], [ 4676495.521622257307172, -2185006.650915949605405 ], [ 4628413.444350808858871, -2270762.586981301661581 ], [ 4579942.310496564023197, -2432521.461884468793869 ], [ 4449532.388794380240142, -2462731.676981510594487 ], [ 4362041.78934196382761, -2512592.809434089809656 ], [ 4306923.090578149072826, -2492779.166355390101671 ], [ 4283017.723400474525988, -2429133.013917814008892 ], [ 4258104.071611611172557, -2415762.478515306953341 ], [ 4240134.729479401372373, -2430285.957041742745787 ], [ 4264830.142179321497679, -2488060.652626448310912 ], [ 4242145.316944464109838, -2532930.186548639088869 ], [ 4230214.401545711793005, -2583056.390821303240955 ], [ 4158590.445686248131096, -2807283.896852671634406 ], [ 4496936.022513782605529, -3035686.30911342613399 ], [ 4470473.542556579224765, -3080575.448243578895926 ], [ 4310547.36903624329716, -3109405.168020143639296 ], [ 4260535.959132486954331, -3213027.050433435477316 ], [ 4263265.726140761747956, -3278693.510796430520713 ], [ 4192190.735159425530583, -3192102.022109204903245 ], [ 4139231.165291578974575, -3241748.203228340018541 ], [ 3889511.401013303548098, -3229239.751926796510816 ], [ 3891867.934761165641248, -3107145.714613626711071 ], [ 3948459.957599118817598, -3022467.724568956997246 ], [ 3863786.418207825627178, -2891726.840068032499403 ], [ 3726887.494051062967628, -2995147.910403877031058 ], [ 3687644.095069603994489, -3180043.059082854073495 ], [ 3502022.566592913586646, -3148314.995703084859997 ], [ 3446660.829814716242254, -3200651.848833958618343 ], [ 3363077.904415547847748, -3193750.369652011897415 ], [ 3314416.861684898845851, -3117130.134233298245817 ], [ 3271928.187391424551606, -3061826.221098801121116 ], [ 3254924.416789835784584, -2976645.323168840724975 ], [ 3322199.25732971355319, -2959401.76521081617102 ], [ 3301699.461821395903826, -2903331.83122303429991 ], [ 3305813.884673065971583, -2717195.096288746222854 ], [ 3444831.401310117915273, -2563367.194808301981539 ], [ 3589370.631392446346581, -2503552.96871545445174 ], [ 3621490.76054314756766, -2396285.099200403317809 ], [ 3687059.542749625630677, -2276426.870267055463046 ], [ 3756342.606311087496579, -2263651.612091798800975 ], [ 3839345.888329876586795, -2095705.419543029041961 ], [ 3803359.679487184621394, -2051011.191142926225439 ], [ 3686573.498007372952998, -2116615.955089672002941 ], [ 3675999.036113529000431, -2034292.487244027666748 ], [ 3619475.571675495244563, -2001486.158914869418368 ], [ 3548235.064951876178384, -1966205.78525067679584 ], [ 3537600.507582809310406, -1912732.903327320702374 ], [ 3611394.594121605157852, -1667708.213042858988047 ], [ 3629165.062030968721956, -1454057.447823113529012 ], [ 3598847.603391580749303, -1385565.960023487452418 ], [ 3657067.450811472255737, -1272068.755751668009907 ], [ 3790690.822433684486896, -1291763.251655093627051 ], [ 3863728.956884376704693, -1145569.880771523108706 ], [ 3909684.853448639623821, -1163739.027008003788069 ], [ 3860790.96755882166326, -901816.441481033689342 ], [ 3929553.741405910346657, -910109.439611727255397 ], [ 4005516.77160921273753, -861136.196300442796201 ], [ 4306877.298653814941645, -760187.288352410774678 ], [ 4259336.276066030375659, -698809.539960000081919 ], [ 4331318.746005187742412, -650394.125541453249753 ], [ 4322160.088899521157146, -497495.373459867609199 ], [ 4492267.490345506928861, -372244.867649057181552 ], [ 4499060.176188366487622, -267939.646851994330063 ], [ 4557878.292215060442686, -213046.938019383203937 ] ] ] ] } },
{ "type": "Feature", "properties": { "ISO3": "KEN", "ISO2": "KE", "ISONUM": 404, "NAMEen": "Kenya", "NAMEfr": "Kenya", "NAMEde": "Kenia", "REGION_BLOC": "COMESA", "REGION_UN": "Africa", "SUBREGION_UN": "Sub-Saharan Africa", "LAST_DEV": "FALSE", "AREA_2021": 580370.0, "FOREST_AREA_2021": 36110.9, "POP_2023": 55100586, "LIFE_EXP_2022": 62.055, "FERT_2022": 3.296, "HIV_2022": 3.7, "CO2_POP_2020": 0.374079219355755, "GNI_POP_2023": 6220, "INC_20P_2021": 7.2, "GDP_INDS_2023": 17.115952585180999, "HIG_TEC_EXP_2022": 2.3188046338283699, "MIL_EXP_2022": 1.00120092261, "JamesBond": 0, "ARG_nacion": 220.0, "AUS_sydmor": 211.0, "BRA_oglobo": 231.0, "CAN_tostar": 441.0, "CHN_mopost": 202.0, "DEU_frankf": 309.0, "DZA_alnaha": 437.0, "EGY_alwafd": 322.0, "ESP_abc": 276.0, "FRA_lmonde": 544.0, "GBR_indept": 466.0, "IDN_republ": 242.0, "IND_tindia": 251.0, "IRN_hamsha": 137.0, "ITA_repubb": 368.0, "JPN_asahis": 251.0, "KEN_standa": null, "MEX_inform": 343.0, "NGA_vangua": 1062.0, "RUS_isvest": 59.0, "SAU_spa": 171.0, "TUR_sabah": 175.0, "USA_nytime": 396.0, "ZAF_times": 1463.0, "mean": 372.91304347826087, "rnk": 66.0, "sd": 309.49209316430898, "min": 59.0, "Q1": 215.5, "Q2": 276.0, "Q3": 416.5, "max": 1463.0, "nbsup0": 23, "nbsup10": 23, "nbsup100": 22 }, "geometry": { "type": "MultiPolygon", "coordinates": [ [ [ [ 5568158.316625745035708, -7686222.948212595656514 ], [ 5703690.145366655662656, -7612061.838450267910957 ], [ 5925332.911810740828514, -7556343.586485489271581 ], [ 6127249.542692873626947, -7423354.113167394883931 ], [ 6134844.093670619651675, -7350620.222287435084581 ], [ 6221326.396808218210936, -7216703.285513550043106 ], [ 6384073.812950676307082, -7118910.251265745609999 ], [ 6353311.403814257122576, -7317572.591106500476599 ], [ 6622356.728060897439718, -7623589.664527909830213 ], [ 6756461.291375800967216, -7627373.660253209993243 ], [ 6649579.965323890559375, -7875689.272410664707422 ], [ 6679305.741304260678589, -8091116.068407716229558 ], [ 6647098.573622420430183, -8152877.738270017318428 ], [ 6339559.888389684259892, -8232359.971185375936329 ], [ 6314565.120330220088363, -8186361.594144887290895 ], [ 5668948.107121288776398, -8381159.423791245557368 ], [ 5646086.587093320675194, -8291379.646655743941665 ], [ 5577199.888939990662038, -8269882.164108637720346 ], [ 5627604.503171158023179, -8043423.423979404382408 ], [ 5569139.451552338898182, -7976175.666940153576434 ], [ 5328947.063285129144788, -7907310.798989637754858 ], [ 5473286.956355269998312, -7698362.134875262156129 ], [ 5568158.316625745035708, -7686222.948212595656514 ] ] ] ] } },
{ "type": "Feature", "properties": { "ISO3": "KGZ", "ISO2": "KG", "ISONUM": 417, "NAMEen": "Kyrgyzstan", "NAMEfr": "Kirghizistan", "NAMEde": "Kirgisistan", "REGION_BLOC": null, "REGION_UN": "Asia", "SUBREGION_UN": "Central Asia", "LAST_DEV": "FALSE", "AREA_2021": 199950.0, "FOREST_AREA_2021": 13336.2, "POP_2023": 7100800, "LIFE_EXP_2022": 72.048780487804905, "FERT_2022": 2.8, "HIV_2022": 0.3, "CO2_POP_2020": 1.37997537956504, "GNI_POP_2023": 6750, "INC_20P_2021": 9.5, "GDP_INDS_2023": 22.635419613071502, "HIG_TEC_EXP_2022": 10.502477558524401, "MIL_EXP_2022": 1.47880865000304, "JamesBond": 0, "ARG_nacion": 0.0, "AUS_sydmor": 29.0, "BRA_oglobo": 11.0, "CAN_tostar": 6.0, "CHN_mopost": 22.0, "DEU_frankf": 3.0, "DZA_alnaha": 0.0, "EGY_alwafd": 3.0, "ESP_abc": 6.0, "FRA_lmonde": 0.0, "GBR_indept": 16.0, "IDN_republ": 20.0, "IND_tindia": 49.0, "IRN_hamsha": 84.0, "ITA_repubb": 10.0, "JPN_asahis": 27.0, "KEN_standa": 10.0, "MEX_inform": 9.0, "NGA_vangua": 22.0, "RUS_isvest": 284.0, "SAU_spa": 84.0, "TUR_sabah": 103.0, "USA_nytime": 18.0, "ZAF_times": 7.0, "mean": 34.291666666666664, "rnk": 161.0, "sd": 60.294551752330769, "min": 0.0, "Q1": 6.0, "Q2": 13.5, "Q3": 27.5, "max": 284.0, "nbsup0": 21, "nbsup10": 13, "nbsup100": 2 }, "geometry": { "type": "MultiPolygon", "coordinates": [ [ [ [ 5251676.07583346311003, -906147.06356880790554 ], [ 5308009.964437335729599, -1093450.134833077900112 ], [ 5339235.556016506627202, -1127591.162080226000398 ], [ 5322353.073754906654358, -1251599.048864441690966 ], [ 5367958.083147927187383, -1370089.497526486171409 ], [ 5323560.331299549899995, -1442852.038058897014707 ], [ 5405379.848193530924618, -1587544.106574287870899 ], [ 5366991.716612301766872, -1771543.231326202861965 ], [ 5263023.02513815369457, -1988694.110949702793732 ], [ 5214542.757358592003584, -1968956.506663175998256 ], [ 5242521.53431242890656, -1809346.807803300209343 ], [ 5274202.619839974679053, -1747026.098820256767794 ], [ 5244390.826354252174497, -1589040.37314215162769 ], [ 5199003.137082664296031, -1672707.761831307783723 ], [ 5139596.824149791151285, -1694469.572053635958582 ], [ 5158045.231917162425816, -1757938.138660296797752 ], [ 5077105.297356106340885, -1830945.221053662477061 ], [ 5031192.909567581489682, -1737508.125704209785908 ], [ 4996016.54914933629334, -1637995.339086002903059 ], [ 5085315.976761747151613, -1505806.506148230517283 ], [ 5012795.006421221420169, -1420485.433278719661757 ], [ 5081070.880834445357323, -1344507.847607356728986 ], [ 5168360.850835929624736, -990754.090676110819913 ], [ 5251676.07583346311003, -906147.06356880790554 ] ] ] ] } },
{ "type": "Feature", "properties": { "ISO3": "KHM", "ISO2": "KH", "ISONUM": 116, "NAMEen": "Cambodia", "NAMEfr": "Cambodge", "NAMEde": "Kambodscha", "REGION_BLOC": "ASEAN", "REGION_UN": "Asia", "SUBREGION_UN": "South-eastern Asia", "LAST_DEV": "TRUE", "AREA_2021": 181040.0, "FOREST_AREA_2021": 79126.8, "POP_2023": 16944826, "LIFE_EXP_2022": 69.896, "FERT_2022": 2.322, "HIV_2022": 0.5, "CO2_POP_2020": 1.1375836593103801, "GNI_POP_2023": 5460, "INC_20P_2021": null, "GDP_INDS_2023": 38.458153748173501, "HIG_TEC_EXP_2022": 6.3855945817414499, "MIL_EXP_2022": 2.0996423245600599, "JamesBond": 0, "ARG_nacion": 47.0, "AUS_sydmor": 301.0, "BRA_oglobo": 46.0, "CAN_tostar": 101.0, "CHN_mopost": 441.0, "DEU_frankf": 62.0, "DZA_alnaha": 19.0, "EGY_alwafd": 70.0, "ESP_abc": 53.0, "FRA_lmonde": 172.0, "GBR_indept": 96.0, "IDN_republ": 290.0, "IND_tindia": 53.0, "IRN_hamsha": 83.0, "ITA_repubb": 99.0, "JPN_asahis": 331.0, "KEN_standa": 41.0, "MEX_inform": 57.0, "NGA_vangua": 40.0, "RUS_isvest": 91.0, "SAU_spa": 86.0, "TUR_sabah": 53.0, "USA_nytime": 166.0, "ZAF_times": 90.0, "mean": 120.33333333333333, "rnk": 111.0, "sd": 109.66972816307296, "min": 19.0, "Q1": 53.0, "Q2": 84.5, "Q3": 117.25, "max": 441.0, "nbsup0": 24, "nbsup10": 24, "nbsup100": 7 }, "geometry": { "type": "MultiPolygon", "coordinates": [ [ [ [ 8569687.173592047765851, 2208509.518199993297458 ], [ 8591952.843766201287508, 2082401.733904551481828 ], [ 8529624.342453308403492, 2075288.162070922553539 ], [ 8564132.296700578182936, 1992235.009245950262994 ], [ 8493658.272668763995171, 1947427.029480105265975 ], [ 8305617.647799849510193, 1815812.884644272504374 ], [ 8202243.971561174839735, 1906459.155499756801873 ], [ 8121572.003110570833087, 2204193.93315400974825 ], [ 8138020.533365502953529, 2321950.002740937285125 ], [ 8042350.189602399244905, 2384160.622268348466605 ], [ 8052317.851591317914426, 2453561.795619296841323 ], [ 7987115.209484511986375, 2521453.484639663714916 ], [ 8236455.944930950179696, 2599203.986009532120079 ], [ 8354677.424086710438132, 2464467.113361986819655 ], [ 8362589.806494243443012, 2400369.896611959207803 ], [ 8453867.722398912534118, 2384699.799731675069779 ], [ 8494164.108486492186785, 2280624.423737443517894 ], [ 8569687.173592047765851, 2208509.518199993297458 ] ] ] ] } },
{ "type": "Feature", "properties": { "ISO3": "KIR", "ISO2": "KI", "ISONUM": 296, "NAMEen": "Kiribati", "NAMEfr": "Kiribati", "NAMEde": "Kiribati", "REGION_BLOC": null, "REGION_UN": "Oceania", "SUBREGION_UN": "Micronesia", "LAST_DEV": "TRUE", "AREA_2021": 810.0, "FOREST_AREA_2021": 11.8, "POP_2023": 133515, "LIFE_EXP_2022": 67.661, "FERT_2022": 3.271, "HIV_2022": null, "CO2_POP_2020": 0.44993397278255298, "GNI_POP_2023": 5900, "INC_20P_2021": 9.5, "GDP_INDS_2023": null, "HIG_TEC_EXP_2022": 2.2969311405469801, "MIL_EXP_2022": null, "JamesBond": 0, "ARG_nacion": 8.0, "AUS_sydmor": 17.0, "BRA_oglobo": 3.0, "CAN_tostar": 7.0, "CHN_mopost": 10.0, "DEU_frankf": 5.0, "DZA_alnaha": 0.0, "EGY_alwafd": 1.0, "ESP_abc": 6.0, "FRA_lmonde": 5.0, "GBR_indept": 6.0, "IDN_republ": 6.0, "IND_tindia": 0.0, "IRN_hamsha": 0.0, "ITA_repubb": 0.0, "JPN_asahis": 0.0, "KEN_standa": 0.0, "MEX_inform": 3.0, "NGA_vangua": 2.0, "RUS_isvest": 2.0, "SAU_spa": 0.0, "TUR_sabah": 3.0, "USA_nytime": 10.0, "ZAF_times": 4.0, "mean": 4.083333333333333, "rnk": 196.0, "sd": 4.2315242054665445, "min": 0.0, "Q1": 0.0, "Q2": 3.0, "Q3": 6.0, "max": 17.0, "nbsup0": 17, "nbsup10": 1, "nbsup100": 0 }, "geometry": { "type": "MultiPolygon", "coordinates": [ [ [ [ -3503855.363387780729681, 9108190.288898529484868 ], [ -3540025.999175202101469, 9081117.555690281093121 ], [ -3600243.427020856179297, 9061174.687236372381449 ], [ -3638345.560557034332305, 9073118.519727567210793 ], [ -3617431.465220672544092, 9107201.170584997162223 ], [ -3560378.149602854624391, 9138638.525388425216079 ], [ -3514616.827947000507265, 9134593.548546126112342 ], [ -3503855.363387780729681, 9108190.288898529484868 ] ] ] ] } },
{ "type": "Feature", "properties": { "ISO3": "KNA", "ISO2": "KN", "ISONUM": 659, "NAMEen": "Saint Kitts and Nevis", "NAMEfr": "Saint-Kitts-et-Nevis", "NAMEde": "Saint Kitts und Nevis", "REGION_BLOC": null, "REGION_UN": "Americas", "SUBREGION_UN": "Latin America and the Caribbean", "LAST_DEV": "FALSE", "AREA_2021": 260.0, "FOREST_AREA_2021": 110.0, "POP_2023": 47755, "LIFE_EXP_2022": 72.027, "FERT_2022": 1.512, "HIV_2022": null, "CO2_POP_2020": 4.8486629444607701, "GNI_POP_2023": 32540, "INC_20P_2021": null, "GDP_INDS_2023": 19.764514960061401, "HIG_TEC_EXP_2022": 34.602636899047702, "MIL_EXP_2022": null, "JamesBond": 0, "ARG_nacion": 0.0, "AUS_sydmor": 0.0, "BRA_oglobo": 0.0, "CAN_tostar": 0.0, "CHN_mopost": 3.0, "DEU_frankf": 0.0, "DZA_alnaha": 0.0, "EGY_alwafd": 0.0, "ESP_abc": 0.0, "FRA_lmonde": 0.0, "GBR_indept": 0.0, "IDN_republ": 0.0, "IND_tindia": 2.0, "IRN_hamsha": 0.0, "ITA_repubb": 0.0, "JPN_asahis": 0.0, "KEN_standa": 0.0, "MEX_inform": 0.0, "NGA_vangua": 0.0, "RUS_isvest": 3.0, "SAU_spa": 0.0, "TUR_sabah": 0.0, "USA_nytime": 0.0, "ZAF_times": 0.0, "mean": 0.33333333333333331, "rnk": 206.0, "sd": 0.91683134225708462, "min": 0.0, "Q1": 0.0, "Q2": 0.0, "Q3": 0.0, "max": 3.0, "nbsup0": 3, "nbsup10": 0, "nbsup100": 0 }, "geometry": { "type": "MultiPolygon", "coordinates": [ [ [ [ -7181527.797564760781825, -3711692.175001300871372 ], [ -7185929.514302692376077, -3741400.585339575074613 ], [ -7196016.719679498113692, -3744975.074461136944592 ], [ -7201465.492123864591122, -3729259.673411255236715 ], [ -7195296.413357343524694, -3717218.1209752028808 ], [ -7197552.006768622435629, -3693350.40937725128606 ], [ -7191095.363626404665411, -3682934.52103903144598 ], [ -7183141.919303104281425, -3686573.483999838121235 ], [ -7181527.797564760781825, -3711692.175001300871372 ] ] ] ] } },
{ "type": "Feature", "properties": { "ISO3": "KOR", "ISO2": "KR", "ISONUM": 410, "NAMEen": "South Korea", "NAMEfr": "Corée du Sud", "NAMEde": "Südkorea", "REGION_BLOC": null, "REGION_UN": "Asia", "SUBREGION_UN": "Eastern Asia", "LAST_DEV": "FALSE", "AREA_2021": 100430.0, "FOREST_AREA_2021": 62770.0, "POP_2023": 51712619, "LIFE_EXP_2022": 82.680487804878098, "FERT_2022": 0.778, "HIV_2022": null, "CO2_POP_2020": 10.9900295814285, "GNI_POP_2023": 55040, "INC_20P_2021": 7.5, "GDP_INDS_2023": 31.594164974086599, "HIG_TEC_EXP_2022": 16.938263528206701, "MIL_EXP_2022": 2.7177456962085, "JamesBond": 1, "ARG_nacion": 457.0, "AUS_sydmor": 656.0, "BRA_oglobo": 730.0, "CAN_tostar": 995.0, "CHN_mopost": 3219.0, "DEU_frankf": 894.0, "DZA_alnaha": 414.0, "EGY_alwafd": 1006.0, "ESP_abc": 506.0, "FRA_lmonde": 586.0, "GBR_indept": 834.0, "IDN_republ": 1367.0, "IND_tindia": 801.0, "IRN_hamsha": 785.0, "ITA_repubb": 306.0, "JPN_asahis": 8792.0, "KEN_standa": 688.0, "MEX_inform": 564.0, "NGA_vangua": 514.0, "RUS_isvest": 777.0, "SAU_spa": 720.0, "TUR_sabah": 525.0, "USA_nytime": 1633.0, "ZAF_times": 770.0, "mean": 1189.125, "rnk": 23.0, "sd": 1720.6884697069975, "min": 306.0, "Q1": 554.25, "Q2": 750.0, "Q3": 919.25, "max": 8792.0, "nbsup0": 24, "nbsup10": 24, "nbsup100": 24 }, "geometry": { "type": "MultiPolygon", "coordinates": [ [ [ [ 4663159.262297758832574, 3471693.663362656719983 ], [ 4590886.70031332783401, 3479306.92152395285666 ], [ 4488950.87385827023536, 3553425.760885665658861 ], [ 4543627.205248458310962, 3723031.496324619743973 ], [ 4631701.804205208085477, 3825525.74359040055424 ], [ 4757874.357576406560838, 3852905.895170579664409 ], [ 4872102.178754002787173, 3782005.636411275248975 ], [ 4981252.638868903741241, 3699847.432058956474066 ], [ 4927939.462289642542601, 3615781.309732052497566 ], [ 4824042.07210826035589, 3604055.608617820776999 ], [ 4774789.81462942995131, 3514711.930115044582635 ], [ 4713816.284449300728738, 3533718.998008266091347 ], [ 4663159.262297758832574, 3471693.663362656719983 ] ] ] ] } },
{ "type": "Feature", "properties": { "ISO3": "KOS", "ISO2": "XK", "ISONUM": null, "NAMEen": "Kosovo", "NAMEfr": "Kosovo", "NAMEde": "Kosovo", "REGION_BLOC": null, "REGION_UN": "Europe", "SUBREGION_UN": "Southern Europe", "LAST_DEV": null, "AREA_2021": null, "FOREST_AREA_2021": null, "POP_2023": null, "LIFE_EXP_2022": null, "FERT_2022": null, "HIV_2022": null, "CO2_POP_2020": null, "GNI_POP_2023": null, "INC_20P_2021": null, "GDP_INDS_2023": null, "HIG_TEC_EXP_2022": null, "MIL_EXP_2022": null, "JamesBond": 0, "ARG_nacion": 8.0, "AUS_sydmor": 20.0, "BRA_oglobo": 28.0, "CAN_tostar": 45.0, "CHN_mopost": 12.0, "DEU_frankf": 167.0, "DZA_alnaha": 25.0, "EGY_alwafd": 43.0, "ESP_abc": 68.0, "FRA_lmonde": 69.0, "GBR_indept": 83.0, "IDN_republ": 43.0, "IND_tindia": 9.0, "IRN_hamsha": 35.0, "ITA_repubb": 115.0, "JPN_asahis": 27.0, "KEN_standa": 22.0, "MEX_inform": 20.0, "NGA_vangua": 14.0, "RUS_isvest": 90.0, "SAU_spa": 39.0, "TUR_sabah": 246.0, "USA_nytime": 83.0, "ZAF_times": 16.0, "mean": 55.291666666666664, "rnk": 145.0, "sd": 56.009687955991474, "min": 8.0, "Q1": 20.0, "Q2": 37.0, "Q3": 72.5, "max": 246.0, "nbsup0": 24, "nbsup10": 22, "nbsup100": 3 }, "geometry": { "type": "MultiPolygon", "coordinates": [ [ [ [ 1956412.355836745351553, -4950402.272752063348889 ], [ 1884545.024109415244311, -5022493.050627955235541 ], [ 1814782.240339814219624, -4968539.862199578434229 ], [ 1828235.097314572660252, -4930364.474935284815729 ], [ 1851989.465902017662302, -4870420.241732705384493 ], [ 1956272.076450864551589, -4899859.590882954187691 ], [ 1956412.355836745351553, -4950402.272752063348889 ] ] ] ] } },
{ "type": "Feature", "properties": { "ISO3": "KWT", "ISO2": "KW", "ISONUM": 414, "NAMEen": "Kuwait", "NAMEfr": "Koweït", "NAMEde": "Kuwait", "REGION_BLOC": "Arab League", "REGION_UN": "Asia", "SUBREGION_UN": "Western Asia", "LAST_DEV": "FALSE", "AREA_2021": 17820.0, "FOREST_AREA_2021": 62.5, "POP_2023": 4310108, "LIFE_EXP_2022": 80.264, "FERT_2022": 2.092, "HIV_2022": 0.1, "CO2_POP_2020": 21.169610250699201, "GNI_POP_2023": 67730, "INC_20P_2021": null, "GDP_INDS_2023": 66.962329662917796, "HIG_TEC_EXP_2022": 2.3366524574379599, "MIL_EXP_2022": 4.53134521182107, "JamesBond": 0, "ARG_nacion": 29.0, "AUS_sydmor": 63.0, "BRA_oglobo": 31.0, "CAN_tostar": 49.0, "CHN_mopost": 47.0, "DEU_frankf": 27.0, "DZA_alnaha": 465.0, "EGY_alwafd": 1452.0, "ESP_abc": 66.0, "FRA_lmonde": 67.0, "GBR_indept": 33.0, "IDN_republ": 161.0, "IND_tindia": 168.0, "IRN_hamsha": 358.0, "ITA_repubb": 34.0, "JPN_asahis": 21.0, "KEN_standa": 38.0, "MEX_inform": 46.0, "NGA_vangua": 70.0, "RUS_isvest": 23.0, "SAU_spa": 4847.0, "TUR_sabah": 130.0, "USA_nytime": 58.0, "ZAF_times": 41.0, "mean": 346.83333333333331, "rnk": 67.0, "sd": 1003.6191321008387, "min": 21.0, "Q1": 33.75, "Q2": 53.5, "Q3": 137.75, "max": 4847.0, "nbsup0": 24, "nbsup10": 24, "nbsup100": 7 }, "geometry": { "type": "MultiPolygon", "coordinates": [ [ [ [ 5120249.19291823823005, -4540733.900406634435058 ], [ 5059767.175758241675794, -4609181.396877881139517 ], [ 5003260.253788965754211, -4595243.288953774608672 ], [ 4922192.301486417651176, -4665693.080052324570715 ], [ 4898750.710085587576032, -4550529.260489043779671 ], [ 4962014.979071208275855, -4475978.063359210267663 ], [ 5120249.19291823823005, -4540733.900406634435058 ] ] ] ] } },
{ "type": "Feature", "properties": { "ISO3": "LAO", "ISO2": "LA", "ISONUM": 418, "NAMEen": "Laos", "NAMEfr": "Laos", "NAMEde": "Laos", "REGION_BLOC": "ASEAN", "REGION_UN": "Asia", "SUBREGION_UN": "South-eastern Asia", "LAST_DEV": "TRUE", "AREA_2021": 236800.0, "FOREST_AREA_2021": 165610.0, "POP_2023": 7633779, "LIFE_EXP_2022": 68.999, "FERT_2022": 2.448, "HIV_2022": 0.4, "CO2_POP_2020": 2.6202834413043998, "GNI_POP_2023": 8640, "INC_20P_2021": 7.0, "GDP_INDS_2023": 30.533580830834701, "HIG_TEC_EXP_2022": 7.2864463766392404, "MIL_EXP_2022": 0.189895181780941, "JamesBond": 0, "ARG_nacion": 1.0, "AUS_sydmor": 59.0, "BRA_oglobo": 11.0, "CAN_tostar": 31.0, "CHN_mopost": 89.0, "DEU_frankf": 21.0, "DZA_alnaha": 8.0, "EGY_alwafd": 13.0, "ESP_abc": 19.0, "FRA_lmonde": 44.0, "GBR_indept": 14.0, "IDN_republ": 58.0, "IND_tindia": 31.0, "IRN_hamsha": 8.0, "ITA_repubb": 36.0, "JPN_asahis": 94.0, "KEN_standa": 8.0, "MEX_inform": 17.0, "NGA_vangua": 13.0, "RUS_isvest": 22.0, "SAU_spa": 12.0, "TUR_sabah": 11.0, "USA_nytime": 54.0, "ZAF_times": 28.0, "mean": 29.25, "rnk": 165.0, "sd": 25.203950691008398, "min": 1.0, "Q1": 11.75, "Q2": 20.0, "Q3": 38.0, "max": 94.0, "nbsup0": 24, "nbsup10": 20, "nbsup100": 0 }, "geometry": { "type": "MultiPolygon", "coordinates": [ [ [ [ 7356467.467574489302933, 1579595.462258924497291 ], [ 7420785.03396222088486, 1709691.23749323701486 ], [ 7492779.695888166315854, 1745731.968026365153491 ], [ 7453374.022893931716681, 1866167.93174865655601 ], [ 7515872.284627540037036, 2007810.672527011949569 ], [ 7638421.492421004921198, 1883022.340772784082219 ], [ 7700881.181531998328865, 2128613.901209350675344 ], [ 7746561.800191742368042, 2182608.343927504029125 ], [ 7853161.534595382399857, 2445830.942852741107345 ], [ 7920128.915930095128715, 2521178.110876447055489 ], [ 7987115.209484511986375, 2521453.484639663714916 ], [ 8052317.851591317914426, 2453561.795619296841323 ], [ 8042350.189602399244905, 2384160.622268348466605 ], [ 8138020.533365502953529, 2321950.002740937285125 ], [ 8121572.003110570833087, 2204193.93315400974825 ], [ 7966025.811372693628073, 2231799.397905617952347 ], [ 7904268.378981227055192, 2081686.254581851186231 ], [ 7811729.012562185525894, 2066343.496551224263385 ], [ 7738822.926175811327994, 1929510.874428450828418 ], [ 7745790.050045045092702, 1843398.925704772816971 ], [ 7832175.457736358977854, 1760405.64294274803251 ], [ 7810495.426140256226063, 1671360.201206396799535 ], [ 7918708.123836903832853, 1558226.242729447549209 ], [ 7816515.647469222545624, 1523666.700476380530745 ], [ 7686682.543166097253561, 1528446.540589875541627 ], [ 7710494.128318947739899, 1423761.313699632883072 ], [ 7640755.081641403026879, 1422845.200556848896667 ], [ 7634264.408741002902389, 1359772.733008641982451 ], [ 7473673.040511232800782, 1474273.410466805333272 ], [ 7504277.835907470434904, 1556506.988797161960974 ], [ 7363752.797964080236852, 1518868.960603065090254 ], [ 7356467.467574489302933, 1579595.462258924497291 ] ] ] ] } },
{ "type": "Feature", "properties": { "ISO3": "LBN", "ISO2": "LB", "ISONUM": 422, "NAMEen": "Lebanon", "NAMEfr": "Liban", "NAMEde": "Libanon", "REGION_BLOC": "Arab League", "REGION_UN": "Asia", "SUBREGION_UN": "Western Asia", "LAST_DEV": "FALSE", "AREA_2021": 10450.0, "FOREST_AREA_2021": 1439.3, "POP_2023": 5353930, "LIFE_EXP_2022": 74.416, "FERT_2022": 2.08, "HIV_2022": 0.1, "CO2_POP_2020": 3.7921935368006898, "GNI_POP_2023": 12490, "INC_20P_2021": 7.9, "GDP_INDS_2023": 2.3501198205226501, "HIG_TEC_EXP_2022": 15.133122371395199, "MIL_EXP_2022": 3.3662224640045699, "JamesBond": 1, "ARG_nacion": 25.0, "AUS_sydmor": 292.0, "BRA_oglobo": 242.0, "CAN_tostar": 309.0, "CHN_mopost": 142.0, "DEU_frankf": 220.0, "DZA_alnaha": 1074.0, "EGY_alwafd": 1694.0, "ESP_abc": 233.0, "FRA_lmonde": 602.0, "GBR_indept": 325.0, "IDN_republ": 19.0, "IND_tindia": 110.0, "IRN_hamsha": 1151.0, "ITA_repubb": 320.0, "JPN_asahis": 143.0, "KEN_standa": 145.0, "MEX_inform": 121.0, "NGA_vangua": 296.0, "RUS_isvest": 217.0, "SAU_spa": 2791.0, "TUR_sabah": 403.0, "USA_nytime": 375.0, "ZAF_times": 133.0, "mean": 474.25, "rnk": 53.0, "sd": 632.34898523713525, "min": 19.0, "Q1": 142.75, "Q2": 267.0, "Q3": 382.0, "max": 2791.0, "nbsup0": 24, "nbsup10": 24, "nbsup100": 22 }, "geometry": { "type": "MultiPolygon", "coordinates": [ [ [ [ 3689519.610799631569535, -5111676.324603253975511 ], [ 3645630.754443384706974, -5186200.514180511236191 ], [ 3621790.557382265105844, -4990478.278563475236297 ], [ 3690274.634197857696563, -4943464.913801508024335 ], [ 3709783.037229253444821, -5004607.877451031468809 ], [ 3689519.610799631569535, -5111676.324603253975511 ] ] ] ] } },
{ "type": "Feature", "properties": { "ISO3": "LBR", "ISO2": "LR", "ISONUM": 430, "NAMEen": "Liberia", "NAMEfr": "Libéria", "NAMEde": "Liberia", "REGION_BLOC": "CEDEAO", "REGION_UN": "Africa", "SUBREGION_UN": "Sub-Saharan Africa", "LAST_DEV": "TRUE", "AREA_2021": 111370.0, "FOREST_AREA_2021": 75871.8, "POP_2023": 5418377, "LIFE_EXP_2022": 61.1, "FERT_2022": 4.016, "HIV_2022": 1.0, "CO2_POP_2020": 0.231838923937177, "GNI_POP_2023": 1700, "INC_20P_2021": 7.2, "GDP_INDS_2023": 22.880487072945499, "HIG_TEC_EXP_2022": null, "MIL_EXP_2022": 1.2651434745416801, "JamesBond": 0, "ARG_nacion": 612.0, "AUS_sydmor": 36.0, "BRA_oglobo": 73.0, "CAN_tostar": 119.0, "CHN_mopost": 38.0, "DEU_frankf": 59.0, "DZA_alnaha": 100.0, "EGY_alwafd": 48.0, "ESP_abc": 111.0, "FRA_lmonde": 160.0, "GBR_indept": 69.0, "IDN_republ": 57.0, "IND_tindia": 51.0, "IRN_hamsha": 29.0, "ITA_repubb": 57.0, "JPN_asahis": 71.0, "KEN_standa": 332.0, "MEX_inform": 115.0, "NGA_vangua": 579.0, "RUS_isvest": 24.0, "SAU_spa": 51.0, "TUR_sabah": 50.0, "USA_nytime": 175.0, "ZAF_times": 233.0, "mean": 135.375, "rnk": 102.0, "sd": 158.75461307915762, "min": 24.0, "Q1": 50.75, "Q2": 70.0, "Q3": 129.25, "max": 612.0, "nbsup0": 24, "nbsup10": 24, "nbsup100": 9 }, "geometry": { "type": "MultiPolygon", "coordinates": [ [ [ [ -1352547.560494291130453, -9065859.095303721725941 ], [ -1391284.412747894180939, -9179154.672587806358933 ], [ -1212487.405018599005416, -9276629.063106069341302 ], [ -1249392.61039124452509, -9438308.987710757181048 ], [ -1520944.98184256022796, -9309540.201509568840265 ], [ -1681543.250798959750682, -9165955.632414663210511 ], [ -1837763.195532351965085, -9052151.429964654147625 ], [ -1684223.032006429042667, -8986391.741633620113134 ], [ -1617847.543699459172785, -8918156.449467368423939 ], [ -1498385.441100963158533, -8954832.443286124616861 ], [ -1460172.232737879035994, -9090345.805563360452652 ], [ -1352547.560494291130453, -9065859.095303721725941 ] ] ] ] } },
{ "type": "Feature", "properties": { "ISO3": "LBY", "ISO2": "LY", "ISONUM": 434, "NAMEen": "Libya", "NAMEfr": "Libye", "NAMEde": "Libyen", "REGION_BLOC": "COMESA, Arab League", "REGION_UN": "Africa", "SUBREGION_UN": "Northern Africa", "LAST_DEV": "FALSE", "AREA_2021": 1759540.0, "FOREST_AREA_2021": 2170.0, "POP_2023": 6888388, "LIFE_EXP_2022": 72.151, "FERT_2022": 2.402, "HIV_2022": 0.2, "CO2_POP_2020": 6.6828054708021201, "GNI_POP_2023": 19670, "INC_20P_2021": null, "GDP_INDS_2023": 85.045455597671406, "HIG_TEC_EXP_2022": 0.60393426980420295, "MIL_EXP_2022": 15.479576301383201, "JamesBond": 0, "ARG_nacion": 107.0, "AUS_sydmor": 139.0, "BRA_oglobo": 0.0, "CAN_tostar": 321.0, "CHN_mopost": 189.0, "DEU_frankf": 494.0, "DZA_alnaha": 4362.0, "EGY_alwafd": 2939.0, "ESP_abc": 376.0, "FRA_lmonde": 1250.0, "GBR_indept": 325.0, "IDN_republ": 356.0, "IND_tindia": 239.0, "IRN_hamsha": 343.0, "ITA_repubb": 2213.0, "JPN_asahis": 248.0, "KEN_standa": 679.0, "MEX_inform": 317.0, "NGA_vangua": 1048.0, "RUS_isvest": 355.0, "SAU_spa": 2269.0, "TUR_sabah": 856.0, "USA_nytime": 361.0, "ZAF_times": 780.0, "mean": 856.91666666666663, "rnk": 31.0, "sd": 1061.79793855462, "min": 0.0, "Q1": 299.75, "Q2": 358.5, "Q3": 904.0, "max": 4362.0, "nbsup0": 23, "nbsup10": 23, "nbsup100": 23 }, "geometry": { "type": "MultiPolygon", "coordinates": [ [ [ [ 2761759.945816080085933, -5882120.216526219621301 ], [ 2784216.276778334286064, -6056565.920568455010653 ], [ 2860212.340309778228402, -6138990.900197459384799 ], [ 3046270.561397256795317, -6538335.281055298633873 ], [ 3196416.814702935516834, -6860600.334510199725628 ], [ 3289530.30810805503279, -7060686.532652472145855 ], [ 3166199.555328290443867, -7117649.694231944158673 ], [ 3188664.56120589422062, -7168151.262254263274372 ], [ 2845166.409910090267658, -7173457.414050098508596 ], [ 2488990.003180419560522, -7161838.41275739017874 ], [ 2040118.438498870935291, -7121727.223679913207889 ], [ 1927722.568589203525335, -7204462.703890495933592 ], [ 1843765.734032765729353, -7269565.556839068420231 ], [ 1734017.295849629677832, -7232568.157832643948495 ], [ 1534639.920883178012446, -7239257.191022242419422 ], [ 1467199.14580949395895, -7168514.360249442048371 ], [ 1263258.167320614680648, -7140948.569440203718841 ], [ 1161809.396548592252657, -7017038.352807664312422 ], [ 1207604.089959245640785, -6965359.501087592914701 ], [ 1156804.955650079995394, -6679011.100786005146801 ], [ 1100893.766988248564303, -6564809.310053964145482 ], [ 1173207.461872523417696, -6474915.04415471944958 ], [ 1145233.561115516349673, -6424046.885526440106332 ], [ 1284676.609259928110987, -6278408.578139184042811 ], [ 1262376.650674851145595, -6201947.169416817836463 ], [ 1361775.862267773365602, -6220460.456134889274836 ], [ 1468667.025258244713768, -6187935.926159183494747 ], [ 1682003.639386436901987, -6192521.529885844327509 ], [ 1807684.278469834011048, -6285670.769158975221217 ], [ 1958395.625201784539968, -6262308.172219251282513 ], [ 2172027.627971977461129, -6287765.048474985174835 ], [ 2238647.089867069851607, -6235534.822857638821006 ], [ 2254930.967006394639611, -6146374.894076411612332 ], [ 2211745.847427773755044, -6103002.063863310031593 ], [ 2247269.516442835796624, -5990610.706279449164867 ], [ 2341023.52132494142279, -5910142.493185327388346 ], [ 2505024.936230530496687, -5876803.440637064166367 ], [ 2520006.798759159632027, -5909344.722259837202728 ], [ 2729793.925832090433687, -5858946.889596801251173 ], [ 2761759.945816080085933, -5882120.216526219621301 ] ] ] ] } },
{ "type": "Feature", "properties": { "ISO3": "LCA", "ISO2": "LC", "ISONUM": 662, "NAMEen": "Saint Lucia", "NAMEfr": "Sainte-Lucie", "NAMEde": "Saint Lucia", "REGION_BLOC": null, "REGION_UN": "Americas", "SUBREGION_UN": "Latin America and the Caribbean", "LAST_DEV": "FALSE", "AREA_2021": 620.0, "FOREST_AREA_2021": 207.7, "POP_2023": 180251, "LIFE_EXP_2022": 71.294, "FERT_2022": 1.387, "HIV_2022": null, "CO2_POP_2020": 2.7851392290654302, "GNI_POP_2023": 22980, "INC_20P_2021": 5.5, "GDP_INDS_2023": 8.6453158096828897, "HIG_TEC_EXP_2022": 9.3322369424722496, "MIL_EXP_2022": null, "JamesBond": 0, "ARG_nacion": 0.0, "AUS_sydmor": 0.0, "BRA_oglobo": 0.0, "CAN_tostar": 0.0, "CHN_mopost": 0.0, "DEU_frankf": 0.0, "DZA_alnaha": 0.0, "EGY_alwafd": 0.0, "ESP_abc": 0.0, "FRA_lmonde": 0.0, "GBR_indept": 0.0, "IDN_republ": 10.0, "IND_tindia": 0.0, "IRN_hamsha": 0.0, "ITA_repubb": 51.0, "JPN_asahis": 0.0, "KEN_standa": 0.0, "MEX_inform": 0.0, "NGA_vangua": 0.0, "RUS_isvest": 0.0, "SAU_spa": 0.0, "TUR_sabah": 0.0, "USA_nytime": 0.0, "ZAF_times": 0.0, "mean": 2.5416666666666665, "rnk": 199.0, "sd": 10.521114037007209, "min": 0.0, "Q1": 0.0, "Q2": 0.0, "Q3": 0.0, "max": 51.0, "nbsup0": 2, "nbsup10": 1, "nbsup100": 0 }, "geometry": { "type": "MultiPolygon", "coordinates": [ [ [ [ -7417728.022791179828346, -4120162.510133468545973 ], [ -7418041.123199939727783, -4098676.472138402983546 ], [ -7397593.774443511851132, -4087630.035987743642181 ], [ -7371066.023125513456762, -4106641.726949012838304 ], [ -7376919.55434231646359, -4125129.376022038515657 ], [ -7403194.08055361546576, -4136843.042375446297228 ], [ -7417728.022791179828346, -4120162.510133468545973 ] ] ] ] } },
{ "type": "Feature", "properties": { "ISO3": "LIE", "ISO2": "LI", "ISONUM": 438, "NAMEen": "Liechtenstein", "NAMEfr": "Liechtenstein", "NAMEde": "Liechtenstein", "REGION_BLOC": "EFTA", "REGION_UN": "Europe", "SUBREGION_UN": "Western Europe", "LAST_DEV": "FALSE", "AREA_2021": 160.0, "FOREST_AREA_2021": 67.0, "POP_2023": 39584, "LIFE_EXP_2022": 84.319512195122002, "FERT_2022": 1.47, "HIV_2022": null, "CO2_POP_2020": 3.6638479977293801, "GNI_POP_2023": null, "INC_20P_2021": null, "GDP_INDS_2023": 40.2009622344276, "HIG_TEC_EXP_2022": null, "MIL_EXP_2022": null, "JamesBond": 0, "ARG_nacion": 1.0, "AUS_sydmor": 0.0, "BRA_oglobo": 2.0, "CAN_tostar": 9.0, "CHN_mopost": 3.0, "DEU_frankf": 48.0, "DZA_alnaha": 0.0, "EGY_alwafd": 3.0, "ESP_abc": 21.0, "FRA_lmonde": 5.0, "GBR_indept": 6.0, "IDN_republ": 2.0, "IND_tindia": 11.0, "IRN_hamsha": 0.0, "ITA_repubb": 53.0, "JPN_asahis": 0.0, "KEN_standa": 0.0, "MEX_inform": 4.0, "NGA_vangua": 4.0, "RUS_isvest": 25.0, "SAU_spa": 0.0, "TUR_sabah": 2.0, "USA_nytime": 9.0, "ZAF_times": 0.0, "mean": 8.6666666666666661, "rnk": 193.0, "sd": 14.421200175184921, "min": 0.0, "Q1": 0.0, "Q2": 3.0, "Q3": 9.0, "max": 53.0, "nbsup0": 17, "nbsup10": 5, "nbsup100": 0 }, "geometry": { "type": "MultiPolygon", "coordinates": [ [ [ [ 806643.069858144852333, -4719815.194600179791451 ], [ 785966.372626089258119, -4725090.378599020652473 ], [ 786486.079168523312546, -4695522.140399237163365 ], [ 806643.069858144852333, -4719815.194600179791451 ] ] ] ] } },
{ "type": "Feature", "properties": { "ISO3": "LKA", "ISO2": "LK", "ISONUM": 144, "NAMEen": "Sri Lanka", "NAMEfr": "Sri Lanka", "NAMEde": "Sri Lanka", "REGION_BLOC": null, "REGION_UN": "Asia", "SUBREGION_UN": "Southern Asia", "LAST_DEV": "FALSE", "AREA_2021": 65610.0, "FOREST_AREA_2021": 21098.6, "POP_2023": 22037000, "LIFE_EXP_2022": 76.61, "FERT_2022": 1.974, "HIV_2022": 0.1, "CO2_POP_2020": 0.99668324284867005, "GNI_POP_2023": 13990, "INC_20P_2021": 7.4, "GDP_INDS_2023": 25.592609450480499, "HIG_TEC_EXP_2022": 1.0863531241123801, "MIL_EXP_2022": 1.4304320668689701, "JamesBond": 0, "ARG_nacion": 173.0, "AUS_sydmor": 583.0, "BRA_oglobo": 86.0, "CAN_tostar": 366.0, "CHN_mopost": 433.0, "DEU_frankf": 163.0, "DZA_alnaha": 83.0, "EGY_alwafd": 128.0, "ESP_abc": 150.0, "FRA_lmonde": 149.0, "GBR_indept": 376.0, "IDN_republ": 5.0, "IND_tindia": 1686.0, "IRN_hamsha": 115.0, "ITA_repubb": 98.0, "JPN_asahis": 203.0, "KEN_standa": 198.0, "MEX_inform": 111.0, "NGA_vangua": 166.0, "RUS_isvest": 68.0, "SAU_spa": 133.0, "TUR_sabah": 81.0, "USA_nytime": 337.0, "ZAF_times": 639.0, "mean": 272.08333333333331, "rnk": 80.0, "sd": 342.26723816170397, "min": 5.0, "Q1": 107.75, "Q2": 156.5, "Q3": 344.25, "max": 1686.0, "nbsup0": 24, "nbsup10": 23, "nbsup100": 18 }, "geometry": { "type": "MultiPolygon", "coordinates": [ [ [ [ 8803608.744413878768682, -1487533.753822588827461 ], [ 8961263.855967096984386, -1360746.255160513333976 ], [ 9099596.935888616368175, -1298190.675510288681835 ], [ 9189676.751673700287938, -1343661.250317161204293 ], [ 9221176.392384793609381, -1528072.005534099414945 ], [ 9104847.823511809110641, -1627879.497589980484918 ], [ 8845659.685776578262448, -1618500.712640935787931 ], [ 8803608.744413878768682, -1487533.753822588827461 ] ] ] ] } },
{ "type": "Feature", "properties": { "ISO3": "LSO", "ISO2": "LS", "ISONUM": 426, "NAMEen": "Lesotho", "NAMEfr": "Lesotho", "NAMEde": "Lesotho", "REGION_BLOC": "SADC", "REGION_UN": "Africa", "SUBREGION_UN": "Sub-Saharan Africa", "LAST_DEV": "TRUE", "AREA_2021": 30360.0, "FOREST_AREA_2021": 345.2, "POP_2023": 2330318, "LIFE_EXP_2022": 53.036, "FERT_2022": 2.98, "HIV_2022": 19.3, "CO2_POP_2020": 1.02564216316934, "GNI_POP_2023": 3270, "INC_20P_2021": 4.6, "GDP_INDS_2023": 29.476821720171301, "HIG_TEC_EXP_2022": 0.092572626668724498, "MIL_EXP_2022": 1.4663337564366301, "JamesBond": 0, "ARG_nacion": 2.0, "AUS_sydmor": 0.0, "BRA_oglobo": 14.0, "CAN_tostar": 10.0, "CHN_mopost": 6.0, "DEU_frankf": 4.0, "DZA_alnaha": 26.0, "EGY_alwafd": 20.0, "ESP_abc": 22.0, "FRA_lmonde": 23.0, "GBR_indept": 12.0, "IDN_republ": 4.0, "IND_tindia": 3.0, "IRN_hamsha": 5.0, "ITA_repubb": 9.0, "JPN_asahis": 4.0, "KEN_standa": 111.0, "MEX_inform": 12.0, "NGA_vangua": 113.0, "RUS_isvest": 3.0, "SAU_spa": 4.0, "TUR_sabah": 1.0, "USA_nytime": 12.0, "ZAF_times": 594.0, "mean": 42.25, "rnk": 157.0, "sd": 121.24902509693231, "min": 0.0, "Q1": 4.0, "Q2": 9.5, "Q3": 20.5, "max": 594.0, "nbsup0": 23, "nbsup10": 11, "nbsup100": 3 }, "geometry": { "type": "MultiPolygon", "coordinates": [ [ [ [ 6340229.368207051418722, -11552582.077306089922786 ], [ 6511307.738661698065698, -11538794.923166306689382 ], [ 6484489.151796713471413, -11626127.953597851097584 ], [ 6232617.360151406377554, -11849464.791016817092896 ], [ 6032325.191460091620684, -11831514.086167581379414 ], [ 6146103.649992885999382, -11683092.067906206473708 ], [ 6340229.368207051418722, -11552582.077306089922786 ] ] ] ] } },
{ "type": "Feature", "properties": { "ISO3": "LTU", "ISO2": "LT", "ISONUM": 440, "NAMEen": "Lithuania", "NAMEfr": "Lituanie", "NAMEde": "Litauen", "REGION_BLOC": "EU", "REGION_UN": "Europe", "SUBREGION_UN": "Northern Europe", "LAST_DEV": "FALSE", "AREA_2021": 65290.0, "FOREST_AREA_2021": 22026.667, "POP_2023": 2871897, "LIFE_EXP_2022": 75.792682926829301, "FERT_2022": 1.27, "HIV_2022": 0.2, "CO2_POP_2020": 4.1840004150439096, "GNI_POP_2023": 50100, "INC_20P_2021": 7.0, "GDP_INDS_2023": 24.076509186575901, "HIG_TEC_EXP_2022": 12.8208600832593, "MIL_EXP_2022": 2.52262366538611, "JamesBond": 0, "ARG_nacion": 26.0, "AUS_sydmor": 15.0, "BRA_oglobo": 25.0, "CAN_tostar": 47.0, "CHN_mopost": 13.0, "DEU_frankf": 136.0, "DZA_alnaha": 13.0, "EGY_alwafd": 47.0, "ESP_abc": 68.0, "FRA_lmonde": 0.0, "GBR_indept": 62.0, "IDN_republ": 20.0, "IND_tindia": 39.0, "IRN_hamsha": 40.0, "ITA_repubb": 118.0, "JPN_asahis": 16.0, "KEN_standa": 15.0, "MEX_inform": 30.0, "NGA_vangua": 24.0, "RUS_isvest": 326.0, "SAU_spa": 70.0, "TUR_sabah": 130.0, "USA_nytime": 61.0, "ZAF_times": 11.0, "mean": 56.333333333333336, "rnk": 143.0, "sd": 68.652664957721058, "min": 0.0, "Q1": 15.75, "Q2": 34.5, "Q3": 63.5, "max": 326.0, "nbsup0": 23, "nbsup10": 23, "nbsup100": 4 }, "geometry": { "type": "MultiPolygon", "coordinates": [ [ [ [ 1714805.113314387388527, -3425203.210331661161035 ], [ 1735095.576472559478134, -3467162.123119557742029 ], [ 1704710.810388765530661, -3529083.519570635166019 ], [ 1685236.282414160436019, -3649075.643492697738111 ], [ 1603164.825222203973681, -3689557.727835217490792 ], [ 1538817.132524833781645, -3666572.011736104264855 ], [ 1518288.088193440111354, -3610299.828380017075688 ], [ 1389639.34347085445188, -3613256.127996974624693 ], [ 1359829.163492245133966, -3532632.360395887400955 ], [ 1409325.886182878166437, -3471779.720504773780704 ], [ 1557913.172622304409742, -3426890.469015958718956 ], [ 1576131.677753254771233, -3396686.789000850636512 ], [ 1714805.113314387388527, -3425203.210331661161035 ] ] ] ] } },
{ "type": "Feature", "properties": { "ISO3": "LUX", "ISO2": "LU", "ISONUM": 442, "NAMEen": "Luxembourg", "NAMEfr": "Luxembourg", "NAMEde": "Luxemburg", "REGION_BLOC": "EU", "REGION_UN": "Europe", "SUBREGION_UN": "Western Europe", "LAST_DEV": "FALSE", "AREA_2021": 2590.0, "FOREST_AREA_2021": 887.0, "POP_2023": 668606, "LIFE_EXP_2022": 83.046341463414606, "FERT_2022": 1.31, "HIV_2022": 0.2, "CO2_POP_2020": 12.4569532326913, "GNI_POP_2023": 98490, "INC_20P_2021": 7.2, "GDP_INDS_2023": 10.471950049137799, "HIG_TEC_EXP_2022": 5.8797153897592498, "MIL_EXP_2022": 0.700406724896945, "JamesBond": 0, "ARG_nacion": 30.0, "AUS_sydmor": 18.0, "BRA_oglobo": 523.0, "CAN_tostar": 15.0, "CHN_mopost": 25.0, "DEU_frankf": 239.0, "DZA_alnaha": 32.0, "EGY_alwafd": 3.0, "ESP_abc": 198.0, "FRA_lmonde": 265.0, "GBR_indept": 90.0, "IDN_republ": 31.0, "IND_tindia": 28.0, "IRN_hamsha": 39.0, "ITA_repubb": 245.0, "JPN_asahis": 25.0, "KEN_standa": 11.0, "MEX_inform": 28.0, "NGA_vangua": 51.0, "RUS_isvest": 52.0, "SAU_spa": 33.0, "TUR_sabah": 58.0, "USA_nytime": 62.0, "ZAF_times": 18.0, "mean": 88.291666666666671, "rnk": 127.0, "sd": 122.10881788714974, "min": 3.0, "Q1": 25.0, "Q2": 32.5, "Q3": 69.0, "max": 523.0, "nbsup0": 24, "nbsup10": 23, "nbsup100": 5 }, "geometry": { "type": "MultiPolygon", "coordinates": [ [ [ [ 473982.602789727388881, -4422392.64175468031317 ], [ 502185.384309040207881, -4459647.115016616880894 ], [ 499739.11021426942898, -4493996.389321897178888 ], [ 455289.874718595587183, -4489505.089259601198137 ], [ 473982.602789727388881, -4422392.64175468031317 ] ] ] ] } },
{ "type": "Feature", "properties": { "ISO3": "LVA", "ISO2": "LV", "ISONUM": 428, "NAMEen": "Latvia", "NAMEfr": "Lettonie", "NAMEde": "Lettland", "REGION_BLOC": "EU", "REGION_UN": "Europe", "SUBREGION_UN": "Northern Europe", "LAST_DEV": "FALSE", "AREA_2021": 64590.0, "FOREST_AREA_2021": 34146.6, "POP_2023": 1881750, "LIFE_EXP_2022": 74.580487804878004, "FERT_2022": 1.47, "HIV_2022": 0.7, "CO2_POP_2020": 3.6456121684928098, "GNI_POP_2023": 41420, "INC_20P_2021": 7.1, "GDP_INDS_2023": 20.934075918616902, "HIG_TEC_EXP_2022": 16.391409687792802, "MIL_EXP_2022": 2.0498651345644299, "JamesBond": 0, "ARG_nacion": 43.0, "AUS_sydmor": 17.0, "BRA_oglobo": 24.0, "CAN_tostar": 58.0, "CHN_mopost": 16.0, "DEU_frankf": 90.0, "DZA_alnaha": 13.0, "EGY_alwafd": 62.0, "ESP_abc": 99.0, "FRA_lmonde": 31.0, "GBR_indept": 37.0, "IDN_republ": 21.0, "IND_tindia": 16.0, "IRN_hamsha": 35.0, "ITA_repubb": 46.0, "JPN_asahis": 11.0, "KEN_standa": 11.0, "MEX_inform": 37.0, "NGA_vangua": 6.0, "RUS_isvest": 359.0, "SAU_spa": 39.0, "TUR_sabah": 56.0, "USA_nytime": 37.0, "ZAF_times": 7.0, "mean": 48.791666666666664, "rnk": 152.0, "sd": 70.428489274222514, "min": 6.0, "Q1": 16.0, "Q2": 36.0, "Q3": 48.5, "max": 359.0, "nbsup0": 24, "nbsup10": 22, "nbsup100": 1 }, "geometry": { "type": "MultiPolygon", "coordinates": [ [ [ [ 1664796.941225471207872, -3218186.379104607738554 ], [ 1782112.721462031593546, -3330754.752231251448393 ], [ 1714805.113314387388527, -3425203.210331661161035 ], [ 1576131.677753254771233, -3396686.789000850636512 ], [ 1557913.172622304409742, -3426890.469015958718956 ], [ 1409325.886182878166437, -3471779.720504773780704 ], [ 1359829.163492245133966, -3532632.360395887400955 ], [ 1338515.004275496117771, -3363671.366541828028858 ], [ 1381657.422951386775821, -3321541.202909878920764 ], [ 1436060.426571558928117, -3352260.155864088330418 ], [ 1478663.375422545708716, -3338081.936719666235149 ], [ 1475780.009012944065034, -3267553.89267387939617 ], [ 1520331.099417984252796, -3221595.29769602464512 ], [ 1664796.941225471207872, -3218186.379104607738554 ] ] ] ] } },
{ "type": "Feature", "properties": { "ISO3": "MAC", "ISO2": "MO", "ISONUM": 446, "NAMEen": "Macau", "NAMEfr": "Macao", "NAMEde": "Macao", "REGION_BLOC": null, "REGION_UN": "Asia", "SUBREGION_UN": "Eastern Asia", "LAST_DEV": null, "AREA_2021": 33.0, "FOREST_AREA_2021": null, "POP_2023": 704149, "LIFE_EXP_2022": 85.377, "FERT_2022": 1.109, "HIV_2022": null, "CO2_POP_2020": null, "GNI_POP_2023": 73180, "INC_20P_2021": null, "GDP_INDS_2023": 9.4540146873242001, "HIG_TEC_EXP_2022": 0.0, "MIL_EXP_2022": null, "JamesBond": 2, "ARG_nacion": 13.0, "AUS_sydmor": 120.0, "BRA_oglobo": 20.0, "CAN_tostar": 14.0, "CHN_mopost": 1675.0, "DEU_frankf": 18.0, "DZA_alnaha": 0.0, "EGY_alwafd": 17.0, "ESP_abc": 15.0, "FRA_lmonde": 14.0, "GBR_indept": 24.0, "IDN_republ": 9.0, "IND_tindia": 44.0, "IRN_hamsha": 16.0, "ITA_repubb": 28.0, "JPN_asahis": 65.0, "KEN_standa": 6.0, "MEX_inform": 15.0, "NGA_vangua": 5.0, "RUS_isvest": 3.0, "SAU_spa": 3.0, "TUR_sabah": 2.0, "USA_nytime": 33.0, "ZAF_times": 24.0, "mean": 90.958333333333329, "rnk": 125.0, "sd": 338.35233490583732, "min": 0.0, "Q1": 8.25, "Q2": 15.5, "Q3": 25.0, "max": 1675.0, "nbsup0": 23, "nbsup10": 17, "nbsup100": 2 }, "geometry": { "type": "MultiPolygon", "coordinates": [ [ [ [ 6936501.942244817502797, 3027207.690721292980015 ], [ 6915670.274798517115414, 3026557.022940170951188 ], [ 6923165.162123292684555, 3043060.316376031376421 ], [ 6936501.942244817502797, 3027207.690721292980015 ] ] ] ] } },
{ "type": "Feature", "properties": { "ISO3": "MAR", "ISO2": "MA", "ISONUM": 504, "NAMEen": "Morocco", "NAMEfr": "Maroc", "NAMEde": "Marokko", "REGION_BLOC": "Arab League", "REGION_UN": "Africa", "SUBREGION_UN": "Northern Africa", "LAST_DEV": "FALSE", "AREA_2021": 446550.0, "FOREST_AREA_2021": 57529.567, "POP_2023": 37840044, "LIFE_EXP_2022": 74.973, "FERT_2022": 2.299, "HIV_2022": 0.1, "CO2_POP_2020": 1.8185263873099899, "GNI_POP_2023": 9600, "INC_20P_2021": 6.7, "GDP_INDS_2023": 23.769868192832501, "HIG_TEC_EXP_2022": 4.0973238832132104, "MIL_EXP_2022": 3.9049262229450101, "JamesBond": 2, "ARG_nacion": 233.0, "AUS_sydmor": 53.0, "BRA_oglobo": 172.0, "CAN_tostar": 92.0, "CHN_mopost": 49.0, "DEU_frankf": 201.0, "DZA_alnaha": 3739.0, "EGY_alwafd": 907.0, "ESP_abc": 1020.0, "FRA_lmonde": 1029.0, "GBR_indept": 107.0, "IDN_republ": 274.0, "IND_tindia": 110.0, "IRN_hamsha": 103.0, "ITA_repubb": 376.0, "JPN_asahis": 30.0, "KEN_standa": 269.0, "MEX_inform": 216.0, "NGA_vangua": 549.0, "RUS_isvest": 66.0, "SAU_spa": 1014.0, "TUR_sabah": 224.0, "USA_nytime": 135.0, "ZAF_times": 269.0, "mean": 468.20833333333331, "rnk": 54.0, "sd": 769.63977904780472, "min": 30.0, "Q1": 106.0, "Q2": 220.0, "Q3": 419.25, "max": 3739.0, "nbsup0": 24, "nbsup10": 24, "nbsup100": 19 }, "geometry": { "type": "MultiPolygon", "coordinates": [ [ [ [ -237243.493953213357599, -6112863.62631359230727 ], [ -190094.05968643471715, -6153132.092961512506008 ], [ -184732.336997149774106, -6320125.777247555553913 ], [ -117051.473098238086095, -6401711.500250645913184 ], [ -140679.2540716129879, -6449524.078725028783083 ], [ -282961.413230930804275, -6439239.774383882060647 ], [ -414822.312277838413138, -6485912.270609964616597 ], [ -419842.064473426085897, -6589635.721364917233586 ], [ -505113.365954389970284, -6606183.489939451217651 ], [ -674446.787439914420247, -6690724.975555364042521 ], [ -894940.284765392541885, -6689938.837701828218997 ], [ -1030994.321319496957585, -6751459.406468842178583 ], [ -1047606.309591143392026, -6859882.510253600776196 ], [ -1551821.221729405457154, -6735127.790728281252086 ], [ -1367124.257259137928486, -6728301.518831053748727 ], [ -1246358.574571242090315, -6676770.602204266004264 ], [ -1118017.234545333078131, -6571695.863498724997044 ], [ -1115894.098154551582411, -6428563.38152567204088 ], [ -1028947.76038819772657, -6311119.061060008592904 ], [ -936989.916862251237035, -6247845.165933058597147 ], [ -740284.113698714761995, -6188075.018028908409178 ], [ -621395.634029571083374, -6005108.668868963606656 ], [ -563999.594383277813904, -6000952.147080538794398 ], [ -466079.618000451126136, -6090994.859591851942241 ], [ -313093.160283200268168, -6081002.387768206186593 ], [ -309685.45820961665595, -6087049.41542745847255 ], [ -237243.493953213357599, -6112863.62631359230727 ] ] ] ] } },
{ "type": "Feature", "properties": { "ISO3": "MCO", "ISO2": "MC", "ISONUM": 492, "NAMEen": "Monaco", "NAMEfr": "Monaco", "NAMEde": "Monaco", "REGION_BLOC": null, "REGION_UN": "Europe", "SUBREGION_UN": "Western Europe", "LAST_DEV": "FALSE", "AREA_2021": 90.084, "FOREST_AREA_2021": 0.0, "POP_2023": 36297, "LIFE_EXP_2022": null, "FERT_2022": null, "HIV_2022": null, "CO2_POP_2020": null, "GNI_POP_2023": null, "INC_20P_2021": null, "GDP_INDS_2023": 12.3191272552898, "HIG_TEC_EXP_2022": null, "MIL_EXP_2022": null, "JamesBond": 1, "ARG_nacion": 287.0, "AUS_sydmor": 134.0, "BRA_oglobo": 126.0, "CAN_tostar": 73.0, "CHN_mopost": 75.0, "DEU_frankf": 0.0, "DZA_alnaha": 807.0, "EGY_alwafd": 194.0, "ESP_abc": 517.0, "FRA_lmonde": 1518.0, "GBR_indept": 345.0, "IDN_republ": 250.0, "IND_tindia": 62.0, "IRN_hamsha": 19.0, "ITA_repubb": 1537.0, "JPN_asahis": 28.0, "KEN_standa": 123.0, "MEX_inform": 290.0, "NGA_vangua": 324.0, "RUS_isvest": 113.0, "SAU_spa": 118.0, "TUR_sabah": 32.0, "USA_nytime": 94.0, "ZAF_times": 265.0, "mean": 305.45833333333331, "rnk": 74.0, "sd": 417.4562699479319, "min": 0.0, "Q1": 74.5, "Q2": 130.0, "Q3": 298.5, "max": 1537.0, "nbsup0": 23, "nbsup10": 23, "nbsup100": 16 }, "geometry": { "type": "MultiPolygon", "coordinates": [ [ [ [ 667497.578400138765574, -5113274.283004362136126 ], [ 648781.449190893094055, -5125627.391037226654589 ], [ 645203.981553262216039, -5116105.822277702391148 ], [ 654239.39115306653548, -5108072.200991620309651 ], [ 664781.761846297187731, -5106279.560197187587619 ], [ 667497.578400138765574, -5113274.283004362136126 ] ] ] ] } },
{ "type": "Feature", "properties": { "ISO3": "MDA", "ISO2": "MD", "ISONUM": 498, "NAMEen": "Moldova", "NAMEfr": "Moldavie", "NAMEde": "Moldau", "REGION_BLOC": null, "REGION_UN": "Europe", "SUBREGION_UN": "Eastern Europe", "LAST_DEV": "FALSE", "AREA_2021": 33850.0, "FOREST_AREA_2021": 3865.0, "POP_2023": 2486891, "LIFE_EXP_2022": 68.621, "FERT_2022": 1.8, "HIV_2022": 0.9, "CO2_POP_2020": 3.2678463681108698, "GNI_POP_2023": 17600, "INC_20P_2021": 10.1, "GDP_INDS_2023": 17.440383066954102, "HIG_TEC_EXP_2022": 2.1401803935368999, "MIL_EXP_2022": 0.315219358256148, "JamesBond": 0, "ARG_nacion": 11.0, "AUS_sydmor": 13.0, "BRA_oglobo": 0.0, "CAN_tostar": 10.0, "CHN_mopost": 15.0, "DEU_frankf": 0.0, "DZA_alnaha": 8.0, "EGY_alwafd": 11.0, "ESP_abc": 4.0, "FRA_lmonde": 34.0, "GBR_indept": 19.0, "IDN_republ": 16.0, "IND_tindia": 16.0, "IRN_hamsha": 6.0, "ITA_repubb": 14.0, "JPN_asahis": 11.0, "KEN_standa": 11.0, "MEX_inform": 2.0, "NGA_vangua": 2.0, "RUS_isvest": 402.0, "SAU_spa": 33.0, "TUR_sabah": 108.0, "USA_nytime": 37.0, "ZAF_times": 7.0, "mean": 32.916666666666664, "rnk": 164.0, "sd": 81.586932386454407, "min": 0.0, "Q1": 6.75, "Q2": 11.0, "Q3": 16.75, "max": 402.0, "nbsup0": 22, "nbsup10": 15, "nbsup100": 2 }, "geometry": { "type": "MultiPolygon", "coordinates": [ [ [ [ 2346507.69482081476599, -4376310.439518466591835 ], [ 2286017.381759109906852, -4257314.622830994427204 ], [ 2085502.773574843304232, -4161407.050366644281894 ], [ 2157449.561156218871474, -4100329.147491424810141 ], [ 2294499.857651323080063, -4099469.607014557346702 ], [ 2402704.153753717429936, -4173679.351278808899224 ], [ 2422752.862102660816163, -4222198.442879935726523 ], [ 2349891.958507035858929, -4248789.53961387090385 ], [ 2365594.359348338562995, -4332269.440000124275684 ], [ 2346507.69482081476599, -4376310.439518466591835 ] ] ] ] } },
{ "type": "Feature", "properties": { "ISO3": "MDG", "ISO2": "MG", "ISONUM": 450, "NAMEen": "Madagascar", "NAMEfr": "Madagascar", "NAMEde": "Madagaskar", "REGION_BLOC": "COMESA, SADC", "REGION_UN": "Africa", "SUBREGION_UN": "Sub-Saharan Africa", "LAST_DEV": "TRUE", "AREA_2021": 587295.0, "FOREST_AREA_2021": 124165.967, "POP_2023": 30325732, "LIFE_EXP_2022": 65.23, "FERT_2022": 3.791, "HIV_2022": 0.4, "CO2_POP_2020": 0.097269540594909304, "GNI_POP_2023": 1840, "INC_20P_2021": 5.7, "GDP_INDS_2023": 14.9172700455622, "HIG_TEC_EXP_2022": 0.640525301671523, "MIL_EXP_2022": 0.65100396950110695, "JamesBond": 1, "ARG_nacion": 26.0, "AUS_sydmor": 22.0, "BRA_oglobo": 6.0, "CAN_tostar": 47.0, "CHN_mopost": 18.0, "DEU_frankf": 35.0, "DZA_alnaha": 68.0, "EGY_alwafd": 62.0, "ESP_abc": 52.0, "FRA_lmonde": 354.0, "GBR_indept": 46.0, "IDN_republ": 36.0, "IND_tindia": 23.0, "IRN_hamsha": 9.0, "ITA_repubb": 88.0, "JPN_asahis": 16.0, "KEN_standa": 205.0, "MEX_inform": 33.0, "NGA_vangua": 163.0, "RUS_isvest": 14.0, "SAU_spa": 42.0, "TUR_sabah": 33.0, "USA_nytime": 42.0, "ZAF_times": 243.0, "mean": 70.125, "rnk": 134.0, "sd": 85.716576703337438, "min": 6.0, "Q1": 22.75, "Q2": 39.0, "Q3": 63.5, "max": 354.0, "nbsup0": 24, "nbsup10": 22, "nbsup100": 4 }, "geometry": { "type": "MultiPolygon", "coordinates": [ [ [ [ 8603205.788939302787185, -7386419.216091264970601 ], [ 8758739.493035556748509, -7364538.088375083170831 ], [ 9033585.148654423654079, -7451107.340089628472924 ], [ 9045427.693794636055827, -7528304.732847904786468 ], [ 8931250.370591014623642, -7590764.075797400437295 ], [ 9044389.814890019595623, -7629729.402597803622484 ], [ 9102100.293164836242795, -7774551.206692042760551 ], [ 9266663.123535690829158, -8372883.060892620123923 ], [ 9351757.870164973661304, -8682239.249032245948911 ], [ 9095637.114815032109618, -9052534.857796823605895 ], [ 8873950.131337013095617, -9179999.346947414800525 ], [ 8776833.136604953557253, -9182276.05046558380127 ], [ 8712110.393586061894894, -9098250.267202297225595 ], [ 8534623.188940534368157, -9080369.672337373718619 ], [ 8508760.99052275903523, -8964013.691425440832973 ], [ 8551230.880760684609413, -8708074.485655726864934 ], [ 8280632.830248548649251, -8591897.714539898559451 ], [ 8320173.486083344556391, -8362609.008213831111789 ], [ 8475550.086468288674951, -8122365.411136885173619 ], [ 8540367.84914730116725, -7971982.820639347657561 ], [ 8634693.50670438632369, -7573114.461002841591835 ], [ 8575979.58508512750268, -7459025.33692604675889 ], [ 8603205.788939302787185, -7386419.216091264970601 ] ] ] ] } },
{ "type": "Feature", "properties": { "ISO3": "MDV", "ISO2": "MV", "ISONUM": 462, "NAMEen": "Maldives", "NAMEfr": "Maldives", "NAMEde": "Malediven", "REGION_BLOC": null, "REGION_UN": "Asia", "SUBREGION_UN": "Southern Asia", "LAST_DEV": "FALSE", "AREA_2021": 300.0, "FOREST_AREA_2021": 8.2, "POP_2023": 521021, "LIFE_EXP_2022": 80.839, "FERT_2022": 1.678, "HIV_2022": 0.1, "CO2_POP_2020": 2.8263852981311599, "GNI_POP_2023": 21720, "INC_20P_2021": 8.9, "GDP_INDS_2023": 10.2655569557582, "HIG_TEC_EXP_2022": 4.0964147313022297, "MIL_EXP_2022": null, "JamesBond": 0, "ARG_nacion": 22.0, "AUS_sydmor": 33.0, "BRA_oglobo": 25.0, "CAN_tostar": 25.0, "CHN_mopost": 129.0, "DEU_frankf": 37.0, "DZA_alnaha": 14.0, "EGY_alwafd": 29.0, "ESP_abc": 33.0, "FRA_lmonde": 42.0, "GBR_indept": 84.0, "IDN_republ": 69.0, "IND_tindia": 412.0, "IRN_hamsha": 31.0, "ITA_repubb": 68.0, "JPN_asahis": 70.0, "KEN_standa": 29.0, "MEX_inform": 15.0, "NGA_vangua": 2.0, "RUS_isvest": 17.0, "SAU_spa": 144.0, "TUR_sabah": 65.0, "USA_nytime": 49.0, "ZAF_times": 60.0, "mean": 62.666666666666664, "rnk": 136.0, "sd": 82.049649161567004, "min": 2.0, "Q1": 25.0, "Q2": 35.0, "Q3": 68.25, "max": 412.0, "nbsup0": 24, "nbsup10": 23, "nbsup100": 3 }, "geometry": { "type": "MultiPolygon", "coordinates": [ [ [ [ 9151790.183926591649652, -2674938.337059093639255 ], [ 9161990.024084074422717, -2679875.112276878207922 ], [ 9165166.494885457679629, -2698926.192055191844702 ], [ 9156084.772328600287437, -2728493.56121515436098 ], [ 9142694.007650459185243, -2741694.061906503979117 ], [ 9131713.17902547121048, -2735191.360358218196779 ], [ 9129469.645820992067456, -2712010.605900330003351 ], [ 9137132.330763870850205, -2687636.277163052465767 ], [ 9151790.183926591649652, -2674938.337059093639255 ] ] ], [ [ [ 9035799.960064440965652, -2691789.104264714289457 ], [ 9038664.311461634933949, -2661747.531387341208756 ], [ 9055863.326209872961044, -2633078.732855262700468 ], [ 9072477.206303169950843, -2635703.81106265867129 ], [ 9079842.94451043009758, -2663180.465383688919246 ], [ 9067048.305512527003884, -2697073.261013671755791 ], [ 9048015.858253125101328, -2704847.465042058844119 ], [ 9035799.960064440965652, -2691789.104264714289457 ] ] ], [ [ [ 9210184.211192283779383, -2750570.96319207502529 ], [ 9219535.1015888992697, -2712969.570532524958253 ], [ 9235212.77882307767868, -2697403.899371402338147 ], [ 9252749.656425304710865, -2694408.337609468027949 ], [ 9257604.737661052495241, -2711069.469995414372534 ], [ 9250474.893551336601377, -2744685.122775010298938 ], [ 9235596.329570636153221, -2766598.253610993735492 ], [ 9222627.053874420002103, -2768080.109559507574886 ], [ 9210184.211192283779383, -2750570.96319207502529 ] ] ] ] } },
{ "type": "Feature", "properties": { "ISO3": "MEX", "ISO2": "MX", "ISONUM": 484, "NAMEen": "Mexico", "NAMEfr": "Mexique", "NAMEde": "Mexiko", "REGION_BLOC": "ALENA", "REGION_UN": "Americas", "SUBREGION_UN": "Latin America and the Caribbean", "LAST_DEV": "FALSE", "AREA_2021": 1964375.0, "FOREST_AREA_2021": 655643.167, "POP_2023": 128455567, "LIFE_EXP_2022": 74.832, "FERT_2022": 1.803, "HIV_2022": 0.4, "CO2_POP_2020": 3.04076637477226, "GNI_POP_2023": 24970, "INC_20P_2021": 5.6, "GDP_INDS_2023": 31.7515055022651, "HIG_TEC_EXP_2022": 19.341761351041701, "MIL_EXP_2022": 0.60675293306289602, "JamesBond": 2, "ARG_nacion": 3111.0, "AUS_sydmor": 513.0, "BRA_oglobo": 2074.0, "CAN_tostar": 2252.0, "CHN_mopost": 535.0, "DEU_frankf": 1309.0, "DZA_alnaha": 375.0, "EGY_alwafd": 489.0, "ESP_abc": 2471.0, "FRA_lmonde": 1214.0, "GBR_indept": 1196.0, "IDN_republ": 539.0, "IND_tindia": 542.0, "IRN_hamsha": 351.0, "ITA_repubb": 1182.0, "JPN_asahis": 757.0, "KEN_standa": 500.0, "MEX_inform": null, "NGA_vangua": 468.0, "RUS_isvest": 540.0, "SAU_spa": 305.0, "TUR_sabah": 482.0, "USA_nytime": 2369.0, "ZAF_times": 597.0, "mean": 1050.9130434782608, "rnk": 26.0, "sd": 826.67344949191499, "min": 305.0, "Q1": 494.5, "Q2": 542.0, "Q3": 1261.5, "max": 3111.0, "nbsup0": 23, "nbsup10": 23, "nbsup100": 23 }, "geometry": { "type": "MultiPolygon", "coordinates": [ [ [ [ -7073648.778196207247674, 885993.584951749071479 ], [ -7224636.835830711759627, 970574.63131571712438 ], [ -7431119.683861396275461, 1029960.775600014603697 ], [ -7657940.37949241232127, 960707.816223593312316 ], [ -7886300.917919518426061, 794491.978855376597494 ], [ -7970734.509717311710119, 622684.235629393486306 ], [ -7911098.905543164350092, 197651.99593241859111 ], [ -7858047.178325426764786, 100136.648486808408052 ], [ -7678693.696263586170971, 48260.26502934252494 ], [ -7647327.931673333980143, -28568.35161201783194 ], [ -7607632.159143, -270707.409966350300238 ], [ -7619223.006602221168578, -422252.160161809530109 ], [ -7683497.158975306898355, -419443.446925677475519 ], [ -7826145.974622917361557, -308571.476027243887074 ], [ -7837961.491301391273737, -351394.368724099360406 ], [ -7978105.259910615161061, -302351.749616572808009 ], [ -7965418.900981029495597, -265417.29728581092786 ], [ -7954219.684967416338623, -235544.60977827073657 ], [ -8030673.26061655394733, -117674.695582065018243 ], [ -8031701.028770081698895, 138918.017914473224664 ], [ -8090917.695296688936651, 202085.697325823915889 ], [ -8191500.068341451697052, 54307.90397063166165 ], [ -8224203.373103062622249, 69724.265188520424999 ], [ -8220988.526880698278546, 247407.808784072112758 ], [ -8304790.356341046281159, 319713.070015010016505 ], [ -8386728.151463709771633, 328965.089136664348189 ], [ -8203458.61932865716517, 558982.598523942986503 ], [ -8155528.600834249518812, 692304.948497729026712 ], [ -8198031.650667247362435, 779919.756106811692007 ], [ -8215973.048884391784668, 944232.784430249710567 ], [ -8158939.474113824777305, 1113678.221801965031773 ], [ -8076415.552129148505628, 1258458.792275821091607 ], [ -7942139.783473355695605, 1552288.794951883610338 ], [ -7853263.231972743757069, 1642214.482305231736973 ], [ -7753800.882315894588828, 1861293.839171832893044 ], [ -7679725.741263400763273, 1911920.282947893254459 ], [ -7591095.01782701164484, 2036459.036198335234076 ], [ -7455664.217175832949579, 2095507.560602162964642 ], [ -7357591.11048384103924, 1999021.897646869998425 ], [ -7214191.210891654714942, 2041432.141790259396657 ], [ -6859363.422903290949762, 2266366.576177176088095 ], [ -6740492.139848222024739, 2379064.21092804055661 ], [ -6692777.207555865868926, 2334000.576575262006372 ], [ -6480927.089909407310188, 2438033.126969791948795 ], [ -6428737.648243828676641, 2500084.858532453421503 ], [ -6292587.539410508237779, 2561832.814001588150859 ], [ -6061963.739302108995616, 2589253.942856159992516 ], [ -6030458.240273967385292, 2565831.980192658491433 ], [ -5867162.335833626799285, 2727657.562642341013998 ], [ -6053989.034908295609057, 2779443.556460492312908 ], [ -6316893.57329186052084, 2661386.719626463018358 ], [ -6379260.589271736331284, 2678086.068619129247963 ], [ -6541408.293204349465668, 2618308.362596062012017 ], [ -6876237.477036909200251, 2550473.436876596882939 ], [ -6972211.95728897023946, 2465766.314112930092961 ], [ -7025435.561291876249015, 2542531.238136840052903 ], [ -6937712.931762433610857, 2567351.449035501107574 ], [ -6728107.510423460975289, 2730365.671878341585398 ], [ -6571933.269555979408324, 2701176.247890097554773 ], [ -6470354.876734785735607, 2768344.68362475419417 ], [ -6453714.135097156278789, 2824541.367177754174918 ], [ -6267897.050601517781615, 2930216.377572511788458 ], [ -6303377.742749904282391, 2828662.689494338352233 ], [ -6258195.75937417242676, 2791904.457068420946598 ], [ -6045376.547081715427339, 2909126.742909390944988 ], [ -5921149.486838939599693, 2896644.637683820910752 ], [ -5697111.66949275508523, 2918512.065201255492866 ], [ -5796118.758528989739716, 2668893.729563353117555 ], [ -6097266.87976854853332, 2348720.101888481993228 ], [ -6207242.25672516040504, 2042615.6123306164518 ], [ -6159803.44891703594476, 2027041.879848503740504 ], [ -6217577.983338675461709, 1843759.615686380770057 ], [ -6381427.335612044669688, 1710912.447293686214834 ], [ -6503753.562018889002502, 1685718.479720730800182 ], [ -6616238.835504709742963, 1545489.729913973249495 ], [ -6539438.091119724325836, 1428340.340795105788857 ], [ -6592303.834750922396779, 1317711.270847299136221 ], [ -6616919.056489079259336, 1290876.696780377766117 ], [ -6760278.493719893507659, 1226642.07865851582028 ], [ -6855287.338610318489373, 1148067.6570319540333 ], [ -6912699.382972338236868, 1152031.36942676641047 ], [ -6972152.002841462381184, 1125689.39051473303698 ], [ -7043614.150424279272556, 1017843.527400133083574 ], [ -7073648.778196207247674, 885993.584951749071479 ] ] ] ] } },
{ "type": "Feature", "properties": { "ISO3": "MHL", "ISO2": "MH", "ISONUM": 584, "NAMEen": "Marshall Islands", "NAMEfr": "Îles Marshall", "NAMEde": "Marshallinseln", "REGION_BLOC": null, "REGION_UN": "Oceania", "SUBREGION_UN": "Micronesia", "LAST_DEV": "FALSE", "AREA_2021": 180.0, "FOREST_AREA_2021": 94.0, "POP_2023": 41996, "LIFE_EXP_2022": 65.146, "FERT_2022": 2.672, "HIV_2022": null, "CO2_POP_2020": 2.5338032386612301, "GNI_POP_2023": 8570, "INC_20P_2021": 7.2, "GDP_INDS_2023": 10.316864153722401, "HIG_TEC_EXP_2022": null, "MIL_EXP_2022": null, "JamesBond": 0, "ARG_nacion": 0.0, "AUS_sydmor": 7.0, "BRA_oglobo": 2.0, "CAN_tostar": 9.0, "CHN_mopost": 19.0, "DEU_frankf": 6.0, "DZA_alnaha": 0.0, "EGY_alwafd": 3.0, "ESP_abc": 4.0, "FRA_lmonde": 3.0, "GBR_indept": 2.0, "IDN_republ": 0.0, "IND_tindia": 16.0, "IRN_hamsha": 0.0, "ITA_repubb": 4.0, "JPN_asahis": 0.0, "KEN_standa": 0.0, "MEX_inform": 9.0, "NGA_vangua": 0.0, "RUS_isvest": 0.0, "SAU_spa": 0.0, "TUR_sabah": 0.0, "USA_nytime": 14.0, "ZAF_times": 7.0, "mean": 4.375, "rnk": 194.0, "sd": 5.5467381719192481, "min": 0.0, "Q1": 0.0, "Q2": 2.5, "Q3": 7.0, "max": 19.0, "nbsup0": 14, "nbsup10": 3, "nbsup100": 0 }, "geometry": { "type": "MultiPolygon", "coordinates": [ [ [ [ 1432960.370317212305963, 9099738.272147234529257 ], [ 1414478.020069137215614, 9107629.355845917016268 ], [ 1375279.783248926280066, 9113301.934315606951714 ], [ 1364726.389149298192933, 9107807.134803624823689 ], [ 1372885.634780435357243, 9094678.322568072006106 ], [ 1353882.69686877541244, 9106306.189565561711788 ], [ 1357288.421965228393674, 9114325.574223015457392 ], [ 1370686.281704713357612, 9118339.982560370117426 ], [ 1419262.194726679939777, 9113582.912300124764442 ], [ 1449971.682991801761091, 9102947.903268417343497 ], [ 1455433.538933666190132, 9082958.703118542209268 ], [ 1432960.370317212305963, 9099738.272147234529257 ] ] ] ] } },
{ "type": "Feature", "properties": { "ISO3": "MKD", "ISO2": "MK", "ISONUM": 807, "NAMEen": "North Macedonia", "NAMEfr": "Macédoine du Nord", "NAMEde": "Nordmakedonien", "REGION_BLOC": null, "REGION_UN": "Europe", "SUBREGION_UN": "Southern Europe", "LAST_DEV": "FALSE", "AREA_2021": 25710.0, "FOREST_AREA_2021": 10014.9, "POP_2023": 1811980, "LIFE_EXP_2022": 74.424878048780499, "FERT_2022": 1.6, "HIV_2022": 0.1, "CO2_POP_2020": 3.66177044206098, "GNI_POP_2023": 23510, "INC_20P_2021": 5.8, "GDP_INDS_2023": 21.3576791167377, "HIG_TEC_EXP_2022": 3.9923592669010501, "MIL_EXP_2022": 1.6053429000147299, "JamesBond": 0, "ARG_nacion": 13.0, "AUS_sydmor": 20.0, "BRA_oglobo": 4.0, "CAN_tostar": 93.0, "CHN_mopost": 30.0, "DEU_frankf": 115.0, "DZA_alnaha": 53.0, "EGY_alwafd": 78.0, "ESP_abc": 96.0, "FRA_lmonde": 0.0, "GBR_indept": 37.0, "IDN_republ": 27.0, "IND_tindia": 34.0, "IRN_hamsha": 38.0, "ITA_repubb": 84.0, "JPN_asahis": 43.0, "KEN_standa": 15.0, "MEX_inform": 34.0, "NGA_vangua": 3.0, "RUS_isvest": 72.0, "SAU_spa": 64.0, "TUR_sabah": 221.0, "USA_nytime": 72.0, "ZAF_times": 35.0, "mean": 53.375, "rnk": 149.0, "sd": 47.830145578776538, "min": 0.0, "Q1": 25.25, "Q2": 37.5, "Q3": 73.5, "max": 221.0, "nbsup0": 23, "nbsup10": 21, "nbsup100": 2 }, "geometry": { "type": "MultiPolygon", "coordinates": [ [ [ [ 2020868.153804857051, -4916377.977444173768163 ], [ 2082183.894880430074409, -4939662.930347772315145 ], [ 2112128.695896469522268, -4995978.399903581477702 ], [ 1960312.908206710359082, -5116245.243528029881418 ], [ 1955661.759357303846627, -5110383.449468735605478 ], [ 1936251.741569629870355, -5117504.694123862311244 ], [ 1921302.061898278072476, -5102473.957868290133774 ], [ 1884545.024109415244311, -5022493.050627955235541 ], [ 1956412.355836745351553, -4950402.272752063348889 ], [ 2020868.153804857051, -4916377.977444173768163 ] ] ] ] } },
{ "type": "Feature", "properties": { "ISO3": "MLI", "ISO2": "ML", "ISONUM": 466, "NAMEen": "Mali", "NAMEfr": "Mali", "NAMEde": "Mali", "REGION_BLOC": "AES", "REGION_UN": "Africa", "SUBREGION_UN": "Sub-Saharan Africa", "LAST_DEV": "TRUE", "AREA_2021": 1240190.0, "FOREST_AREA_2021": 132960.0, "POP_2023": 23293698, "LIFE_EXP_2022": 59.417, "FERT_2022": 5.867, "HIV_2022": 0.9, "CO2_POP_2020": 0.19556597141731699, "GNI_POP_2023": 2600, "INC_20P_2021": 7.6, "GDP_INDS_2023": 19.361678355315199, "HIG_TEC_EXP_2022": 5.4796965879690003, "MIL_EXP_2022": 2.8340436713195398, "JamesBond": 0, "ARG_nacion": 6.0, "AUS_sydmor": 54.0, "BRA_oglobo": 81.0, "CAN_tostar": 216.0, "CHN_mopost": 66.0, "DEU_frankf": 274.0, "DZA_alnaha": 2299.0, "EGY_alwafd": 585.0, "ESP_abc": 143.0, "FRA_lmonde": 1189.0, "GBR_indept": 93.0, "IDN_republ": 153.0, "IND_tindia": 128.0, "IRN_hamsha": 3965.0, "ITA_repubb": 148.0, "JPN_asahis": 1102.0, "KEN_standa": 794.0, "MEX_inform": 22.0, "NGA_vangua": 539.0, "RUS_isvest": 154.0, "SAU_spa": 569.0, "TUR_sabah": 833.0, "USA_nytime": 150.0, "ZAF_times": 530.0, "mean": 587.20833333333337, "rnk": 43.0, "sd": 889.40752038581309, "min": 6.0, "Q1": 119.25, "Q2": 185.0, "Q3": 637.25, "max": 3965.0, "nbsup0": 24, "nbsup10": 23, "nbsup100": 18 }, "geometry": { "type": "MultiPolygon", "coordinates": [ [ [ [ 581376.762565713725053, -7863088.791097989305854 ], [ 597263.060408808407374, -8164464.744978840462863 ], [ 507962.951635934237856, -8288257.633667539805174 ], [ 193139.938158652716083, -8309349.664610599167645 ], [ 31848.962607964644121, -8352765.630420356057584 ], [ -109526.324540469766362, -8334541.258778455667198 ], [ -297703.225435146247037, -8426384.857773194089532 ], [ -418742.293567728949711, -8438480.014949712902308 ], [ -492784.184331016731448, -8492707.067014999687672 ], [ -589578.30753547383938, -8491820.419721392914653 ], [ -688434.751637161709368, -8630931.506109872832894 ], [ -800329.794291722588241, -8656054.858097270131111 ], [ -851614.61041543725878, -8807973.757215611636639 ], [ -930156.03628394275438, -8826232.570025173947215 ], [ -959176.669196887174621, -8764057.466449176892638 ], [ -1075418.382613200461492, -8810199.792139437049627 ], [ -1234019.460336210904643, -8792014.201925776898861 ], [ -1273745.504653136478737, -8651569.06673039868474 ], [ -1340020.214489885605872, -8609055.053007740527391 ], [ -1393928.964203219627962, -8525016.32852373085916 ], [ -1579914.776409627636895, -8524863.039600556716323 ], [ -1704112.907010972499847, -8460281.619354091584682 ], [ -1715966.7400499782525, -8349837.490655942820013 ], [ -1777493.663451937725767, -8176913.136559003032744 ], [ -1683536.524966093711555, -8110201.242783422581851 ], [ -1577631.595984023762867, -8180859.952769732102752 ], [ -1545503.787154446355999, -8150984.997297582216561 ], [ -1346419.433358643203974, -8178037.386019874364138 ], [ -795974.470591119606979, -8249982.997422758489847 ], [ -813667.5288784080185, -7789215.56377268396318 ], [ -822027.264454169082455, -7543121.481035228818655 ], [ -830884.908223797217943, -7188702.930377797223628 ], [ -608251.341888934373856, -7210850.059671467170119 ], [ -325865.94894010265125, -7394767.626249558292329 ], [ 153423.719816921598976, -7666092.604615238495171 ], [ 256248.440019147790736, -7759709.166790070943534 ], [ 438384.866104440123308, -7800087.721983145922422 ], [ 456040.169378668535501, -7889155.020399510860443 ], [ 581376.762565713725053, -7863088.791097989305854 ] ] ] ] } },
{ "type": "Feature", "properties": { "ISO3": "MLT", "ISO2": "MT", "ISONUM": 470, "NAMEen": "Malta", "NAMEfr": "Malte", "NAMEde": "Malta", "REGION_BLOC": "EU", "REGION_UN": "Europe", "SUBREGION_UN": "Southern Europe", "LAST_DEV": "FALSE", "AREA_2021": 320.0, "FOREST_AREA_2021": 4.6, "POP_2023": 553214, "LIFE_EXP_2022": 82.7, "FERT_2022": 1.15, "HIV_2022": 0.2, "CO2_POP_2020": 3.12555789277592, "GNI_POP_2023": 56880, "INC_20P_2021": 8.0, "GDP_INDS_2023": 12.1281243088628, "HIG_TEC_EXP_2022": 7.92356256396085, "MIL_EXP_2022": 0.49920686499012501, "JamesBond": 0, "ARG_nacion": 91.0, "AUS_sydmor": 71.0, "BRA_oglobo": 166.0, "CAN_tostar": 81.0, "CHN_mopost": 27.0, "DEU_frankf": 153.0, "DZA_alnaha": 81.0, "EGY_alwafd": 90.0, "ESP_abc": 169.0, "FRA_lmonde": 230.0, "GBR_indept": 137.0, "IDN_republ": 22.0, "IND_tindia": 53.0, "IRN_hamsha": 71.0, "ITA_repubb": 598.0, "JPN_asahis": 41.0, "KEN_standa": 40.0, "MEX_inform": 27.0, "NGA_vangua": 146.0, "RUS_isvest": 41.0, "SAU_spa": 57.0, "TUR_sabah": 73.0, "USA_nytime": 84.0, "ZAF_times": 48.0, "mean": 108.20833333333333, "rnk": 117.0, "sd": 117.2759581598839, "min": 22.0, "Q1": 46.25, "Q2": 77.0, "Q3": 139.25, "max": 598.0, "nbsup0": 24, "nbsup10": 24, "nbsup100": 7 }, "geometry": { "type": "MultiPolygon", "coordinates": [ [ [ [ 1517935.250466061290354, -5849861.428131898865104 ], [ 1484676.664159151725471, -5857277.774798257276416 ], [ 1465711.080386062385514, -5836207.704310639761388 ], [ 1481992.093439992517233, -5812836.651186258532107 ], [ 1526219.942485979758203, -5820898.70858804974705 ], [ 1517935.250466061290354, -5849861.428131898865104 ] ] ] ] } },
{ "type": "Feature", "properties": { "ISO3": "MMR", "ISO2": "MM", "ISONUM": 104, "NAMEen": "Myanmar", "NAMEfr": "Myanmar", "NAMEde": "Myanmar", "REGION_BLOC": "ASEAN", "REGION_UN": "Asia", "SUBREGION_UN": "South-eastern Asia", "LAST_DEV": "TRUE", "AREA_2021": 676590.0, "FOREST_AREA_2021": 282541.8, "POP_2023": 54577997, "LIFE_EXP_2022": 67.256, "FERT_2022": 2.127, "HIV_2022": 0.9, "CO2_POP_2020": 0.63408034839097405, "GNI_POP_2023": 5800, "INC_20P_2021": 8.9, "GDP_INDS_2023": 38.077513559332999, "HIG_TEC_EXP_2022": 2.6110074685526898, "MIL_EXP_2022": 3.0469492441798902, "JamesBond": 0, "ARG_nacion": 89.0, "AUS_sydmor": 361.0, "BRA_oglobo": 20.0, "CAN_tostar": 485.0, "CHN_mopost": 1193.0, "DEU_frankf": 186.0, "DZA_alnaha": 144.0, "EGY_alwafd": 320.0, "ESP_abc": 112.0, "FRA_lmonde": 459.0, "GBR_indept": 413.0, "IDN_republ": 1155.0, "IND_tindia": 617.0, "IRN_hamsha": 232.0, "ITA_repubb": 283.0, "JPN_asahis": 780.0, "KEN_standa": 172.0, "MEX_inform": 137.0, "NGA_vangua": 167.0, "RUS_isvest": 230.0, "SAU_spa": 292.0, "TUR_sabah": 289.0, "USA_nytime": 663.0, "ZAF_times": 280.0, "mean": 378.29166666666669, "rnk": 65.0, "sd": 308.3656044608295, "min": 20.0, "Q1": 170.75, "Q2": 286.0, "Q3": 465.5, "max": 1193.0, "nbsup0": 24, "nbsup10": 24, "nbsup100": 22 }, "geometry": { "type": "MultiPolygon", "coordinates": [ [ [ [ 7473673.040511232800782, 1474273.410466805333272 ], [ 7634264.408741002902389, 1359772.733008641982451 ], [ 7624203.79992395453155, 1336402.403810888761654 ], [ 7738867.15462797973305, 1161086.303007708862424 ], [ 7734923.958443636074662, 1090450.959078841842711 ], [ 7887472.843030895106494, 1021478.266335642198101 ], [ 8032514.198379456065595, 1191323.613988802069798 ], [ 8108066.726758460514247, 1238156.724671190138906 ], [ 8214943.418590419925749, 1232649.874240072676912 ], [ 8244626.77915380243212, 1182927.611017564777285 ], [ 8377135.929887272417545, 1349678.526711751008406 ], [ 8437696.950622564181685, 1351816.548055259510875 ], [ 8572732.434659883379936, 1454589.975189501885325 ], [ 8754313.934214621782303, 1347012.129199237329885 ], [ 8599527.744754491373897, 1326371.504718613112345 ], [ 8448012.882385794073343, 1274393.560268480097875 ], [ 8401946.095174200832844, 1204813.570648367283866 ], [ 8279009.316078331321478, 1133313.282313712639734 ], [ 8099788.50245182774961, 1088346.718275541672483 ], [ 8021523.643081753514707, 971357.596342444652691 ], [ 8093369.382045110687613, 965224.293041856610216 ], [ 8224697.077985188923776, 782094.238706942996942 ], [ 8208427.377603327855468, 604893.673805593745783 ], [ 8035144.429428099654615, 648609.748302262974903 ], [ 7899310.534295662306249, 573586.737422030302696 ], [ 7850897.130568633787334, 479880.694936501968186 ], [ 7782178.610590349882841, 509439.632828883070033 ], [ 7752090.611217318102717, 369811.752851268916856 ], [ 7666128.909648260101676, 303232.875727295933757 ], [ 7562998.903202772140503, 340243.251595473790076 ], [ 7558452.404134143143892, 393337.841601762338541 ], [ 7430153.225155282765627, 438165.991379683546256 ], [ 7329923.613443932496011, 423021.435786869435105 ], [ 7345263.373382263816893, 526478.065909345634282 ], [ 7090844.17544287443161, 639231.550679183215834 ], [ 7045087.540053592063487, 621400.658467072295025 ], [ 6945694.170948715880513, 747502.436784289311618 ], [ 6927983.332864280790091, 821069.540661066072062 ], [ 6823302.245836705900729, 876929.328853744547814 ], [ 6784576.218746362254024, 898775.054471172043122 ], [ 6870770.063059038482606, 1048832.658762738807127 ], [ 7056543.764621768146753, 1078845.57636265992187 ], [ 7201410.479735638014972, 952699.10067045816686 ], [ 7296488.297159823589027, 978364.420362440287136 ], [ 7256064.70805545989424, 1095463.074964244617149 ], [ 7348833.947250516153872, 1145410.830839900299907 ], [ 7349035.220937935635448, 1228894.174140621442348 ], [ 7455194.791251982562244, 1200064.239650428295135 ], [ 7449539.371888787485659, 1305834.968169196508825 ], [ 7511204.312289428897202, 1349739.281559858238325 ], [ 7473673.040511232800782, 1474273.410466805333272 ] ] ] ] } },
{ "type": "Feature", "properties": { "ISO3": "MNE", "ISO2": "ME", "ISONUM": 499, "NAMEen": "Montenegro", "NAMEfr": "Monténégro", "NAMEde": "Montenegro", "REGION_BLOC": null, "REGION_UN": "Europe", "SUBREGION_UN": "Southern Europe", "LAST_DEV": "FALSE", "AREA_2021": 13810.0, "FOREST_AREA_2021": 8270.0, "POP_2023": 616177, "LIFE_EXP_2022": 76.187804878048794, "FERT_2022": 1.8, "HIV_2022": 0.1, "CO2_POP_2020": 4.0675609120143701, "GNI_POP_2023": 31520, "INC_20P_2021": 6.2, "GDP_INDS_2023": 11.85696797484, "HIG_TEC_EXP_2022": 8.2051218953188094, "MIL_EXP_2022": 1.6074649517933599, "JamesBond": 1, "ARG_nacion": 260.0, "AUS_sydmor": 1.0, "BRA_oglobo": 194.0, "CAN_tostar": 19.0, "CHN_mopost": 6.0, "DEU_frankf": 71.0, "DZA_alnaha": 26.0, "EGY_alwafd": 10.0, "ESP_abc": 34.0, "FRA_lmonde": 3.0, "GBR_indept": 117.0, "IDN_republ": 24.0, "IND_tindia": 5.0, "IRN_hamsha": 11.0, "ITA_repubb": 108.0, "JPN_asahis": 0.0, "KEN_standa": 25.0, "MEX_inform": 31.0, "NGA_vangua": 13.0, "RUS_isvest": 211.0, "SAU_spa": 39.0, "TUR_sabah": 134.0, "USA_nytime": 35.0, "ZAF_times": 5.0, "mean": 57.583333333333336, "rnk": 140.0, "sd": 74.048701169754054, "min": 0.0, "Q1": 9.0, "Q2": 25.5, "Q3": 80.25, "max": 260.0, "nbsup0": 23, "nbsup10": 17, "nbsup100": 6 }, "geometry": { "type": "MultiPolygon", "coordinates": [ [ [ [ 1703149.28173078969121, -4892058.330706478096545 ], [ 1828235.097314572660252, -4930364.474935284815729 ], [ 1814782.240339814219624, -4968539.862199578434229 ], [ 1765172.95178098953329, -5012347.794051425531507 ], [ 1771362.937613392947242, -5038184.186551579274237 ], [ 1779532.915193210588768, -5063104.167495115660131 ], [ 1682697.234219019068405, -5030093.503248777240515 ], [ 1672490.221192434895784, -5016768.442951029166579 ], [ 1703149.28173078969121, -4892058.330706478096545 ] ] ] ] } },
{ "type": "Feature", "properties": { "ISO3": "MNG", "ISO2": "MN", "ISONUM": 496, "NAMEen": "Mongolia", "NAMEfr": "Mongolie", "NAMEde": "Mongolei", "REGION_BLOC": null, "REGION_UN": "Asia", "SUBREGION_UN": "Eastern Asia", "LAST_DEV": "FALSE", "AREA_2021": 1564116.0, "FOREST_AREA_2021": 141716.7, "POP_2023": 3447157, "LIFE_EXP_2022": 72.667, "FERT_2022": 2.774, "HIV_2022": 0.1, "CO2_POP_2020": 6.4306453350979798, "GNI_POP_2023": 16390, "INC_20P_2021": 8.2, "GDP_INDS_2023": 39.984436760189801, "HIG_TEC_EXP_2022": 30.796323342145101, "MIL_EXP_2022": 0.60306325017325602, "JamesBond": 0, "ARG_nacion": 22.0, "AUS_sydmor": 23.0, "BRA_oglobo": 17.0, "CAN_tostar": 36.0, "CHN_mopost": 151.0, "DEU_frankf": 18.0, "DZA_alnaha": 9.0, "EGY_alwafd": 16.0, "ESP_abc": 23.0, "FRA_lmonde": 39.0, "GBR_indept": 15.0, "IDN_republ": 20.0, "IND_tindia": 50.0, "IRN_hamsha": 45.0, "ITA_repubb": 51.0, "JPN_asahis": 236.0, "KEN_standa": 4.0, "MEX_inform": 6.0, "NGA_vangua": 13.0, "RUS_isvest": 51.0, "SAU_spa": 19.0, "TUR_sabah": 41.0, "USA_nytime": 38.0, "ZAF_times": 14.0, "mean": 39.875, "rnk": 158.0, "sd": 51.033077508612003, "min": 4.0, "Q1": 15.75, "Q2": 22.5, "Q3": 42.0, "max": 236.0, "nbsup0": 24, "nbsup10": 21, "nbsup100": 2 }, "geometry": { "type": "MultiPolygon", "coordinates": [ [ [ [ 4003549.802041479386389, 2012199.480703015811741 ], [ 4214528.421347013674676, 2011539.048520650481805 ], [ 4244261.656631442718208, 2056574.575748870614916 ], [ 4175995.514454101677984, 2174756.553377478849143 ], [ 4147401.752620573621243, 2181280.100795920472592 ], [ 4117621.24500477174297, 2239619.164272160734981 ], [ 4149440.413353718817234, 2366795.123932241462171 ], [ 4205109.46679156459868, 2396618.299803585279733 ], [ 4251960.77914279513061, 2283541.301199993584305 ], [ 4355734.743814217858016, 2181527.919988055247813 ], [ 4478558.452277119271457, 2149402.634152220096439 ], [ 4525095.464613693766296, 2065421.081337335752323 ], [ 4622013.940745772793889, 2022677.075253237504512 ], [ 4642310.865022640675306, 1876698.173405565088615 ], [ 4738846.137373702600598, 1856793.378902009222656 ], [ 4788229.881958389654756, 1928094.619040575111285 ], [ 4934528.791385715827346, 1835794.432581266853958 ], [ 4996856.76281213760376, 1768020.522659669397399 ], [ 5092358.74945262260735, 1534354.316919123521075 ], [ 5210987.284623688086867, 1397723.516974030993879 ], [ 5212692.205348410643637, 1111240.993135270429775 ], [ 5184265.129699775017798, 1067722.709438543999568 ], [ 5215529.542461898177862, 870391.990337732131593 ], [ 5235701.814141385257244, 582710.7739740019897 ], [ 5073794.915082789957523, 477776.902433558308985 ], [ 5012933.992867433466017, 308824.135061017004773 ], [ 4995749.820413619279861, 76145.985914442251669 ], [ 4842110.18894864898175, 88534.58507549019123 ], [ 4721407.158725508488715, 28413.297528782157315 ], [ 4683667.760034981183708, -78029.02341864904156 ], [ 4613901.664037859067321, -165730.706590929446975 ], [ 4550588.128009996376932, -173517.558461815031478 ], [ 4363782.489336881786585, 175396.027990555390716 ], [ 4386221.201942474581301, 324996.957992929557804 ], [ 4444911.045368020422757, 359545.137360889988486 ], [ 4455221.254780080169439, 570860.437573525123298 ], [ 4357380.200076907873154, 635165.260971695650369 ], [ 4309444.581063599325716, 590807.845811444567516 ], [ 4173612.221132351085544, 652555.139863145072013 ], [ 4203546.603069545701146, 741650.122601747047156 ], [ 4216678.148498451337218, 910435.652622439200059 ], [ 4298973.111812738701701, 939499.989611162221991 ], [ 4320603.413974740542471, 1050699.015693892259151 ], [ 4251303.711145750246942, 1165309.521346676396206 ], [ 4251098.768757452256978, 1376879.871744715841487 ], [ 4300566.819525205530226, 1442126.530397054506466 ], [ 4261961.682929548434913, 1613127.425987626658753 ], [ 4147258.152345960959792, 1764138.638967893086374 ], [ 4038245.180082351434976, 1822173.997678596293554 ], [ 4041442.739485578145832, 1916313.155264856759459 ], [ 4003549.802041479386389, 2012199.480703015811741 ] ] ] ] } },
{ "type": "Feature", "properties": { "ISO3": "MOZ", "ISO2": "MZ", "ISONUM": 508, "NAMEen": "Mozambique", "NAMEfr": "Mozambique", "NAMEde": "Mosambik", "REGION_BLOC": "SADC", "REGION_UN": "Africa", "SUBREGION_UN": "Sub-Saharan Africa", "LAST_DEV": "TRUE", "AREA_2021": 799380.0, "FOREST_AREA_2021": 364976.047, "POP_2023": 33897354, "LIFE_EXP_2022": 59.625, "FERT_2022": 4.561, "HIV_2022": 11.6, "CO2_POP_2020": 0.22276755271521301, "GNI_POP_2023": 1510, "INC_20P_2021": 4.4, "GDP_INDS_2023": 22.787736699198099, "HIG_TEC_EXP_2022": 3.17958510699125, "MIL_EXP_2022": 1.5078235912053, "JamesBond": 0, "ARG_nacion": 23.0, "AUS_sydmor": 50.0, "BRA_oglobo": 82.0, "CAN_tostar": 36.0, "CHN_mopost": 25.0, "DEU_frankf": 14.0, "DZA_alnaha": 0.0, "EGY_alwafd": 0.0, "ESP_abc": 56.0, "FRA_lmonde": 153.0, "GBR_indept": 45.0, "IDN_republ": 45.0, "IND_tindia": 74.0, "IRN_hamsha": 12.0, "ITA_repubb": 93.0, "JPN_asahis": 12.0, "KEN_standa": 330.0, "MEX_inform": 45.0, "NGA_vangua": 94.0, "RUS_isvest": 9.0, "SAU_spa": 0.0, "TUR_sabah": 28.0, "USA_nytime": 58.0, "ZAF_times": 766.0, "mean": 85.416666666666671, "rnk": 130.0, "sd": 160.50461639485007, "min": 0.0, "Q1": 13.5, "Q2": 45.0, "Q3": 76.0, "max": 766.0, "nbsup0": 21, "nbsup10": 20, "nbsup100": 3 }, "geometry": { "type": "MultiPolygon", "coordinates": [ [ [ [ 7045039.528311530128121, -10892858.808596096932888 ], [ 6895895.563970896415412, -10987084.064363844692707 ], [ 6812590.192561996169388, -10923945.220069479197264 ], [ 6729628.433545998297632, -10775282.993882661685348 ], [ 6481414.417344709858298, -10664698.641498241573572 ], [ 6622867.737014276906848, -10432530.918195944279432 ], [ 6598712.835405669175088, -10352665.650242788717151 ], [ 6655631.244760523550212, -10245928.325925465673208 ], [ 6577923.825742283836007, -10221291.270112404599786 ], [ 6558050.048992898315191, -10085032.40385190397501 ], [ 6446897.567971998825669, -9939307.050509039312601 ], [ 6109896.746601862832904, -10064843.729188008233905 ], [ 5957356.268047266639769, -10153025.454673444852233 ], [ 5935788.801031265407801, -10118819.10049338079989 ], [ 5867205.118427561596036, -10075016.052608363330364 ], [ 6325822.771811308339238, -9665873.808540161699057 ], [ 6436260.699710977263749, -9670918.762356961145997 ], [ 6540421.533420979045331, -9572070.625243980437517 ], [ 6633444.370463605970144, -9626834.458144767209888 ], [ 6615405.567868644371629, -9722155.892788209021091 ], [ 6873166.476165623404086, -9710219.660328764468431 ], [ 6848030.902816486544907, -9659160.602382428944111 ], [ 6885493.666402424685657, -9548491.516886750236154 ], [ 6808367.123014392331243, -9421639.466719396412373 ], [ 6570642.323511335998774, -9433792.107991687953472 ], [ 6460389.27226132247597, -9331799.798813102766871 ], [ 6465309.896057818084955, -9245567.03299555927515 ], [ 6593265.383623991161585, -9132924.991769975051284 ], [ 6671448.984091001562774, -9115485.433752236887813 ], [ 6866710.47549472656101, -8972251.146949451416731 ], [ 6909160.988468431867659, -8883125.588099401444197 ], [ 7010917.333321873098612, -8816377.117020227015018 ], [ 7238702.19120813626796, -8494368.603058889508247 ], [ 7481218.448911124840379, -8747194.493437420576811 ], [ 7587307.60911120288074, -8776797.818911034613848 ], [ 7621240.529723607003689, -8895501.397727301344275 ], [ 7574431.168439002707601, -9073078.375507535412908 ], [ 7223238.904988234862685, -9555534.801968842744827 ], [ 7168161.405047848820686, -9694465.439039122313261 ], [ 6954027.090314147993922, -10026677.961116453632712 ], [ 7255335.973221059888601, -10155757.930069167166948 ], [ 7317241.235570591874421, -10408887.888263029977679 ], [ 6962861.147445242851973, -10774184.471388282254338 ], [ 6919943.58726279810071, -10855188.98765904083848 ], [ 7045039.528311530128121, -10892858.808596096932888 ] ] ] ] } },
{ "type": "Feature", "properties": { "ISO3": "MRT", "ISO2": "MR", "ISONUM": 478, "NAMEen": "Mauritania", "NAMEfr": "Mauritanie", "NAMEde": "Mauretanien", "REGION_BLOC": "Arab League", "REGION_UN": "Africa", "SUBREGION_UN": "Sub-Saharan Africa", "LAST_DEV": "TRUE", "AREA_2021": 1030700.0, "FOREST_AREA_2021": 3073.667, "POP_2023": 4862989, "LIFE_EXP_2022": 64.691, "FERT_2022": 4.342, "HIV_2022": 0.3, "CO2_POP_2020": 0.85517640583612198, "GNI_POP_2023": 6930, "INC_20P_2021": 7.8, "GDP_INDS_2023": 30.921578928028001, "HIG_TEC_EXP_2022": 3.9794933820120302, "MIL_EXP_2022": 2.2739634085231502, "JamesBond": 0, "ARG_nacion": 14.0, "AUS_sydmor": 8.0, "BRA_oglobo": 9.0, "CAN_tostar": 7.0, "CHN_mopost": 2.0, "DEU_frankf": 3.0, "DZA_alnaha": 236.0, "EGY_alwafd": 217.0, "ESP_abc": 134.0, "FRA_lmonde": 110.0, "GBR_indept": 3.0, "IDN_republ": 15.0, "IND_tindia": 2.0, "IRN_hamsha": 12.0, "ITA_repubb": 34.0, "JPN_asahis": 0.0, "KEN_standa": 19.0, "MEX_inform": 11.0, "NGA_vangua": 36.0, "RUS_isvest": 3.0, "SAU_spa": 407.0, "TUR_sabah": 18.0, "USA_nytime": 2.0, "ZAF_times": 74.0, "mean": 57.333333333333336, "rnk": 141.0, "sd": 99.810980778960243, "min": 0.0, "Q1": 3.0, "Q2": 13.0, "Q3": 45.5, "max": 407.0, "nbsup0": 23, "nbsup10": 14, "nbsup100": 5 }, "geometry": { "type": "MultiPolygon", "coordinates": [ [ [ [ -1777493.663451937725767, -8176913.136559003032744 ], [ -2021943.571190650574863, -7907454.730283117853105 ], [ -2276129.469502163119614, -7855168.613902468234301 ], [ -2349962.649740391876549, -7911862.487229097634554 ], [ -2224145.868709042668343, -7733973.181234954856336 ], [ -2205988.736099578905851, -7588456.372483379207551 ], [ -2234213.64335678704083, -7532034.69200496096164 ], [ -2165908.011206428986043, -7457626.317706243135035 ], [ -2239675.409426020458341, -7322389.388412498869002 ], [ -2229063.06999373389408, -7309717.92293044552207 ], [ -1721051.134654059074819, -7445651.034067683853209 ], [ -1679040.968825391260907, -7263905.687665498815477 ], [ -1544378.899751241784543, -7245381.406350025907159 ], [ -1483377.734917434863746, -6969586.512084006331861 ], [ -1075174.307353515643626, -7042069.88679055403918 ], [ -1054169.472258466295898, -6902729.041524603031576 ], [ -608251.341888934373856, -7210850.059671467170119 ], [ -830884.908223797217943, -7188702.930377797223628 ], [ -822027.264454169082455, -7543121.481035228818655 ], [ -813667.5288784080185, -7789215.56377268396318 ], [ -795974.470591119606979, -8249982.997422758489847 ], [ -1346419.433358643203974, -8178037.386019874364138 ], [ -1545503.787154446355999, -8150984.997297582216561 ], [ -1577631.595984023762867, -8180859.952769732102752 ], [ -1683536.524966093711555, -8110201.242783422581851 ], [ -1777493.663451937725767, -8176913.136559003032744 ] ] ] ] } },
{ "type": "Feature", "properties": { "ISO3": "MUS", "ISO2": "MU", "ISONUM": 480, "NAMEen": "Mauritius", "NAMEfr": "Maurice", "NAMEde": "Mauritius", "REGION_BLOC": "COMESA, SADC", "REGION_UN": "Africa", "SUBREGION_UN": "Sub-Saharan Africa", "LAST_DEV": "FALSE", "AREA_2021": 2007.0, "FOREST_AREA_2021": 388.1, "POP_2023": 1261041, "LIFE_EXP_2022": 73.514634146341507, "FERT_2022": 1.32, "HIV_2022": null, "CO2_POP_2020": 2.9385141080588402, "GNI_POP_2023": 30230, "INC_20P_2021": 7.2, "GDP_INDS_2023": 18.6298368312675, "HIG_TEC_EXP_2022": 2.0462894055922098, "MIL_EXP_2022": 0.16667318835933501, "JamesBond": 0, "ARG_nacion": 0.0, "AUS_sydmor": 22.0, "BRA_oglobo": 0.0, "CAN_tostar": 1.0, "CHN_mopost": 24.0, "DEU_frankf": 23.0, "DZA_alnaha": 0.0, "EGY_alwafd": 16.0, "ESP_abc": 0.0, "FRA_lmonde": 238.0, "GBR_indept": 37.0, "IDN_republ": 14.0, "IND_tindia": 143.0, "IRN_hamsha": 34.0, "ITA_repubb": 31.0, "JPN_asahis": 0.0, "KEN_standa": 194.0, "MEX_inform": 0.0, "NGA_vangua": 52.0, "RUS_isvest": 0.0, "SAU_spa": 96.0, "TUR_sabah": 5.0, "USA_nytime": 17.0, "ZAF_times": 143.0, "mean": 45.416666666666664, "rnk": 156.0, "sd": 67.061241749072437, "min": 0.0, "Q1": 0.0, "Q2": 19.5, "Q3": 40.75, "max": 238.0, "nbsup0": 17, "nbsup10": 15, "nbsup100": 4 }, "geometry": { "type": "MultiPolygon", "coordinates": [ [ [ [ 10334885.347855273634195, -6529940.189197790808976 ], [ 10362761.708404317498207, -6524845.156303558498621 ], [ 10366013.947771722450852, -6560160.985544276423752 ], [ 10328709.584000520408154, -6614557.159900682978332 ], [ 10303258.907677263021469, -6612977.521100760437548 ], [ 10308928.499409371986985, -6573642.82397236302495 ], [ 10334885.347855273634195, -6529940.189197790808976 ] ] ] ] } },
{ "type": "Feature", "properties": { "ISO3": "MWI", "ISO2": "MW", "ISONUM": 454, "NAMEen": "Malawi", "NAMEfr": "Malawi", "NAMEde": "Malawi", "REGION_BLOC": "COMESA, SADC", "REGION_UN": "Africa", "SUBREGION_UN": "Sub-Saharan Africa", "LAST_DEV": "TRUE", "AREA_2021": 118480.0, "FOREST_AREA_2021": 21997.0, "POP_2023": 20931751, "LIFE_EXP_2022": 62.898, "FERT_2022": 3.849, "HIV_2022": 7.1, "CO2_POP_2020": 0.084636158187250399, "GNI_POP_2023": 1820, "INC_20P_2021": 6.9, "GDP_INDS_2023": 18.3364051999697, "HIG_TEC_EXP_2022": 2.30684555671299, "MIL_EXP_2022": 0.63629316006440295, "JamesBond": 0, "ARG_nacion": 14.0, "AUS_sydmor": 34.0, "BRA_oglobo": 10.0, "CAN_tostar": 31.0, "CHN_mopost": 14.0, "DEU_frankf": 23.0, "DZA_alnaha": 84.0, "EGY_alwafd": 34.0, "ESP_abc": 33.0, "FRA_lmonde": 58.0, "GBR_indept": 31.0, "IDN_republ": 63.0, "IND_tindia": 13.0, "IRN_hamsha": 9.0, "ITA_repubb": 30.0, "JPN_asahis": 0.0, "KEN_standa": 270.0, "MEX_inform": 12.0, "NGA_vangua": 241.0, "RUS_isvest": 0.0, "SAU_spa": 13.0, "TUR_sabah": 3.0, "USA_nytime": 6.0, "ZAF_times": 530.0, "mean": 64.833333333333329, "rnk": 135.0, "sd": 120.36923869157106, "min": 0.0, "Q1": 11.5, "Q2": 26.5, "Q3": 40.0, "max": 530.0, "nbsup0": 22, "nbsup10": 18, "nbsup100": 3 }, "geometry": { "type": "MultiPolygon", "coordinates": [ [ [ [ 6179836.665372742339969, -9192455.447881001979113 ], [ 6282334.022674320265651, -9219610.319596290588379 ], [ 6367583.315604714676738, -9329053.548441180959344 ], [ 6351701.087182201445103, -9406115.581544056534767 ], [ 6475382.1305485162884, -9483639.158794555813074 ], [ 6530328.906763904727995, -9469843.731073029339314 ], [ 6570642.323511335998774, -9433792.107991687953472 ], [ 6808367.123014392331243, -9421639.466719396412373 ], [ 6885493.666402424685657, -9548491.516886750236154 ], [ 6848030.902816486544907, -9659160.602382428944111 ], [ 6873166.476165623404086, -9710219.660328764468431 ], [ 6615405.567868644371629, -9722155.892788209021091 ], [ 6633444.370463605970144, -9626834.458144767209888 ], [ 6540421.533420979045331, -9572070.625243980437517 ], [ 6436260.699710977263749, -9670918.762356961145997 ], [ 6325822.771811308339238, -9665873.808540161699057 ], [ 6240185.357437262311578, -9679979.641767248511314 ], [ 6220555.666785269975662, -9486938.488491728901863 ], [ 6151248.161072622984648, -9357587.304402371868491 ], [ 6194339.817323940806091, -9297086.416751245036721 ], [ 6001287.631218229420483, -9269175.663027688860893 ], [ 6179836.665372742339969, -9192455.447881001979113 ] ] ] ] } },
{ "type": "Feature", "properties": { "ISO3": "MYS", "ISO2": "MY", "ISONUM": 458, "NAMEen": "Malaysia", "NAMEfr": "Malaisie", "NAMEde": "Malaysia", "REGION_BLOC": "ASEAN", "REGION_UN": "Asia", "SUBREGION_UN": "South-eastern Asia", "LAST_DEV": "FALSE", "AREA_2021": 330411.0, "FOREST_AREA_2021": 190638.9, "POP_2023": 34308525, "LIFE_EXP_2022": 76.26, "FERT_2022": 1.787, "HIV_2022": 0.3, "CO2_POP_2020": 7.38371541222915, "GNI_POP_2023": 36120, "INC_20P_2021": 5.9, "GDP_INDS_2023": 37.682656424841298, "HIG_TEC_EXP_2022": 28.204262197559601, "MIL_EXP_2022": 0.95753454014184203, "JamesBond": 0, "ARG_nacion": 234.0, "AUS_sydmor": 990.0, "BRA_oglobo": 252.0, "CAN_tostar": 433.0, "CHN_mopost": 2228.0, "DEU_frankf": 353.0, "DZA_alnaha": 225.0, "EGY_alwafd": 318.0, "ESP_abc": 316.0, "FRA_lmonde": 202.0, "GBR_indept": 645.0, "IDN_republ": 3648.0, "IND_tindia": 778.0, "IRN_hamsha": 601.0, "ITA_repubb": 357.0, "JPN_asahis": 752.0, "KEN_standa": 645.0, "MEX_inform": 373.0, "NGA_vangua": 387.0, "RUS_isvest": 306.0, "SAU_spa": 375.0, "TUR_sabah": 400.0, "USA_nytime": 433.0, "ZAF_times": 607.0, "mean": 660.75, "rnk": 40.0, "sd": 758.34965263536185, "min": 202.0, "Q1": 317.5, "Q2": 393.5, "Q3": 645.0, "max": 3648.0, "nbsup0": 24, "nbsup10": 24, "nbsup100": 24 }, "geometry": { "type": "MultiPolygon", "coordinates": [ [ [ [ 9104095.227119844406843, 1947276.936843273928389 ], [ 9161349.721570653840899, 2135333.209718358237296 ], [ 9212017.598300678655505, 2202867.530246614012867 ], [ 9409728.213339855894446, 2247715.908287947997451 ], [ 9537295.175233816727996, 2430084.469803220592439 ], [ 9565490.849285153672099, 2273063.797608576714993 ], [ 9499529.726215774193406, 1895846.430307280737907 ], [ 9407137.606413153931499, 1781019.662006762577221 ], [ 9185191.494997082278132, 1677369.989804649958387 ], [ 9144848.416937930509448, 1633439.761504068272188 ], [ 9137624.420717919245362, 1789694.058038184884936 ], [ 9202948.097707049921155, 1806453.30244478629902 ], [ 9169287.363613773137331, 1915644.675457794219255 ], [ 9104095.227119844406843, 1947276.936843273928389 ] ] ], [ [ [ 8458693.933657960966229, 4415924.866669870913029 ], [ 8564801.070600332692266, 4148526.574569779913872 ], [ 8727746.129167038947344, 4156209.516060966998339 ], [ 8855506.922230673953891, 4087835.829022264108062 ], [ 8956863.991933900862932, 4081998.62790457950905 ], [ 9037049.4616972617805, 3957496.211861558724195 ], [ 9048843.229773562401533, 3845371.284320005215704 ], [ 9113470.909766783937812, 3715438.618270562030375 ], [ 9181667.37833171710372, 3676695.12119061825797 ], [ 9277116.65761535987258, 3478523.046311309095472 ], [ 9262167.904019797220826, 3342409.756194714456797 ], [ 9202827.050500247627497, 3285175.606812530662864 ], [ 9214082.227850653231144, 3392785.398099346086383 ], [ 9129843.469861458986998, 3531616.136821982450783 ], [ 9033973.947143791243434, 3547703.709514627698809 ], [ 8884529.878004929050803, 3772690.9279759619385 ], [ 8672539.275497348979115, 3861043.789035760331899 ], [ 8690762.473556572571397, 3976488.535908833611757 ], [ 8556391.241194617003202, 4100810.578142262529582 ], [ 8556971.585171306505799, 4010513.978800571057945 ], [ 8447958.378021862357855, 4092754.597522468771785 ], [ 8235700.883980299346149, 4156067.021126702427864 ], [ 8226762.897431139834225, 4327177.48075963370502 ], [ 8271610.562092574313283, 4356378.006441607140005 ], [ 8233598.305115572176874, 4453869.022778440266848 ], [ 8223509.171790725551546, 4608611.108343389816582 ], [ 8308177.51076783426106, 4524863.411276393570006 ], [ 8346509.436313703656197, 4559224.182524875737727 ], [ 8458693.933657960966229, 4415924.866669870913029 ] ] ] ] } },
{ "type": "Feature", "properties": { "ISO3": "NAM", "ISO2": "NA", "ISONUM": 516, "NAMEen": "Namibia", "NAMEfr": "Namibia", "NAMEde": "Namibia", "REGION_BLOC": "SADC", "REGION_UN": "Africa", "SUBREGION_UN": "Sub-Saharan Africa", "LAST_DEV": "FALSE", "AREA_2021": 824290.0, "FOREST_AREA_2021": 65678.9, "POP_2023": 2604172, "LIFE_EXP_2022": 58.059, "FERT_2022": 3.248, "HIV_2022": 11.0, "CO2_POP_2020": 1.58804514727825, "GNI_POP_2023": 12170, "INC_20P_2021": 2.8, "GDP_INDS_2023": 30.0192114590016, "HIG_TEC_EXP_2022": 0.0563656557154242, "MIL_EXP_2022": 3.0043137723858999, "JamesBond": 0, "ARG_nacion": 48.0, "AUS_sydmor": 28.0, "BRA_oglobo": 21.0, "CAN_tostar": 30.0, "CHN_mopost": 15.0, "DEU_frankf": 43.0, "DZA_alnaha": 9.0, "EGY_alwafd": 38.0, "ESP_abc": 32.0, "FRA_lmonde": 47.0, "GBR_indept": 45.0, "IDN_republ": 37.0, "IND_tindia": 11.0, "IRN_hamsha": 16.0, "ITA_repubb": 52.0, "JPN_asahis": 0.0, "KEN_standa": 150.0, "MEX_inform": 4.0, "NGA_vangua": 121.0, "RUS_isvest": 2.0, "SAU_spa": 27.0, "TUR_sabah": 6.0, "USA_nytime": 21.0, "ZAF_times": 311.0, "mean": 46.416666666666664, "rnk": 153.0, "sd": 66.304906151129913, "min": 0.0, "Q1": 14.0, "Q2": 29.0, "Q3": 45.5, "max": 311.0, "nbsup0": 23, "nbsup10": 19, "nbsup100": 3 }, "geometry": { "type": "MultiPolygon", "coordinates": [ [ [ [ 4743686.970680030994117, -10971651.83166453614831 ], [ 4896458.826814157888293, -10884715.627894695848227 ], [ 5107943.937529616057873, -10825600.588058292865753 ], [ 4914284.138063569553196, -10943435.24240256100893 ], [ 4821048.718487116508186, -11039049.950794158503413 ], [ 4746392.014287601225078, -11014925.555561201646924 ], [ 4305670.631307609379292, -11231253.115378946065903 ], [ 4450928.537638102658093, -11612035.377915540710092 ], [ 4248891.183066776953638, -11687474.242948334664106 ], [ 4353665.906639340333641, -11973661.338644027709961 ], [ 4492655.503846533596516, -12355778.409651726484299 ], [ 4317483.328019058331847, -12481069.565106960013509 ], [ 3941691.77964382711798, -12575169.880109090358019 ], [ 3809436.233516064006835, -12543877.629541151225567 ], [ 3735901.94431232707575, -12622652.345824951305985 ], [ 3435992.302211393602192, -12563957.876229625195265 ], [ 3167890.717006829101592, -12272611.35313986800611 ], [ 3097414.268609128892422, -12075456.202413043007255 ], [ 2848913.668546191416681, -11970333.094880226999521 ], [ 2783622.342569290660322, -11910446.640208473429084 ], [ 2465820.104852533433586, -11752910.157376825809479 ], [ 2428703.378036114387214, -11659982.850140644237399 ], [ 2705290.335791049525142, -11564649.718783022835851 ], [ 2873944.447815074119717, -11576029.036149883642793 ], [ 3774828.743839707225561, -11312222.606039311736822 ], [ 3848400.882106309756637, -11329236.41245660930872 ], [ 4261227.512985804118216, -11214103.541457330808043 ], [ 4743686.970680030994117, -10971651.83166453614831 ] ] ] ] } },
{ "type": "Feature", "properties": { "ISO3": "NCL", "ISO2": "NC", "ISONUM": 540, "NAMEen": "New Caledonia", "NAMEfr": "Nouvelle-Calédonie", "NAMEde": "Neukaledonien", "REGION_BLOC": null, "REGION_UN": "Oceania", "SUBREGION_UN": "Melanesia", "LAST_DEV": "FALSE", "AREA_2021": 18580.0, "FOREST_AREA_2021": 8379.2, "POP_2023": 267940, "LIFE_EXP_2022": 80.982073170731695, "FERT_2022": 2.02, "HIV_2022": null, "CO2_POP_2020": null, "GNI_POP_2023": null, "INC_20P_2021": null, "GDP_INDS_2023": 22.326732673267301, "HIG_TEC_EXP_2022": 5.2672958998880004, "MIL_EXP_2022": null, "JamesBond": 0, "ARG_nacion": 0.0, "AUS_sydmor": 29.0, "BRA_oglobo": 12.0, "CAN_tostar": 1.0, "CHN_mopost": 0.0, "DEU_frankf": 0.0, "DZA_alnaha": 15.0, "EGY_alwafd": 11.0, "ESP_abc": 3.0, "FRA_lmonde": 309.0, "GBR_indept": 0.0, "IDN_republ": 6.0, "IND_tindia": 2.0, "IRN_hamsha": 3.0, "ITA_repubb": 7.0, "JPN_asahis": 0.0, "KEN_standa": 0.0, "MEX_inform": 8.0, "NGA_vangua": 0.0, "RUS_isvest": 3.0, "SAU_spa": 3.0, "TUR_sabah": 9.0, "USA_nytime": 0.0, "ZAF_times": 7.0, "mean": 17.833333333333332, "rnk": 183.0, "sd": 62.380087867193971, "min": 0.0, "Q1": 0.0, "Q2": 3.0, "Q3": 8.25, "max": 309.0, "nbsup0": 16, "nbsup10": 5, "nbsup100": 1 }, "geometry": { "type": "MultiPolygon", "coordinates": [ [ [ [ 3465224.949234567582607, 11716496.275624910369515 ], [ 3355289.497853843029588, 11749796.721330925822258 ], [ 3114017.263995392713696, 11897759.843519063666463 ], [ 3047101.520668337587267, 11975409.213215658441186 ], [ 2759851.195645704865456, 12145769.515266884118319 ], [ 2805125.011384093202651, 12176967.851061863824725 ], [ 3246596.152012144215405, 11935680.242143535986543 ], [ 3465224.949234567582607, 11716496.275624910369515 ] ] ] ] } },
{ "type": "Feature", "properties": { "ISO3": "NER", "ISO2": "NE", "ISONUM": 562, "NAMEen": "Niger", "NAMEfr": "Niger", "NAMEde": "Niger", "REGION_BLOC": "AES", "REGION_UN": "Africa", "SUBREGION_UN": "Sub-Saharan Africa", "LAST_DEV": "TRUE", "AREA_2021": 1267000.0, "FOREST_AREA_2021": 10672.8, "POP_2023": 27202843, "LIFE_EXP_2022": 62.08, "FERT_2022": 6.749, "HIV_2022": 0.2, "CO2_POP_2020": 0.090325577691030903, "GNI_POP_2023": 1750, "INC_20P_2021": 8.7, "GDP_INDS_2023": 20.193099392276, "HIG_TEC_EXP_2022": 13.852123319899301, "MIL_EXP_2022": 1.66437842193306, "JamesBond": 0, "ARG_nacion": 9.0, "AUS_sydmor": 11.0, "BRA_oglobo": 29.0, "CAN_tostar": 38.0, "CHN_mopost": 15.0, "DEU_frankf": 46.0, "DZA_alnaha": 396.0, "EGY_alwafd": 170.0, "ESP_abc": 50.0, "FRA_lmonde": 297.0, "GBR_indept": 17.0, "IDN_republ": 26.0, "IND_tindia": 21.0, "IRN_hamsha": 23.0, "ITA_repubb": 130.0, "JPN_asahis": 23.0, "KEN_standa": 334.0, "MEX_inform": 51.0, "NGA_vangua": 5170.0, "RUS_isvest": 2.0, "SAU_spa": 392.0, "TUR_sabah": 32.0, "USA_nytime": 93.0, "ZAF_times": 206.0, "mean": 315.875, "rnk": 73.0, "sd": 1041.6292135295846, "min": 2.0, "Q1": 22.5, "Q2": 42.0, "Q3": 179.0, "max": 5170.0, "nbsup0": 24, "nbsup10": 22, "nbsup100": 8 }, "geometry": { "type": "MultiPolygon", "coordinates": [ [ [ [ 1927722.568589203525335, -7204462.703890495933592 ], [ 1996078.733207816258073, -7356737.855916173197329 ], [ 2129693.265801936853677, -7449694.961426008492708 ], [ 2115479.208383191376925, -7507934.640272138640285 ], [ 2167568.501140756066889, -7841279.283587798476219 ], [ 2049852.442032986553386, -8001634.619896455667913 ], [ 1956385.206016092328355, -8180888.210521279834211 ], [ 1995919.957537086447701, -8248117.243805650621653 ], [ 1848127.639975751517341, -8355198.877992747351527 ], [ 1578735.109332913300022, -8375259.727741581387818 ], [ 1437541.222693868447095, -8462660.497518673539162 ], [ 1293660.192906659562141, -8474537.698945060372353 ], [ 1150839.741286909440532, -8450053.919331220909953 ], [ 1029776.238121681381017, -8501354.751192040741444 ], [ 942349.075287708896212, -8442538.777403632178903 ], [ 819575.940604027244262, -8427868.526202958077192 ], [ 612400.20659576356411, -8489869.772937783971429 ], [ 547887.759261207538657, -8598975.19504120759666 ], [ 546267.38214598048944, -8691385.217407317832112 ], [ 469994.633941361040343, -8645612.103669313713908 ], [ 392738.040378996811341, -8640403.020811202004552 ], [ 362256.465597350848839, -8678769.549015386030078 ], [ 316376.222173796093557, -8590996.888805726543069 ], [ 145119.152750376728363, -8555576.906543856486678 ], [ 22403.977463787767192, -8393101.186788652092218 ], [ 31848.962607964644121, -8352765.630420356057584 ], [ 193139.938158652716083, -8309349.664610599167645 ], [ 507962.951635934237856, -8288257.633667539805174 ], [ 597263.060408808407374, -8164464.744978840462863 ], [ 581376.762565713725053, -7863088.791097989305854 ], [ 798144.830847447155975, -7806620.65598610509187 ], [ 1001838.042773110675626, -7627484.358920746482909 ], [ 1274573.368639682652429, -7438336.500942538492382 ], [ 1534639.920883178012446, -7239257.191022242419422 ], [ 1734017.295849629677832, -7232568.157832643948495 ], [ 1843765.734032765729353, -7269565.556839068420231 ], [ 1927722.568589203525335, -7204462.703890495933592 ] ] ] ] } },
{ "type": "Feature", "properties": { "ISO3": "NGA", "ISO2": "NG", "ISONUM": 566, "NAMEen": "Nigeria", "NAMEfr": "Nigéria", "NAMEde": "Nigeria", "REGION_BLOC": "CEDEAO", "REGION_UN": "Africa", "SUBREGION_UN": "Sub-Saharan Africa", "LAST_DEV": "FALSE", "AREA_2021": 923770.0, "FOREST_AREA_2021": 214636.5, "POP_2023": 223804632, "LIFE_EXP_2022": 53.633, "FERT_2022": 5.143, "HIV_2022": null, "CO2_POP_2020": 0.53751017538955104, "GNI_POP_2023": 6200, "INC_20P_2021": 7.1, "GDP_INDS_2023": 32.584411703195698, "HIG_TEC_EXP_2022": 2.37962253520667, "MIL_EXP_2022": 0.63554455110725205, "JamesBond": 0, "ARG_nacion": 356.0, "AUS_sydmor": 258.0, "BRA_oglobo": 854.0, "CAN_tostar": 610.0, "CHN_mopost": 225.0, "DEU_frankf": 416.0, "DZA_alnaha": 1620.0, "EGY_alwafd": 836.0, "ESP_abc": 415.0, "FRA_lmonde": 920.0, "GBR_indept": 448.0, "IDN_republ": 703.0, "IND_tindia": 409.0, "IRN_hamsha": 288.0, "ITA_repubb": 481.0, "JPN_asahis": 305.0, "KEN_standa": 3263.0, "MEX_inform": 639.0, "NGA_vangua": null, "RUS_isvest": 203.0, "SAU_spa": 514.0, "TUR_sabah": 400.0, "USA_nytime": 449.0, "ZAF_times": 3196.0, "mean": 774.26086956521738, "rnk": 35.0, "sd": 833.35893267663289, "min": 203.0, "Q1": 378.0, "Q2": 449.0, "Q3": 769.5, "max": 3263.0, "nbsup0": 23, "nbsup10": 23, "nbsup100": 23 }, "geometry": { "type": "MultiPolygon", "coordinates": [ [ [ [ 2079514.647638077381998, -8299395.331987542100251 ], [ 2114603.328199959360063, -8369214.598277723416686 ], [ 2192226.474299258552492, -8374169.659374435432255 ], [ 2199793.869198177009821, -8448907.76952544040978 ], [ 2115391.838692947756499, -8495534.251365015283227 ], [ 1995505.647997362306342, -8739440.930606875568628 ], [ 2000429.943601201754063, -8800866.25219714641571 ], [ 1823466.246948447544128, -9109425.470866622403264 ], [ 1696705.796032837126404, -9064048.54173482209444 ], [ 1621462.8094980167225, -9084962.734926290810108 ], [ 1440252.485971811693162, -9243832.400783846154809 ], [ 1415072.636572299292311, -9363178.13163623586297 ], [ 1367832.657748990226537, -9400197.666661988943815 ], [ 1208128.784325336804613, -9415245.114124972373247 ], [ 1027218.406445724423975, -9473058.460964260622859 ], [ 925150.937612366164103, -9444075.068777732551098 ], [ 795316.781078184954822, -9303841.842657903209329 ], [ 714290.142805332667194, -9271334.286906400695443 ], [ 438607.169288388453424, -9287409.74461474083364 ], [ 429060.487422935431823, -9021701.339872358366847 ], [ 590936.185338097158819, -8809959.888510745018721 ], [ 546267.38214598048944, -8691385.217407317832112 ], [ 547887.759261207538657, -8598975.19504120759666 ], [ 612400.20659576356411, -8489869.772937783971429 ], [ 819575.940604027244262, -8427868.526202958077192 ], [ 942349.075287708896212, -8442538.777403632178903 ], [ 1029776.238121681381017, -8501354.751192040741444 ], [ 1150839.741286909440532, -8450053.919331220909953 ], [ 1293660.192906659562141, -8474537.698945060372353 ], [ 1437541.222693868447095, -8462660.497518673539162 ], [ 1578735.109332913300022, -8375259.727741581387818 ], [ 1848127.639975751517341, -8355198.877992747351527 ], [ 1995919.957537086447701, -8248117.243805650621653 ], [ 2079514.647638077381998, -8299395.331987542100251 ] ] ] ] } },
{ "type": "Feature", "properties": { "ISO3": "NIC", "ISO2": "NI", "ISONUM": 558, "NAMEen": "Nicaragua", "NAMEfr": "Nicaragua", "NAMEde": "Nikaragua", "REGION_BLOC": null, "REGION_UN": "Americas", "SUBREGION_UN": "Latin America and the Caribbean", "LAST_DEV": "FALSE", "AREA_2021": 130370.0, "FOREST_AREA_2021": 33075.3, "POP_2023": 7046310, "LIFE_EXP_2022": 74.615, "FERT_2022": 2.284, "HIV_2022": 0.3, "CO2_POP_2020": 0.67825210427337901, "GNI_POP_2023": 7640, "INC_20P_2021": 5.1, "GDP_INDS_2023": 27.309078707993301, "HIG_TEC_EXP_2022": 1.2552845268102699, "MIL_EXP_2022": 0.52647269455043, "JamesBond": 0, "ARG_nacion": 748.0, "AUS_sydmor": 25.0, "BRA_oglobo": 273.0, "CAN_tostar": 76.0, "CHN_mopost": 51.0, "DEU_frankf": 59.0, "DZA_alnaha": 19.0, "EGY_alwafd": 0.0, "ESP_abc": 287.0, "FRA_lmonde": 179.0, "GBR_indept": 29.0, "IDN_republ": 10.0, "IND_tindia": 10.0, "IRN_hamsha": 12.0, "ITA_repubb": 63.0, "JPN_asahis": 20.0, "KEN_standa": 12.0, "MEX_inform": 595.0, "NGA_vangua": 5.0, "RUS_isvest": 14.0, "SAU_spa": 17.0, "TUR_sabah": 30.0, "USA_nytime": 132.0, "ZAF_times": 25.0, "mean": 112.125, "rnk": 115.0, "sd": 190.9633045787912, "min": 0.0, "Q1": 13.5, "Q2": 27.0, "Q3": 90.0, "max": 748.0, "nbsup0": 23, "nbsup10": 20, "nbsup100": 6 }, "geometry": { "type": "MultiPolygon", "coordinates": [ [ [ [ -8283410.467349421232939, -997937.197951087495312 ], [ -8478821.033886974677444, -955526.932012492092326 ], [ -8574984.431950675323606, -978163.598234988865443 ], [ -8694000.242395993322134, -934027.174120148760267 ], [ -8739646.168763676658273, -973457.696094355778769 ], [ -8751868.251759368926287, -657789.675423960783519 ], [ -8571137.420359255746007, -352266.797584119718522 ], [ -8556884.607024919241667, -401431.637200105644297 ], [ -8515366.726484069600701, -490715.495177990524098 ], [ -8465430.676853092387319, -484076.603345089533832 ], [ -8447985.440862026065588, -616799.547248668503016 ], [ -8365203.371663161553442, -730607.343531778198667 ], [ -8346234.156321722082794, -806195.3649059595773 ], [ -8283410.467349421232939, -997937.197951087495312 ] ] ] ] } },
{ "type": "Feature", "properties": { "ISO3": "NLD", "ISO2": "NL", "ISONUM": 528, "NAMEen": "Netherlands", "NAMEfr": "Pays-Bas", "NAMEde": "Niederlande", "REGION_BLOC": "EU", "REGION_UN": "Europe", "SUBREGION_UN": "Western Europe", "LAST_DEV": "FALSE", "AREA_2021": 41540.0, "FOREST_AREA_2021": 3704.367, "POP_2023": 17879488, "LIFE_EXP_2022": 81.714634146341496, "FERT_2022": 1.487, "HIV_2022": 0.2, "CO2_POP_2020": 7.4715534787718996, "GNI_POP_2023": 77750, "INC_20P_2021": 9.4, "GDP_INDS_2023": 19.3604787222726, "HIG_TEC_EXP_2022": 20.554333430796, "MIL_EXP_2022": 1.58328113846348, "JamesBond": 1, "ARG_nacion": 705.0, "AUS_sydmor": 758.0, "BRA_oglobo": 567.0, "CAN_tostar": 834.0, "CHN_mopost": 439.0, "DEU_frankf": 743.0, "DZA_alnaha": 324.0, "EGY_alwafd": 318.0, "ESP_abc": 724.0, "FRA_lmonde": 660.0, "GBR_indept": 1301.0, "IDN_republ": 1075.0, "IND_tindia": 571.0, "IRN_hamsha": 553.0, "ITA_repubb": 1102.0, "JPN_asahis": 571.0, "KEN_standa": 627.0, "MEX_inform": 564.0, "NGA_vangua": 733.0, "RUS_isvest": 620.0, "SAU_spa": 172.0, "TUR_sabah": 1383.0, "USA_nytime": 998.0, "ZAF_times": 810.0, "mean": 714.66666666666663, "rnk": 36.0, "sd": 294.08142419739983, "min": 172.0, "Q1": 566.25, "Q2": 682.5, "Q3": 816.0, "max": 1383.0, "nbsup0": 24, "nbsup10": 24, "nbsup100": 24 }, "geometry": { "type": "MultiPolygon", "coordinates": [ [ [ [ 513491.89630379184382, -4067795.38159229233861 ], [ 515351.412292586406693, -4181320.215415354352444 ], [ 439982.97111501567997, -4237344.361868648789823 ], [ 457207.450253277551383, -4353758.772954077459872 ], [ 375423.891236668801866, -4280678.636860270053148 ], [ 292665.326926124631427, -4289856.200734302401543 ], [ 258611.119827795948368, -4280319.965185846202075 ], [ 330217.531044950534124, -4188196.17632670653984 ], [ 341749.994287906214595, -4116790.770934763364494 ], [ 477695.535875995759852, -4047992.090797429904342 ], [ 513491.89630379184382, -4067795.38159229233861 ] ], [ [ 365162.820126019592863, -4119767.351980448700488 ], [ 372940.070050752023235, -4143579.232615589629859 ], [ 389576.665280871791765, -4131915.792705645784736 ], [ 388582.725467972457409, -4106226.918413175735623 ], [ 365162.820126019592863, -4119767.351980448700488 ] ] ] ] } },
{ "type": "Feature", "properties": { "ISO3": "NOR", "ISO2": "NO", "ISONUM": 578, "NAMEen": "Norway", "NAMEfr": "Norvège", "NAMEde": "Norwegen", "REGION_BLOC": "EFTA", "REGION_UN": "Europe", "SUBREGION_UN": "Northern Europe", "LAST_DEV": "FALSE", "AREA_2021": 624500.0, "FOREST_AREA_2021": 121878.0, "POP_2023": 5519594, "LIFE_EXP_2022": 82.560975609756099, "FERT_2022": 1.41, "HIV_2022": null, "CO2_POP_2020": 6.7250800496330996, "GNI_POP_2023": 108790, "INC_20P_2021": 8.8, "GDP_INDS_2023": 38.975096511959599, "HIG_TEC_EXP_2022": 23.608845909937902, "MIL_EXP_2022": 1.6376655408969301, "JamesBond": 1, "ARG_nacion": 192.0, "AUS_sydmor": 116.0, "BRA_oglobo": 292.0, "CAN_tostar": 357.0, "CHN_mopost": 132.0, "DEU_frankf": 562.0, "DZA_alnaha": 74.0, "EGY_alwafd": 197.0, "ESP_abc": 547.0, "FRA_lmonde": 291.0, "GBR_indept": 390.0, "IDN_republ": 4.0, "IND_tindia": 188.0, "IRN_hamsha": 230.0, "ITA_repubb": 445.0, "JPN_asahis": 118.0, "KEN_standa": 121.0, "MEX_inform": 127.0, "NGA_vangua": 120.0, "RUS_isvest": 399.0, "SAU_spa": 145.0, "TUR_sabah": 303.0, "USA_nytime": 286.0, "ZAF_times": 140.0, "mean": 240.66666666666666, "rnk": 83.0, "sd": 148.2206541573764, "min": 4.0, "Q1": 125.5, "Q2": 194.5, "Q3": 316.5, "max": 562.0, "nbsup0": 24, "nbsup10": 23, "nbsup100": 22 }, "geometry": { "type": "MultiPolygon", "coordinates": [ [ [ [ 1155859.090972175588831, -1935824.318233248777688 ], [ 1133539.804301972733811, -2048830.98842808464542 ], [ 1123579.228061079978943, -1998552.339098260970786 ], [ 1041097.372801402234472, -1966515.340906707802787 ], [ 994847.213553470093757, -2036852.680544776609167 ], [ 1006159.827989210258238, -2171460.643490292597562 ], [ 857090.607784326537512, -2167137.65703164273873 ], [ 824365.838293602224439, -2190500.346773216500878 ], [ 823935.100147657329217, -2272252.309915341436863 ], [ 747331.416699310997501, -2276792.033249223139137 ], [ 700107.185996359214187, -2421278.075003995094448 ], [ 723951.391610813443549, -2457310.825476352125406 ], [ 669122.702753039775416, -2579774.325344281736761 ], [ 690502.603238724637777, -2667231.622231431305408 ], [ 669157.06844246329274, -2756958.833910007961094 ], [ 698851.585283705499023, -2815615.866100143641233 ], [ 638191.569724963745102, -2836058.281581769231707 ], [ 619477.981283803121187, -2916310.545202758163214 ], [ 722393.517260060529225, -3255562.982815860304981 ], [ 686158.061221532407217, -3391503.796331552322954 ], [ 623584.601371568860486, -3374561.236422113608569 ], [ 523621.084581986593548, -3503115.498273887205869 ], [ 404575.967998707608785, -3534174.639210590161383 ], [ 332841.758370136609301, -3470692.740017977077514 ], [ 373366.971168504154775, -3408020.678991659078747 ], [ 307316.901261554623488, -3388439.737852727528661 ], [ 331060.550284900993574, -3313535.413283324800432 ], [ 279868.828393761825282, -3246704.567910749465227 ], [ 293819.911564995825756, -3090348.868414704222232 ], [ 395108.848155039537232, -3032761.904930791351944 ], [ 394708.674473163788207, -2997645.130368144251406 ], [ 485641.824628582922742, -2872266.764655509032309 ], [ 538106.580796319409274, -2724237.264586199540645 ], [ 586484.788846808485687, -2675017.559303386136889 ], [ 588386.737844839808531, -2519749.159812924917787 ], [ 621866.455829202197492, -2440015.399267672095448 ], [ 640723.975759444758296, -2320722.012386630289257 ], [ 699059.760955698322505, -2225079.518341824878007 ], [ 708746.67860355519224, -2105452.079167567659169 ], [ 849806.471469943411648, -2005353.196505171013996 ], [ 887103.155319206416607, -1918255.7725611589849 ], [ 978678.496034660493024, -1858823.728709870716557 ], [ 1136274.176647542743012, -1885334.231836300576106 ], [ 1155859.090972175588831, -1935824.318233248777688 ] ] ], [ [ [ 504631.253890979220159, -1197514.42244957969524 ], [ 538046.519375504693016, -1218655.99466927931644 ], [ 549159.374151005991735, -1330324.261972344713286 ], [ 500781.399805013497826, -1309926.419010177021846 ], [ 456025.751074827567209, -1229442.209509840700775 ], [ 473953.831778653548099, -1180295.65796597651206 ], [ 504631.253890979220159, -1197514.42244957969524 ] ] ], [ [ [ 327185.827119819237851, -1082320.802819261327386 ], [ 449497.385872653336264, -1170198.185610495274886 ], [ 419181.217596633883659, -1217873.163049643160775 ], [ 433824.916698537650518, -1436029.551678308751434 ], [ 323966.157102902710903, -1327073.994598653633147 ], [ 216609.729784952767659, -1145495.872610862599686 ], [ 285835.909066369000357, -1101391.014952840283513 ], [ 348412.064019365410786, -1187788.397857839474455 ], [ 327185.827119819237851, -1082320.802819261327386 ] ] ], [ [ [ 422205.148725515755359, -987818.619217251311056 ], [ 517015.758954465156421, -1008181.288206020835787 ], [ 492112.987803572381381, -1102554.287253733957186 ], [ 454292.202289779204875, -1126150.730361473280936 ], [ 352590.433395113504957, -1047784.656899607391097 ], [ 422205.148725515755359, -987818.619217251311056 ] ] ] ] } },
{ "type": "Feature", "properties": { "ISO3": "NPL", "ISO2": "NP", "ISONUM": 524, "NAMEen": "Nepal", "NAMEfr": "Népal", "NAMEde": "Nepal", "REGION_BLOC": null, "REGION_UN": "Asia", "SUBREGION_UN": "Southern Asia", "LAST_DEV": "TRUE", "AREA_2021": 147180.0, "FOREST_AREA_2021": 59620.3, "POP_2023": 30896590, "LIFE_EXP_2022": 70.484, "FERT_2022": 2.008, "HIV_2022": 0.1, "CO2_POP_2020": 0.50936624735460401, "GNI_POP_2023": 5240, "INC_20P_2021": 8.3, "GDP_INDS_2023": 12.053619490468501, "HIG_TEC_EXP_2022": 0.53894975511542198, "MIL_EXP_2022": 1.1358545889279801, "JamesBond": 0, "ARG_nacion": 132.0, "AUS_sydmor": 269.0, "BRA_oglobo": 192.0, "CAN_tostar": 342.0, "CHN_mopost": 455.0, "DEU_frankf": 234.0, "DZA_alnaha": 60.0, "EGY_alwafd": 136.0, "ESP_abc": 202.0, "FRA_lmonde": 195.0, "GBR_indept": 299.0, "IDN_republ": 173.0, "IND_tindia": 1800.0, "IRN_hamsha": 120.0, "ITA_repubb": 168.0, "JPN_asahis": 265.0, "KEN_standa": 201.0, "MEX_inform": 272.0, "NGA_vangua": 143.0, "RUS_isvest": 85.0, "SAU_spa": 133.0, "TUR_sabah": 129.0, "USA_nytime": 299.0, "ZAF_times": 291.0, "mean": 274.79166666666669, "rnk": 79.0, "sd": 337.29860067081921, "min": 60.0, "Q1": 135.25, "Q2": 198.0, "Q3": 276.75, "max": 1800.0, "nbsup0": 24, "nbsup10": 24, "nbsup100": 22 }, "geometry": { "type": "MultiPolygon", "coordinates": [ [ [ [ 6915209.196283287368715, -227199.953325633512577 ], [ 7070842.23546457849443, -237752.809459933807375 ], [ 7078271.413728650659323, -330555.880145399190951 ], [ 7043019.758153614588082, -514535.933331697538961 ], [ 6980536.887621428817511, -654909.095084413769655 ], [ 6946645.038915451616049, -659460.151738239102997 ], [ 6903881.064166027121246, -878022.927633000072092 ], [ 6708038.445110079832375, -1178416.287822327809408 ], [ 6610948.4464370617643, -1109122.266712900949642 ], [ 6577949.165098971687257, -1042313.562276390148327 ], [ 6582014.088960680179298, -914645.26713628671132 ], [ 6728148.024004808627069, -764547.368248973041773 ], [ 6729471.673530799336731, -695525.932976040639915 ], [ 6842890.859004437923431, -589023.423696121899411 ], [ 6899234.74542947858572, -484830.095183518307749 ], [ 6915209.196283287368715, -227199.953325633512577 ] ] ] ] } },
{ "type": "Feature", "properties": { "ISO3": "NRU", "ISO2": "NR", "ISONUM": 520, "NAMEen": "Nauru", "NAMEfr": "Nauru", "NAMEde": "Nauru", "REGION_BLOC": null, "REGION_UN": "Oceania", "SUBREGION_UN": "Micronesia", "LAST_DEV": "FALSE", "AREA_2021": 20.0, "FOREST_AREA_2021": 0.0, "POP_2023": 12780, "LIFE_EXP_2022": 64.014, "FERT_2022": 3.463, "HIV_2022": null, "CO2_POP_2020": 3.3617539585870899, "GNI_POP_2023": 21570, "INC_20P_2021": 8.0, "GDP_INDS_2023": null, "HIG_TEC_EXP_2022": null, "MIL_EXP_2022": null, "JamesBond": 0, "ARG_nacion": 0.0, "AUS_sydmor": 462.0, "BRA_oglobo": 1.0, "CAN_tostar": 1.0, "CHN_mopost": 19.0, "DEU_frankf": 6.0, "DZA_alnaha": 0.0, "EGY_alwafd": 10.0, "ESP_abc": 0.0, "FRA_lmonde": 6.0, "GBR_indept": 10.0, "IDN_republ": 17.0, "IND_tindia": 2.0, "IRN_hamsha": 3.0, "ITA_repubb": 13.0, "JPN_asahis": 4.0, "KEN_standa": 4.0, "MEX_inform": 0.0, "NGA_vangua": 4.0, "RUS_isvest": 3.0, "SAU_spa": 3.0, "TUR_sabah": 0.0, "USA_nytime": 13.0, "ZAF_times": 21.0, "mean": 25.083333333333332, "rnk": 173.5, "sd": 93.279811258416458, "min": 0.0, "Q1": 1.0, "Q2": 4.0, "Q3": 10.75, "max": 462.0, "nbsup0": 19, "nbsup10": 6, "nbsup100": 1 }, "geometry": { "type": "MultiPolygon", "coordinates": [ [ [ [ 2260178.199586940929294, 9806210.455716712400317 ], [ 2273535.416006072890013, 9805732.56794511154294 ], [ 2285090.118881155736744, 9801053.151951879262924 ], [ 2288508.705421248916537, 9794780.212168535217643 ], [ 2281788.979206106625497, 9791085.733322061598301 ], [ 2270538.679137185681611, 9792085.345726437866688 ], [ 2259213.790914190933108, 9796666.765471523627639 ], [ 2257055.758915428537875, 9801989.894790269434452 ], [ 2260178.199586940929294, 9806210.455716712400317 ] ] ] ] } },
{ "type": "Feature", "properties": { "ISO3": "NZL", "ISO2": "NZ", "ISONUM": 554, "NAMEen": "New Zealand", "NAMEfr": "Nouvelle-Zélande", "NAMEde": "Neuseeland", "REGION_BLOC": null, "REGION_UN": "Oceania", "SUBREGION_UN": "Australia and New Zealand", "LAST_DEV": "FALSE", "AREA_2021": 267710.0, "FOREST_AREA_2021": 99085.267, "POP_2023": 5223100, "LIFE_EXP_2022": 82.760975609756102, "FERT_2022": 1.66, "HIV_2022": 0.1, "CO2_POP_2020": 6.1607991827433102, "GNI_POP_2023": 52750, "INC_20P_2021": null, "GDP_INDS_2023": 18.969498218080201, "HIG_TEC_EXP_2022": 11.961371704113001, "MIL_EXP_2022": 1.1788672845171999, "JamesBond": 0, "ARG_nacion": 498.0, "AUS_sydmor": 4827.0, "BRA_oglobo": 343.0, "CAN_tostar": 678.0, "CHN_mopost": 1198.0, "DEU_frankf": 459.0, "DZA_alnaha": 172.0, "EGY_alwafd": 263.0, "ESP_abc": 340.0, "FRA_lmonde": 368.0, "GBR_indept": 1341.0, "IDN_republ": 462.0, "IND_tindia": 1350.0, "IRN_hamsha": 79.0, "ITA_repubb": 335.0, "JPN_asahis": 92.0, "KEN_standa": 358.0, "MEX_inform": 354.0, "NGA_vangua": 197.0, "RUS_isvest": 114.0, "SAU_spa": 226.0, "TUR_sabah": 305.0, "USA_nytime": 582.0, "ZAF_times": 1411.0, "mean": 681.33333333333337, "rnk": 39.0, "sd": 971.77451610182061, "min": 79.0, "Q1": 253.75, "Q2": 356.0, "Q3": 606.0, "max": 4827.0, "nbsup0": 24, "nbsup10": 24, "nbsup100": 22 }, "geometry": { "type": "MultiPolygon", "coordinates": [ [ [ [ 1789611.042721664533019, 14377000.980668470263481 ], [ 1691558.358108442975208, 14452663.019030120223761 ], [ 1498874.433723260415718, 14459446.645354537293315 ], [ 1454405.057241978123784, 14551126.730272836983204 ], [ 1959109.531990187009797, 14716793.384340500459075 ], [ 2242975.466286426410079, 14737035.042211150750518 ], [ 2438129.935163695830852, 14889505.484161134809256 ], [ 2727956.207571126986295, 14914922.027206795290112 ], [ 3044361.702968636061996, 14856246.794446991756558 ], [ 3522197.456570575945079, 14659462.114587457850575 ], [ 3311355.542195400688797, 14537212.760276410728693 ], [ 2642626.46687678527087, 14590142.095798939466476 ], [ 2271454.215273852925748, 14543085.639406185597181 ], [ 1995362.85074143926613, 14392317.415424132719636 ], [ 1789611.042721664533019, 14377000.980668470263481 ] ] ], [ [ [ 1664205.133418158395216, 13710665.687282588332891 ], [ 1319491.496220950270072, 13879920.066552702337503 ], [ 1271333.056437348714098, 14021389.003292629495263 ], [ 989031.003263113088906, 14134031.087307896465063 ], [ 694839.979871583520435, 14191968.954147253185511 ], [ 496100.153918889001943, 14150053.489608770236373 ], [ 355233.818317488243338, 14173679.961433107033372 ], [ 533594.292731192428619, 14321339.505064345896244 ], [ 775552.944400868960656, 14349210.242231912910938 ], [ 797309.653094800305553, 14429237.859346682205796 ], [ 1189434.189620416844264, 14561765.903003364801407 ], [ 1322732.862637835321948, 14524022.22647119499743 ], [ 1229678.080391089664772, 14438827.280934242531657 ], [ 1300320.867412940599024, 14361926.392492515966296 ], [ 1579723.410364246927202, 14286891.638287968933582 ], [ 1351249.572163556702435, 14238673.456837365403771 ], [ 1273061.635257555404678, 14126120.866548601537943 ], [ 1459339.440063620451838, 13941091.029437284916639 ], [ 1762088.301765604643151, 13706057.112039990723133 ], [ 1664205.133418158395216, 13710665.687282588332891 ] ] ] ] } },
{ "type": "Feature", "properties": { "ISO3": "OMN", "ISO2": "OM", "ISONUM": 512, "NAMEen": "Oman", "NAMEfr": "Oman", "NAMEde": "Oman", "REGION_BLOC": "Arab League", "REGION_UN": "Asia", "SUBREGION_UN": "Western Asia", "LAST_DEV": "FALSE", "AREA_2021": 309500.0, "FOREST_AREA_2021": 24.333, "POP_2023": 4644384, "LIFE_EXP_2022": 73.935, "FERT_2022": 2.567, "HIV_2022": 0.1, "CO2_POP_2020": 15.636201002817501, "GNI_POP_2023": 41280, "INC_20P_2021": null, "GDP_INDS_2023": 56.9789700972565, "HIG_TEC_EXP_2022": 7.6197851709082496, "MIL_EXP_2022": 5.16766661805132, "JamesBond": 0, "ARG_nacion": 3.0, "AUS_sydmor": 17.0, "BRA_oglobo": 36.0, "CAN_tostar": 18.0, "CHN_mopost": 23.0, "DEU_frankf": 46.0, "DZA_alnaha": 289.0, "EGY_alwafd": 556.0, "ESP_abc": 61.0, "FRA_lmonde": 54.0, "GBR_indept": 27.0, "IDN_republ": 209.0, "IND_tindia": 144.0, "IRN_hamsha": 21.0, "ITA_repubb": 157.0, "JPN_asahis": 61.0, "KEN_standa": 57.0, "MEX_inform": 8.0, "NGA_vangua": 22.0, "RUS_isvest": 20.0, "SAU_spa": 2467.0, "TUR_sabah": 37.0, "USA_nytime": 27.0, "ZAF_times": 30.0, "mean": 182.91666666666666, "rnk": 96.0, "sd": 501.65351949646322, "min": 3.0, "Q1": 21.75, "Q2": 36.5, "Q3": 81.75, "max": 2467.0, "nbsup0": 24, "nbsup10": 22, "nbsup100": 6 }, "geometry": { "type": "MultiPolygon", "coordinates": [ [ [ [ 6525586.834166713058949, -4901269.360719875432551 ], [ 6224084.050486203283072, -4866529.593764278106391 ], [ 6379595.05327444896102, -4470629.010575284250081 ], [ 6249319.576637371443212, -4272982.967595394700766 ], [ 6149634.886721165850759, -4276202.242214016616344 ], [ 6052010.148310647346079, -4119786.35810513002798 ], [ 5997141.438174528069794, -4077387.490230919327587 ], [ 6027787.275035223923624, -4007383.520051640458405 ], [ 6176324.504929123446345, -3987766.916069959755987 ], [ 6329378.047154174186289, -3835300.050882462412119 ], [ 6521473.087346170097589, -3796843.869467598386109 ], [ 6603691.490635935217142, -4043804.63423058995977 ], [ 6559344.413008028641343, -4082272.237060484942049 ], [ 6607154.519589772447944, -4177046.625075100455433 ], [ 6686686.305572447367013, -4204298.49515537545085 ], [ 6636954.713191415183246, -4324092.626564817503095 ], [ 6673981.501311426982284, -4443440.007216923870146 ], [ 6612208.118066443130374, -4553769.050734993070364 ], [ 6654047.028165492229164, -4654565.568974732421339 ], [ 6573826.074228067882359, -4772054.9974226327613 ], [ 6525586.834166713058949, -4901269.360719875432551 ] ] ], [ [ [ 5909711.520884936675429, -4003231.03045150404796 ], [ 5902667.918736318126321, -3969331.279302618000656 ], [ 5927696.155807637609541, -3941399.815713698975742 ], [ 5960665.948359056375921, -3978418.89728321461007 ], [ 5949854.627810163423419, -3995740.062531845644116 ], [ 5909711.520884936675429, -4003231.03045150404796 ] ] ] ] } },
{ "type": "Feature", "properties": { "ISO3": "PAK", "ISO2": "PK", "ISONUM": 586, "NAMEen": "Pakistan", "NAMEfr": "Pakistan", "NAMEde": "Pakistan", "REGION_BLOC": null, "REGION_UN": "Asia", "SUBREGION_UN": "Southern Asia", "LAST_DEV": "FALSE", "AREA_2021": 796100.0, "FOREST_AREA_2021": 36845.6, "POP_2023": 240485658, "LIFE_EXP_2022": 66.431, "FERT_2022": 3.41, "HIV_2022": 0.2, "CO2_POP_2020": 0.81036021551031001, "GNI_POP_2023": 6110, "INC_20P_2021": 9.6, "GDP_INDS_2023": 20.761065207346999, "HIG_TEC_EXP_2022": 1.4313173490901001, "MIL_EXP_2022": 2.6307402802317101, "JamesBond": 2, "ARG_nacion": 151.0, "AUS_sydmor": 824.0, "BRA_oglobo": 423.0, "CAN_tostar": 927.0, "CHN_mopost": 1053.0, "DEU_frankf": 498.0, "DZA_alnaha": 880.0, "EGY_alwafd": 824.0, "ESP_abc": 369.0, "FRA_lmonde": 671.0, "GBR_indept": 1242.0, "IDN_republ": 911.0, "IND_tindia": 9072.0, "IRN_hamsha": 1238.0, "ITA_repubb": 404.0, "JPN_asahis": 645.0, "KEN_standa": 623.0, "MEX_inform": 442.0, "NGA_vangua": 488.0, "RUS_isvest": 304.0, "SAU_spa": 4504.0, "TUR_sabah": 746.0, "USA_nytime": 1005.0, "ZAF_times": 1037.0, "mean": 1220.0416666666667, "rnk": 22.0, "sd": 1865.4771968859468, "min": 151.0, "Q1": 476.5, "Q2": 785.0, "Q3": 1013.0, "max": 9072.0, "nbsup0": 24, "nbsup10": 24, "nbsup100": 24 }, "geometry": { "type": "MultiPolygon", "coordinates": [ [ [ [ 5930364.893799961544573, -1341720.691623801598325 ], [ 5992909.955004582181573, -1518987.035681993700564 ], [ 5923042.154653460718691, -1666472.51746888179332 ], [ 5950330.576109243556857, -1731562.929446906782687 ], [ 6132829.995347551070154, -1723109.756989667890593 ], [ 6222270.673153265379369, -1625530.06395509513095 ], [ 6255701.499702695757151, -1736101.589156188070774 ], [ 6327892.408661776222289, -1736003.330738190794364 ], [ 6410100.192351197823882, -1914548.519585106987506 ], [ 6490068.34738786239177, -1996416.777199731674045 ], [ 6565685.392828490585089, -2150961.710440381895751 ], [ 6552023.809956491924822, -2277608.552812079899013 ], [ 6499969.154891232028604, -2321959.604080178309232 ], [ 6588581.137245589867234, -2467945.776787496637553 ], [ 6646885.430872592143714, -2398521.750614744611084 ], [ 6700227.213641825132072, -2430125.960163042414933 ], [ 6877568.35111428424716, -2359565.865345808677375 ], [ 6885198.300065599381924, -2509813.144171620253474 ], [ 6816190.093221308663487, -2653970.73206909140572 ], [ 6836712.453937481157482, -2736838.370884317904711 ], [ 6814015.234284058213234, -2804138.540067801717669 ], [ 6702824.813143167644739, -2823530.240147571079433 ], [ 6575255.559472891502082, -2892934.997881603892893 ], [ 6456494.204631346277893, -3219019.06922847032547 ], [ 6344661.615915212780237, -3432230.784192001447082 ], [ 6259078.641299788840115, -3348057.05071818549186 ], [ 6294683.359146921895444, -3187765.9120416296646 ], [ 6216510.485936294309795, -3194764.409120069351047 ], [ 6111312.240669909864664, -3148976.553972955327481 ], [ 6036333.368905873037875, -3224078.062185497488827 ], [ 5848988.777411630377173, -3262946.499368818476796 ], [ 5983876.92781497258693, -3117995.232254832051694 ], [ 6071160.190197542309761, -2949818.272542599588633 ], [ 6130119.827556022442877, -2704263.730607976205647 ], [ 6027695.88337364885956, -2637663.246775500010699 ], [ 6014328.639618393033743, -2410538.175673075485975 ], [ 6049491.820015914738178, -2286051.262684771791101 ], [ 5941182.966545669361949, -2215703.100679838564247 ], [ 5944091.767599984072149, -2128942.844748714007437 ], [ 5857629.84288087580353, -2131674.359638822264969 ], [ 5894956.517340720631182, -2022592.633253682171926 ], [ 5793866.349185074679554, -1923579.266490564448759 ], [ 5689487.96823066752404, -1940636.891282378463075 ], [ 5653144.719918668270111, -1775358.185444361763075 ], [ 5689523.297611143440008, -1573316.132183816283941 ], [ 5787308.82571998052299, -1445450.882870187982917 ], [ 5862778.230767834931612, -1443722.945371367968619 ], [ 5895143.947463830932975, -1385152.333039986668155 ], [ 5930364.893799961544573, -1341720.691623801598325 ] ] ] ] } },
{ "type": "Feature", "properties": { "ISO3": "PAN", "ISO2": "PA", "ISONUM": 591, "NAMEen": "Panama", "NAMEfr": "Panama", "NAMEde": "Panama", "REGION_BLOC": null, "REGION_UN": "Americas", "SUBREGION_UN": "Latin America and the Caribbean", "LAST_DEV": "FALSE", "AREA_2021": 75320.0, "FOREST_AREA_2021": 42024.233, "POP_2023": 4468087, "LIFE_EXP_2022": 76.826, "FERT_2022": 2.297, "HIV_2022": 1.0, "CO2_POP_2020": 2.2314430248165298, "GNI_POP_2023": 38110, "INC_20P_2021": 3.7, "GDP_INDS_2023": 27.140749640266801, "HIG_TEC_EXP_2022": 0.233624548388428, "MIL_EXP_2022": 0.97413650131368801, "JamesBond": 0, "ARG_nacion": 798.0, "AUS_sydmor": 111.0, "BRA_oglobo": 216.0, "CAN_tostar": 323.0, "CHN_mopost": 153.0, "DEU_frankf": 260.0, "DZA_alnaha": 113.0, "EGY_alwafd": 150.0, "ESP_abc": 538.0, "FRA_lmonde": 497.0, "GBR_indept": 243.0, "IDN_republ": 120.0, "IND_tindia": 155.0, "IRN_hamsha": 54.0, "ITA_repubb": 221.0, "JPN_asahis": 255.0, "KEN_standa": 112.0, "MEX_inform": 723.0, "NGA_vangua": 87.0, "RUS_isvest": 57.0, "SAU_spa": 73.0, "TUR_sabah": 59.0, "USA_nytime": 209.0, "ZAF_times": 147.0, "mean": 236.41666666666666, "rnk": 85.0, "sd": 203.86054838640507, "min": 54.0, "Q1": 111.75, "Q2": 154.0, "Q3": 256.25, "max": 798.0, "nbsup0": 24, "nbsup10": 24, "nbsup100": 19 }, "geometry": { "type": "MultiPolygon", "coordinates": [ [ [ [ -8825078.892094725742936, -1976920.96536712278612 ], [ -8896650.307370509952307, -2026331.030867089051753 ], [ -8997330.734735967591405, -1929544.00826715817675 ], [ -8944133.069642081856728, -1823740.327387537341565 ], [ -8878444.589207842946053, -1856268.933852293994278 ], [ -8861134.774325950071216, -1734741.895613209344447 ], [ -8900835.890157695859671, -1609885.337029265472665 ], [ -8967426.693725859746337, -1505420.409516822081059 ], [ -9032734.992352701723576, -1593583.098810901166871 ], [ -9067678.420229336246848, -1489167.986172779928893 ], [ -9040263.165215134620667, -1433950.192434296011925 ], [ -9025011.286220517009497, -1359017.217830573674291 ], [ -9023441.911291807889938, -1183037.417166726430878 ], [ -9043541.751030907034874, -1126812.675235694507137 ], [ -8870123.800258180126548, -1115992.807498274836689 ], [ -8867969.646670809015632, -1155903.753313623135909 ], [ -8922811.261013504117727, -1214981.96636773692444 ], [ -8927035.958544513210654, -1365316.7972496394068 ], [ -8810331.570574056357145, -1548106.395347686251625 ], [ -8782950.561602208763361, -1705786.904172335984185 ], [ -8786196.566614326089621, -1863626.70798411918804 ], [ -8825078.892094725742936, -1976920.96536712278612 ] ] ] ] } },
{ "type": "Feature", "properties": { "ISO3": "PER", "ISO2": "PE", "ISONUM": 604, "NAMEen": "Peru", "NAMEfr": "Pérou", "NAMEde": "Peru", "REGION_BLOC": null, "REGION_UN": "Americas", "SUBREGION_UN": "Latin America and the Caribbean", "LAST_DEV": "FALSE", "AREA_2021": 1285220.0, "FOREST_AREA_2021": 721575.333, "POP_2023": 34352719, "LIFE_EXP_2022": 73.385, "FERT_2022": 2.164, "HIV_2022": 0.4, "CO2_POP_2020": 1.39856601861908, "GNI_POP_2023": 15860, "INC_20P_2021": 5.7, "GDP_INDS_2023": 35.005696429497, "HIG_TEC_EXP_2022": 4.5837240325892896, "MIL_EXP_2022": 1.15356717784348, "JamesBond": 0, "ARG_nacion": 1617.0, "AUS_sydmor": 125.0, "BRA_oglobo": 898.0, "CAN_tostar": 224.0, "CHN_mopost": 88.0, "DEU_frankf": 217.0, "DZA_alnaha": 49.0, "EGY_alwafd": 128.0, "ESP_abc": 869.0, "FRA_lmonde": 3.0, "GBR_indept": 220.0, "IDN_republ": 203.0, "IND_tindia": 83.0, "IRN_hamsha": 266.0, "ITA_repubb": 231.0, "JPN_asahis": 262.0, "KEN_standa": 88.0, "MEX_inform": 1373.0, "NGA_vangua": 74.0, "RUS_isvest": 117.0, "SAU_spa": 78.0, "TUR_sabah": 148.0, "USA_nytime": 224.0, "ZAF_times": 104.0, "mean": 320.375, "rnk": 72.0, "sd": 424.39704671553687, "min": 3.0, "Q1": 88.0, "Q2": 175.5, "Q3": 238.75, "max": 1617.0, "nbsup0": 24, "nbsup10": 23, "nbsup100": 17 }, "geometry": { "type": "MultiPolygon", "coordinates": [ [ [ [ -9836784.313081260770559, -3587113.008423447143286 ], [ -9883994.462395409122109, -3435737.089808907359838 ], [ -10103187.086829006671906, -3104682.241056599654257 ], [ -10252615.914918659254909, -3108771.313134031370282 ], [ -10336160.907219391316175, -3009684.072644677013159 ], [ -10417322.110316457226872, -2983484.190913640428334 ], [ -10523465.232951156795025, -3225503.540660123806447 ], [ -10571993.296223767101765, -3188856.451535196974874 ], [ -10534016.04101774469018, -3360461.866552110295743 ], [ -10576414.22091525606811, -3396597.621224690694362 ], [ -10527827.067227222025394, -3544759.249344020616263 ], [ -10433416.615244971588254, -3669188.799255735240877 ], [ -10585292.086607612669468, -3719086.836629109457135 ], [ -10508362.320047544315457, -3912694.849709049332887 ], [ -10605830.308325707912445, -4138398.879297716077417 ], [ -10664857.724278066307306, -4097923.660708014387637 ], [ -10796549.506688142195344, -4169565.852930060587823 ], [ -10910994.011860877275467, -4103201.059082523453981 ], [ -10966943.933044197037816, -4128996.808008503634483 ], [ -11047708.003347534686327, -4017805.848551472648978 ], [ -11021817.043082708492875, -4206344.733425747603178 ], [ -11009863.732437204569578, -4234596.468183255754411 ], [ -11049484.372829737141728, -4233155.196544558741152 ], [ -11183045.226964253932238, -4178925.031257981900126 ], [ -11332889.066999189555645, -4036640.944248185958713 ], [ -11332744.098811686038971, -3817157.317695952951908 ], [ -11299067.144874520599842, -3777432.179687314666808 ], [ -11321909.202390184625983, -3310698.369936106260866 ], [ -11311872.714885851368308, -2990951.760231416672468 ], [ -11230005.406357273459435, -2739295.993142533116043 ], [ -11148885.014932099729776, -2734075.447565556038171 ], [ -10990300.685084082186222, -2406873.218084891792387 ], [ -10709685.278105081990361, -2084518.246758848195896 ], [ -10587999.974135128781199, -1873680.789551713271067 ], [ -10544938.197944367304444, -1651018.521214184584096 ], [ -10348880.730648424476385, -1592327.926177829038352 ], [ -10230085.963623411953449, -1741177.000064676627517 ], [ -10300329.474721875041723, -1727181.224934123922139 ], [ -10364404.277705179527402, -2002637.455949049675837 ], [ -10300568.223542906343937, -2063368.361196926329285 ], [ -10165483.150961045175791, -2093752.141047888901085 ], [ -10100086.510482830926776, -2174673.21896413853392 ], [ -10010012.515677841380239, -2369109.368646966759115 ], [ -9846898.147823272272944, -2535576.371289339847863 ], [ -9685292.596746211871505, -2543872.484450479503721 ], [ -9671382.669166058301926, -2623188.51357008330524 ], [ -9722322.77169344574213, -2724689.746429088991135 ], [ -9729993.169804925099015, -2856947.545901809819043 ], [ -9809279.054902702569962, -2962011.53237940184772 ], [ -9791455.579207062721252, -3106675.190562012139708 ], [ -9686363.407039169222116, -3336659.835498295724392 ], [ -9684003.167428955435753, -3515001.200961015652865 ], [ -9836614.454993678256869, -3438157.201470816042274 ], [ -9836784.313081260770559, -3587113.008423447143286 ] ] ] ] } },
{ "type": "Feature", "properties": { "ISO3": "PHL", "ISO2": "PH", "ISONUM": 608, "NAMEen": "Philippines", "NAMEfr": "Philippines", "NAMEde": "Philippinen", "REGION_BLOC": "ASEAN", "REGION_UN": "Asia", "SUBREGION_UN": "South-eastern Asia", "LAST_DEV": "FALSE", "AREA_2021": 300000.0, "FOREST_AREA_2021": 72234.8, "POP_2023": 117337368, "LIFE_EXP_2022": 72.187, "FERT_2022": 2.725, "HIV_2022": 0.3, "CO2_POP_2020": 1.1896794516728399, "GNI_POP_2023": 11940, "INC_20P_2021": 6.5, "GDP_INDS_2023": 28.1806863621071, "HIG_TEC_EXP_2022": 66.611041077854793, "MIL_EXP_2022": 0.99629546974112904, "JamesBond": 0, "ARG_nacion": 269.0, "AUS_sydmor": 681.0, "BRA_oglobo": 317.0, "CAN_tostar": 889.0, "CHN_mopost": 2676.0, "DEU_frankf": 414.0, "DZA_alnaha": 282.0, "EGY_alwafd": 375.0, "ESP_abc": 549.0, "FRA_lmonde": 500.0, "GBR_indept": 454.0, "IDN_republ": 1205.0, "IND_tindia": 466.0, "IRN_hamsha": 280.0, "ITA_repubb": 351.0, "JPN_asahis": 899.0, "KEN_standa": 452.0, "MEX_inform": 630.0, "NGA_vangua": 368.0, "RUS_isvest": 221.0, "SAU_spa": 404.0, "TUR_sabah": 295.0, "USA_nytime": 916.0, "ZAF_times": 702.0, "mean": 608.125, "rnk": 41.0, "sd": 506.82037916714677, "min": 221.0, "Q1": 342.5, "Q2": 453.0, "Q3": 686.25, "max": 2676.0, "nbsup0": 24, "nbsup10": 24, "nbsup100": 24 }, "geometry": { "type": "MultiPolygon", "coordinates": [ [ [ [ 7264435.610989515669644, 5209184.343642879277468 ], [ 7223172.971393829211593, 5305293.918683666735888 ], [ 7312058.982889386825264, 5403347.768154692836106 ], [ 7382735.967872641980648, 5484975.512939487583935 ], [ 7508504.083417704328895, 5496614.969159725122154 ], [ 7467140.960701770149171, 5407055.399620103649795 ], [ 7543846.474768434651196, 5358938.62598832231015 ], [ 7569570.11967019084841, 5440600.909649356268346 ], [ 7651667.790447185747325, 5435253.902306352742016 ], [ 7710391.577961448580027, 5350383.318983579985797 ], [ 7720920.734019099734724, 5178091.717574827373028 ], [ 7618765.197255871258676, 5097970.698437409475446 ], [ 7690454.252892111428082, 5035312.410495368763804 ], [ 7737527.504670924507082, 4937970.178410480730236 ], [ 7833055.040578475221992, 4882672.584856205619872 ], [ 7706249.825706241652369, 4870229.512039558961987 ], [ 7524133.4914864404127, 5029136.944614726118743 ], [ 7509642.382043188437819, 5093132.357890866696835 ], [ 7402203.547176410444081, 5140982.334573486819863 ], [ 7327725.80952737107873, 5231939.068271386437118 ], [ 7264435.610989515669644, 5209184.343642879277468 ] ] ], [ [ [ 7347621.502337387762964, 4820940.612181826494634 ], [ 7335778.526075897738338, 4869365.191719183698297 ], [ 7547548.677577560767531, 4907658.163498741574585 ], [ 7526893.870455422438681, 4775826.311445239000022 ], [ 7460161.489529758691788, 4822301.837831200100482 ], [ 7347621.502337387762964, 4820940.612181826494634 ] ] ], [ [ [ 7276458.070966991595924, 4907944.67953491024673 ], [ 7337601.78528852108866, 4977564.23305088095367 ], [ 7442122.894579136744142, 4932468.20522260479629 ], [ 7276458.070966991595924, 4907944.67953491024673 ] ] ], [ [ [ 7576869.333910994231701, 4342366.995318521745503 ], [ 7645144.781596319749951, 4409249.709607384167612 ], [ 7799548.192661232315004, 4321636.719245745800436 ], [ 7886742.184154118411243, 4301610.463760977610946 ], [ 8076301.06031583622098, 4150300.123116098344326 ], [ 7775203.832444143481553, 4278391.897462501190603 ], [ 7708917.750005090609193, 4312712.190408438444138 ], [ 7576869.333910994231701, 4342366.995318521745503 ] ] ], [ [ [ 7204525.979647863656282, 4941011.135090189054608 ], [ 7163494.642706225626171, 5012978.666444947943091 ], [ 7243812.231097268871963, 5115489.299597376026213 ], [ 7292964.854226597584784, 5065052.399267842061818 ], [ 7204525.979647863656282, 4941011.135090189054608 ] ] ], [ [ [ 7354793.336109387688339, 4649532.641508469358087 ], [ 7286468.991503001190722, 4776627.122458515688777 ], [ 7432593.23968876618892, 4770934.160669691860676 ], [ 7507809.441912113688886, 4682243.567064438015223 ], [ 7354793.336109387688339, 4649532.641508469358087 ] ] ], [ [ [ 7062077.845977356657386, 4930048.037547168321908 ], [ 7039922.546592413447797, 5021620.438754760660231 ], [ 7122388.08364853169769, 5092771.375489101745188 ], [ 7166555.973935010842979, 5064227.76545671839267 ], [ 7119585.741867971606553, 4852322.504273776896298 ], [ 7062077.845977356657386, 4930048.037547168321908 ] ] ], [ [ [ 7291879.618827156722546, 4411589.074673505499959 ], [ 7302951.780121377669275, 4519514.631020097061992 ], [ 7396374.700139464810491, 4487341.091504673473537 ], [ 7340579.400473983958364, 4299224.675500683486462 ], [ 7291879.618827156722546, 4411589.074673505499959 ] ] ], [ [ [ 6819419.555584471672773, 4082824.19340342329815 ], [ 6739021.92731901165098, 4218685.595169901847839 ], [ 6839076.597329468466341, 4361850.99322959408164 ], [ 6933824.015333028510213, 4371862.790190673433244 ], [ 7019764.453857665881515, 4314841.186340305022895 ], [ 7093622.399232162162662, 4326425.08503298368305 ], [ 7171626.420322004705667, 4434755.912635027430952 ], [ 7139673.621719127520919, 4515488.203608885407448 ], [ 7099725.369113489054143, 4517966.243607605807483 ], [ 7047935.260123283602297, 4633331.480199173092842 ], [ 7035459.016361360438168, 4740595.325542647391558 ], [ 7083674.402105801738799, 4712269.914341900497675 ], [ 7071991.462739932350814, 4849212.840644023381174 ], [ 7153084.324536750093102, 4746268.350549573078752 ], [ 7143811.858932751230896, 4639568.934796335175633 ], [ 7186374.686072922311723, 4611920.752260784618556 ], [ 7211854.432688332162797, 4477405.660030091181397 ], [ 7245672.840475244447589, 4427990.733344681560993 ], [ 7292281.448842247016728, 4317472.418313047848642 ], [ 7236219.811056580394506, 4285025.076271135360003 ], [ 7238175.092996860854328, 4192435.928782255388796 ], [ 7107545.980444433167577, 4072591.187580585014075 ], [ 7106154.507923820987344, 4152348.832078902982175 ], [ 6956636.873101133853197, 4070642.72721594478935 ], [ 6819419.555584471672773, 4082824.19340342329815 ] ] ] ] } },
{ "type": "Feature", "properties": { "ISO3": "PLW", "ISO2": "PW", "ISONUM": 585, "NAMEen": "Palau", "NAMEfr": "Palaos", "NAMEde": "Palau", "REGION_BLOC": null, "REGION_UN": "Oceania", "SUBREGION_UN": "Micronesia", "LAST_DEV": "FALSE", "AREA_2021": 460.0, "FOREST_AREA_2021": 414.9, "POP_2023": 18058, "LIFE_EXP_2022": 69.129268292682895, "FERT_2022": 0.85, "HIV_2022": null, "CO2_POP_2020": 8.80258179390162, "GNI_POP_2023": 17940, "INC_20P_2021": null, "GDP_INDS_2023": 12.3461291702552, "HIG_TEC_EXP_2022": 51.683686930110703, "MIL_EXP_2022": null, "JamesBond": 0, "ARG_nacion": 13.0, "AUS_sydmor": 0.0, "BRA_oglobo": 6.0, "CAN_tostar": 1.0, "CHN_mopost": 17.0, "DEU_frankf": 0.0, "DZA_alnaha": 0.0, "EGY_alwafd": 0.0, "ESP_abc": 877.0, "FRA_lmonde": 9.0, "GBR_indept": 6.0, "IDN_republ": 13.0, "IND_tindia": 0.0, "IRN_hamsha": 3.0, "ITA_repubb": 22.0, "JPN_asahis": 108.0, "KEN_standa": 4.0, "MEX_inform": 3.0, "NGA_vangua": 2.0, "RUS_isvest": 0.0, "SAU_spa": 6.0, "TUR_sabah": 0.0, "USA_nytime": 17.0, "ZAF_times": 0.0, "mean": 46.125, "rnk": 154.0, "sd": 178.32074484893297, "min": 0.0, "Q1": 0.0, "Q2": 3.5, "Q3": 13.0, "max": 877.0, "nbsup0": 16, "nbsup10": 7, "nbsup100": 2 }, "geometry": { "type": "MultiPolygon", "coordinates": [ [ [ [ 6517428.367606954649091, 6440131.774115232750773 ], [ 6491061.057859157212079, 6433860.595104780048132 ], [ 6458586.172167057171464, 6439885.77731572277844 ], [ 6482854.178212790749967, 6456720.905924171209335 ], [ 6524299.940870328806341, 6465658.175980541855097 ], [ 6584182.819400635547936, 6459817.717833895236254 ], [ 6606837.851458460092545, 6444833.970820758491755 ], [ 6566878.271287188865244, 6435362.08573516830802 ], [ 6517428.367606954649091, 6440131.774115232750773 ] ] ] ] } },
{ "type": "Feature", "properties": { "ISO3": "PNG", "ISO2": "PG", "ISONUM": 598, "NAMEen": "Papua New Guinea", "NAMEfr": "Papouasie-Nouvelle-Guinée", "NAMEde": "Papua-Neuguinea", "REGION_BLOC": null, "REGION_UN": "Oceania", "SUBREGION_UN": "Melanesia", "LAST_DEV": "FALSE", "AREA_2021": 462840.0, "FOREST_AREA_2021": 358222.3, "POP_2023": 10329931, "LIFE_EXP_2022": 65.958, "FERT_2022": 3.165, "HIV_2022": 1.0, "CO2_POP_2020": 0.56325156621167505, "GNI_POP_2023": 4340, "INC_20P_2021": 5.1, "GDP_INDS_2023": 40.343242423242501, "HIG_TEC_EXP_2022": 40.054062162338298, "MIL_EXP_2022": 0.33290491950080098, "JamesBond": 0, "ARG_nacion": 8.0, "AUS_sydmor": 315.0, "BRA_oglobo": 30.0, "CAN_tostar": 26.0, "CHN_mopost": 105.0, "DEU_frankf": 0.0, "DZA_alnaha": 30.0, "EGY_alwafd": 30.0, "ESP_abc": 30.0, "FRA_lmonde": 27.0, "GBR_indept": 86.0, "IDN_republ": 113.0, "IND_tindia": 34.0, "IRN_hamsha": 11.0, "ITA_repubb": 34.0, "JPN_asahis": 25.0, "KEN_standa": 64.0, "MEX_inform": 53.0, "NGA_vangua": 29.0, "RUS_isvest": 9.0, "SAU_spa": 42.0, "TUR_sabah": 37.0, "USA_nytime": 40.0, "ZAF_times": 47.0, "mean": 51.041666666666664, "rnk": 151.0, "sd": 62.826523868898519, "min": 0.0, "Q1": 26.75, "Q2": 32.0, "Q3": 48.5, "max": 315.0, "nbsup0": 23, "nbsup10": 21, "nbsup100": 3 }, "geometry": { "type": "MultiPolygon", "coordinates": [ [ [ [ 4514996.133632408455014, 9599552.276310447603464 ], [ 4375527.97683406341821, 9789296.125876458361745 ], [ 4425655.964974426664412, 9809858.806020086631179 ], [ 4546093.599403780885041, 9641657.844572003930807 ], [ 4514996.133632408455014, 9599552.276310447603464 ] ] ], [ [ [ 4875486.754607339389622, 9260267.684902455657721 ], [ 4962694.096527237445116, 9372458.077786011621356 ], [ 5146220.869694202207029, 9359503.100938590243459 ], [ 5409080.282473971135914, 9230404.519886091351509 ], [ 5577681.00394572224468, 9061514.592572016641498 ], [ 5551643.662354809232056, 9034643.782641835510731 ], [ 5286919.323746449314058, 9203039.424261273816228 ], [ 4995134.329186320304871, 9275283.58103652857244 ], [ 4986429.614571869373322, 9199282.957239758223295 ], [ 4875486.754607339389622, 9260267.684902455657721 ] ] ], [ [ [ 6931596.452990680001676, 8552780.346530484035611 ], [ 6777711.711308815516531, 8362958.825691183097661 ], [ 6478967.813117574900389, 7993569.918272969312966 ], [ 6100416.180151830427349, 8404232.106165800243616 ], [ 5922263.221836606040597, 8718226.889153823256493 ], [ 5970072.882026790641248, 8760791.977592514827847 ], [ 5736243.74088014382869, 8986460.264374803751707 ], [ 5715507.146596534177661, 9095075.132549056783319 ], [ 5856977.652623382396996, 9011138.608806718140841 ], [ 5867001.822154592722654, 9099788.636404732242227 ], [ 5753877.249523957259953, 9249035.834414690732956 ], [ 5738203.230311453342438, 9385670.951335916295648 ], [ 5639184.835551790893078, 9438031.178970443084836 ], [ 5654209.182278388179839, 9495033.753079256042838 ], [ 5528785.474230183288455, 9597757.558443307876587 ], [ 5567529.979452009312809, 9619758.116141917183995 ], [ 5467318.903327133506536, 9739812.167408874258399 ], [ 5899717.480115538462996, 9433235.025321379303932 ], [ 6008703.740416407585144, 9271266.396668244153261 ], [ 6080613.052441309206188, 9041867.899326207116246 ], [ 6403827.438343529589474, 8800150.686446627601981 ], [ 6577040.677600211463869, 8721843.62959317304194 ], [ 6553467.695059427991509, 8826030.703913832083344 ], [ 6693579.340702498331666, 8771515.273744052276015 ], [ 6931596.452990680001676, 8552780.346530484035611 ] ] ], [ [ [ 4987497.540257329121232, 9013864.689992124214768 ], [ 4832462.634505751542747, 9140063.541928488761187 ], [ 4736685.642278683371842, 9312977.573660807684064 ], [ 4800941.851439892314374, 9380940.721479227766395 ], [ 4800126.830960295163095, 9278838.678894469514489 ], [ 4870813.210325287654996, 9165278.227334314957261 ], [ 4980423.616900815628469, 9069101.911395093426108 ], [ 4987497.540257329121232, 9013864.689992124214768 ] ] ] ] } },
{ "type": "Feature", "properties": { "ISO3": "POL", "ISO2": "PL", "ISONUM": 616, "NAMEen": "Poland", "NAMEfr": "Pologne", "NAMEde": "Polen", "REGION_BLOC": "EU", "REGION_UN": "Europe", "SUBREGION_UN": "Eastern Europe", "LAST_DEV": "FALSE", "AREA_2021": 312710.0, "FOREST_AREA_2021": 94950.0, "POP_2023": 36685849, "LIFE_EXP_2022": 77.304878048780495, "FERT_2022": 1.261, "HIV_2022": 0.1, "CO2_POP_2020": 7.3675633729270897, "GNI_POP_2023": 47380, "INC_20P_2021": 8.6, "GDP_INDS_2023": 28.6769417181773, "HIG_TEC_EXP_2022": 10.765642697618899, "MIL_EXP_2022": 2.38851188830618, "JamesBond": 0, "ARG_nacion": 238.0, "AUS_sydmor": 279.0, "BRA_oglobo": 423.0, "CAN_tostar": 672.0, "CHN_mopost": 196.0, "DEU_frankf": 1568.0, "DZA_alnaha": 105.0, "EGY_alwafd": 326.0, "ESP_abc": 451.0, "FRA_lmonde": 671.0, "GBR_indept": 662.0, "IDN_republ": 187.0, "IND_tindia": 343.0, "IRN_hamsha": 382.0, "ITA_repubb": 731.0, "JPN_asahis": 166.0, "KEN_standa": 292.0, "MEX_inform": 262.0, "NGA_vangua": 292.0, "RUS_isvest": 790.0, "SAU_spa": 111.0, "TUR_sabah": 293.0, "USA_nytime": 684.0, "ZAF_times": 266.0, "mean": 432.91666666666669, "rnk": 58.0, "sd": 318.5383625339295, "min": 105.0, "Q1": 256.0, "Q2": 309.5, "Q3": 664.25, "max": 1568.0, "nbsup0": 24, "nbsup10": 24, "nbsup100": 24 }, "geometry": { "type": "MultiPolygon", "coordinates": [ [ [ [ 1306345.498384137637913, -3728358.657795010134578 ], [ 1341272.974367031361908, -3734129.780925172381103 ], [ 1538817.132524833781645, -3666572.011736104264855 ], [ 1603164.825222203973681, -3689557.727835217490792 ], [ 1684972.929617766989395, -3807925.449658675584942 ], [ 1654767.111906716832891, -3867263.417297658044845 ], [ 1718853.471209917915985, -3933132.822230028454214 ], [ 1797585.658037365647033, -4017103.427227590698749 ], [ 1737504.967189265647903, -4165698.967451754491776 ], [ 1749602.111345927696675, -4215662.082362147979438 ], [ 1683875.830156723270193, -4205821.603902633301914 ], [ 1537165.233631922630593, -4281884.790161445736885 ], [ 1457696.062759218970314, -4273835.72047501988709 ], [ 1396220.688789994921535, -4215638.304382672533393 ], [ 1263860.622043758863583, -4245327.733441210351884 ], [ 1115946.558125882176682, -4220588.254156838171184 ], [ 1055404.824103381019086, -4038806.45744530716911 ], [ 1011210.265722163952887, -4018694.422598054632545 ], [ 985133.947590545169078, -3875560.489903627894819 ], [ 1110259.606503820046782, -3787070.765804779250175 ], [ 1232807.536933807423338, -3723979.535853242501616 ], [ 1306345.498384137637913, -3728358.657795010134578 ] ] ] ] } },
{ "type": "Feature", "properties": { "ISO3": "PRK", "ISO2": "KP", "ISONUM": 408, "NAMEen": "North Korea", "NAMEfr": "Corée du Nord", "NAMEde": "Nordkorea", "REGION_BLOC": null, "REGION_UN": "Asia", "SUBREGION_UN": "Eastern Asia", "LAST_DEV": "FALSE", "AREA_2021": 120540.0, "FOREST_AREA_2021": 60088.6, "POP_2023": 26160821, "LIFE_EXP_2022": 73.578, "FERT_2022": 1.793, "HIV_2022": null, "CO2_POP_2020": 2.0271486187650298, "GNI_POP_2023": null, "INC_20P_2021": null, "GDP_INDS_2023": null, "HIG_TEC_EXP_2022": null, "MIL_EXP_2022": null, "JamesBond": 1, "ARG_nacion": 667.0, "AUS_sydmor": 1031.0, "BRA_oglobo": 1122.0, "CAN_tostar": 1157.0, "CHN_mopost": 2110.0, "DEU_frankf": 1829.0, "DZA_alnaha": 627.0, "EGY_alwafd": 1040.0, "ESP_abc": 872.0, "FRA_lmonde": 1079.0, "GBR_indept": 1608.0, "IDN_republ": 771.0, "IND_tindia": 885.0, "IRN_hamsha": 779.0, "ITA_repubb": 569.0, "JPN_asahis": 8409.0, "KEN_standa": 483.0, "MEX_inform": 990.0, "NGA_vangua": 484.0, "RUS_isvest": 411.0, "SAU_spa": 454.0, "TUR_sabah": 526.0, "USA_nytime": 2178.0, "ZAF_times": 523.0, "mean": 1275.1666666666667, "rnk": 20.0, "sd": 1601.6114349010488, "min": 411.0, "Q1": 558.25, "Q2": 878.5, "Q3": 1130.75, "max": 8409.0, "nbsup0": 24, "nbsup10": 24, "nbsup100": 24 }, "geometry": { "type": "MultiPolygon", "coordinates": [ [ [ [ 4021768.960779473651201, 3438652.388204428367317 ], [ 4031418.803338114637882, 3467562.534270052332431 ], [ 4158128.090590705163777, 3445872.003517667762935 ], [ 4215114.785945096053183, 3501513.946744176093489 ], [ 4441959.062621102668345, 3411003.214891692623496 ], [ 4497249.323920884169638, 3444908.628415619488806 ], [ 4488950.87385827023536, 3553425.760885665658861 ], [ 4590886.70031332783401, 3479306.92152395285666 ], [ 4663159.262297758832574, 3471693.663362656719983 ], [ 4754673.158596470020711, 3289480.319296894129366 ], [ 4602072.118071027100086, 3275955.232023019809276 ], [ 4590533.874493567273021, 3139670.812354967463762 ], [ 4425662.23428303655237, 3217242.087735798675567 ], [ 4324123.091143507510424, 3213471.769205336924642 ], [ 4274750.560806282795966, 3321097.732834641356021 ], [ 4214674.546752087771893, 3296964.48426274349913 ], [ 4078537.503780270926654, 3386467.288767579942942 ], [ 4025445.299068797845393, 3360038.049364015925676 ], [ 4021768.960779473651201, 3438652.388204428367317 ] ] ] ] } },
{ "type": "Feature", "properties": { "ISO3": "PRT", "ISO2": "PT", "ISONUM": 620, "NAMEen": "Portugal", "NAMEfr": "Portugal", "NAMEde": "Portugal", "REGION_BLOC": "EU", "REGION_UN": "Europe", "SUBREGION_UN": "Southern Europe", "LAST_DEV": "FALSE", "AREA_2021": 92230.0, "FOREST_AREA_2021": 33120.0, "POP_2023": 10525347, "LIFE_EXP_2022": 81.580487804878103, "FERT_2022": 1.43, "HIV_2022": 0.5, "CO2_POP_2020": 3.78490758691711, "GNI_POP_2023": 47850, "INC_20P_2021": 7.4, "GDP_INDS_2023": 18.018784145123998, "HIG_TEC_EXP_2022": 6.1547740731149503, "MIL_EXP_2022": 1.3543893401962399, "JamesBond": 2, "ARG_nacion": 505.0, "AUS_sydmor": 208.0, "BRA_oglobo": 1365.0, "CAN_tostar": 379.0, "CHN_mopost": 236.0, "DEU_frankf": 640.0, "DZA_alnaha": 588.0, "EGY_alwafd": 302.0, "ESP_abc": 1943.0, "FRA_lmonde": 472.0, "GBR_indept": 848.0, "IDN_republ": 509.0, "IND_tindia": 386.0, "IRN_hamsha": 210.0, "ITA_repubb": 597.0, "JPN_asahis": 148.0, "KEN_standa": 389.0, "MEX_inform": 661.0, "NGA_vangua": 481.0, "RUS_isvest": 336.0, "SAU_spa": 116.0, "TUR_sabah": 590.0, "USA_nytime": 277.0, "ZAF_times": 391.0, "mean": 524.04166666666663, "rnk": 49.0, "sd": 400.42471790605651, "min": 116.0, "Q1": 295.75, "Q2": 431.5, "Q3": 591.75, "max": 1943.0, "nbsup0": 24, "nbsup10": 24, "nbsup100": 24 }, "geometry": { "type": "MultiPolygon", "coordinates": [ [ [ [ -759308.840992378536612, -5834857.850379575043917 ], [ -923227.519886927562766, -5830429.667789260856807 ], [ -879882.04159860801883, -5686928.366935414262116 ], [ -942581.659013437223621, -5637669.642907679080963 ], [ -821967.456475998973474, -5399879.315342667512596 ], [ -814508.454201125307009, -5291453.046564704738557 ], [ -612887.978787271305919, -5323374.96868110075593 ], [ -583543.756413838476874, -5366423.466648899018764 ], [ -659920.399320336873643, -5419585.655661886557937 ], [ -735864.519442286924459, -5697597.970753020606935 ], [ -708269.24592559679877, -5748494.775399123318493 ], [ -759308.840992378536612, -5834857.850379575043917 ] ] ] ] } },
{ "type": "Feature", "properties": { "ISO3": "PRY", "ISO2": "PY", "ISONUM": 600, "NAMEen": "Paraguay", "NAMEfr": "Paraguay", "NAMEde": "Paraguay", "REGION_BLOC": "MERCOSUR", "REGION_UN": "Americas", "SUBREGION_UN": "Latin America and the Caribbean", "LAST_DEV": "FALSE", "AREA_2021": 406752.0, "FOREST_AREA_2021": 158229.267, "POP_2023": 6861524, "LIFE_EXP_2022": 70.475, "FERT_2022": 2.444, "HIV_2022": 0.5, "CO2_POP_2020": 1.14459119207034, "GNI_POP_2023": 16910, "INC_20P_2021": 5.0, "GDP_INDS_2023": 32.355082035322901, "HIG_TEC_EXP_2022": 10.5616163812336, "MIL_EXP_2022": 0.83148347874786399, "JamesBond": 0, "ARG_nacion": 1136.0, "AUS_sydmor": 7.0, "BRA_oglobo": 687.0, "CAN_tostar": 27.0, "CHN_mopost": 14.0, "DEU_frankf": 63.0, "DZA_alnaha": 0.0, "EGY_alwafd": 0.0, "ESP_abc": 131.0, "FRA_lmonde": 60.0, "GBR_indept": 18.0, "IDN_republ": 31.0, "IND_tindia": 29.0, "IRN_hamsha": 31.0, "ITA_repubb": 54.0, "JPN_asahis": 46.0, "KEN_standa": 34.0, "MEX_inform": 310.0, "NGA_vangua": 32.0, "RUS_isvest": 44.0, "SAU_spa": 0.0, "TUR_sabah": 45.0, "USA_nytime": 38.0, "ZAF_times": 52.0, "mean": 120.375, "rnk": 110.0, "sd": 260.00950024449361, "min": 0.0, "Q1": 24.75, "Q2": 36.0, "Q3": 55.5, "max": 1136.0, "nbsup0": 21, "nbsup10": 20, "nbsup100": 4 }, "geometry": { "type": "MultiPolygon", "coordinates": [ [ [ [ -10391769.440376935526729, -6453520.595441768877208 ], [ -10427033.57063228264451, -6561786.984351811930537 ], [ -10547925.24871421046555, -6594450.113618902862072 ], [ -10323536.691529685631394, -6996291.901515362784266 ], [ -10416287.570525240153074, -7186242.72215929441154 ], [ -10280405.028316734358668, -7396291.181551979854703 ], [ -10447773.525971367955208, -7422251.400018345564604 ], [ -10459510.325504692271352, -7433131.416844022460282 ], [ -10581334.797895757481456, -7466230.488587947562337 ], [ -10778312.0966318231076, -7337388.829058566130698 ], [ -10961554.288495533168316, -7069630.135925445705652 ], [ -11108358.016616716980934, -6766397.884481465443969 ], [ -10818237.896005010232329, -6876877.669629259034991 ], [ -10965893.435730317607522, -6322572.417475113645196 ], [ -11052118.822772389277816, -6124688.595367641188204 ], [ -11068749.884018857032061, -5725158.402682746760547 ], [ -10869059.78213469684124, -5711877.04169996175915 ], [ -10727246.050414580851793, -5761252.145007689483464 ], [ -10511307.214571166783571, -6067144.507046051323414 ], [ -10411799.832677846774459, -6233915.326457977294922 ], [ -10361291.976028559729457, -6430463.350753624923527 ], [ -10391769.440376935526729, -6453520.595441768877208 ] ] ] ] } },
{ "type": "Feature", "properties": { "ISO3": "PSE", "ISO2": "PS", "ISONUM": 275, "NAMEen": "Palestinian Territories", "NAMEfr": "Territoires palestiniens", "NAMEde": "Palästinensergebiete", "REGION_BLOC": "Arab League", "REGION_UN": "Asia", "SUBREGION_UN": "Western Asia", "LAST_DEV": "FALSE", "AREA_2021": 6025.0, "FOREST_AREA_2021": 101.4, "POP_2023": 5165775, "LIFE_EXP_2022": 73.444, "FERT_2022": 3.436, "HIV_2022": null, "CO2_POP_2020": null, "GNI_POP_2023": 7060, "INC_20P_2021": 7.3, "GDP_INDS_2023": 17.392710860661101, "HIG_TEC_EXP_2022": 1.60088574523558, "MIL_EXP_2022": null, "JamesBond": 0, "ARG_nacion": 423.0, "AUS_sydmor": 369.0, "BRA_oglobo": 1199.0, "CAN_tostar": 580.0, "CHN_mopost": 263.0, "DEU_frankf": 244.0, "DZA_alnaha": 4627.0, "EGY_alwafd": 4189.0, "ESP_abc": 618.0, "FRA_lmonde": 1124.0, "GBR_indept": 800.0, "IDN_republ": 3439.0, "IND_tindia": 411.0, "IRN_hamsha": 1561.0, "ITA_repubb": 520.0, "JPN_asahis": 430.0, "KEN_standa": 350.0, "MEX_inform": 579.0, "NGA_vangua": 218.0, "RUS_isvest": 1428.0, "SAU_spa": 3407.0, "TUR_sabah": 1294.0, "USA_nytime": 803.0, "ZAF_times": 572.0, "mean": 1227.0, "rnk": 21.0, "sd": 1302.3964533655374, "min": 218.0, "Q1": 420.0, "Q2": 599.0, "Q3": 1327.5, "max": 4627.0, "nbsup0": 24, "nbsup10": 24, "nbsup100": 24 }, "geometry": { "type": "MultiPolygon", "coordinates": [ [ [ [ 3684836.380724668037146, -5412241.946598238311708 ], [ 3673885.554502344690263, -5405903.744626110419631 ], [ 3683470.021634272299707, -5363250.463414218276739 ], [ 3693483.11439766548574, -5365101.063680300489068 ], [ 3684836.380724668037146, -5412241.946598238311708 ] ] ], [ [ [ 3739246.129609653260559, -5216747.779920388944447 ], [ 3771987.594680315814912, -5276551.44754721224308 ], [ 3784651.214838167186826, -5315737.363042026758194 ], [ 3746311.845506495796144, -5333272.377692828886211 ], [ 3728574.470549527555704, -5309263.14991682767868 ], [ 3698766.922248759772629, -5261686.879875563085079 ], [ 3739246.129609653260559, -5216747.779920388944447 ] ] ] ] } },
{ "type": "Feature", "properties": { "ISO3": "QAT", "ISO2": "QA", "ISONUM": 634, "NAMEen": "Qatar", "NAMEfr": "Qatar", "NAMEde": "Katar", "REGION_BLOC": "Arab League", "REGION_UN": "Asia", "SUBREGION_UN": "Western Asia", "LAST_DEV": "FALSE", "AREA_2021": 11490.0, "FOREST_AREA_2021": 0.0, "POP_2023": 2716391, "LIFE_EXP_2022": 81.559, "FERT_2022": 1.781, "HIV_2022": 0.1, "CO2_POP_2020": 31.7268424513247, "GNI_POP_2023": 116870, "INC_20P_2021": null, "GDP_INDS_2023": 65.357867802343506, "HIG_TEC_EXP_2022": 2.8507243301204599, "MIL_EXP_2022": 6.9621661185372501, "JamesBond": 0, "ARG_nacion": 426.0, "AUS_sydmor": 207.0, "BRA_oglobo": 421.0, "CAN_tostar": 204.0, "CHN_mopost": 230.0, "DEU_frankf": 746.0, "DZA_alnaha": 1740.0, "EGY_alwafd": 1540.0, "ESP_abc": 417.0, "FRA_lmonde": 483.0, "GBR_indept": 362.0, "IDN_republ": 507.0, "IND_tindia": 369.0, "IRN_hamsha": 1108.0, "ITA_repubb": 815.0, "JPN_asahis": 177.0, "KEN_standa": 450.0, "MEX_inform": 378.0, "NGA_vangua": 566.0, "RUS_isvest": 155.0, "SAU_spa": 1861.0, "TUR_sabah": 771.0, "USA_nytime": 302.0, "ZAF_times": 310.0, "mean": 606.04166666666663, "rnk": 42.0, "sd": 485.7268403185036, "min": 155.0, "Q1": 308.0, "Q2": 423.5, "Q3": 752.25, "max": 1861.0, "nbsup0": 24, "nbsup10": 24, "nbsup100": 24 }, "geometry": { "type": "MultiPolygon", "coordinates": [ [ [ [ 5672734.103699655272067, -4558508.574884926900268 ], [ 5629808.458875076845288, -4590271.895991451106966 ], [ 5556397.13892160449177, -4535760.803774565458298 ], [ 5537943.460389798507094, -4418679.896705514751375 ], [ 5614366.688876201398671, -4363669.633803938515484 ], [ 5693876.701424764469266, -4453625.514461237937212 ], [ 5672734.103699655272067, -4558508.574884926900268 ] ] ] ] } },
{ "type": "Feature", "properties": { "ISO3": "ROM", "ISO2": "RO", "ISONUM": 642, "NAMEen": "Romania", "NAMEfr": "Roumanie", "NAMEde": "Rumänien", "REGION_BLOC": "EU", "REGION_UN": "Europe", "SUBREGION_UN": "Eastern Europe", "LAST_DEV": "FALSE", "AREA_2021": 238400.0, "FOREST_AREA_2021": 69290.5, "POP_2023": 19056116, "LIFE_EXP_2022": 75.304878048780495, "FERT_2022": 1.81, "HIV_2022": 0.1, "CO2_POP_2020": 3.56413750145988, "GNI_POP_2023": 46620, "INC_20P_2021": 6.0, "GDP_INDS_2023": 27.595531639406801, "HIG_TEC_EXP_2022": 11.613933963416301, "MIL_EXP_2022": 1.7305450659253301, "JamesBond": 0, "ARG_nacion": 56.0, "AUS_sydmor": 50.0, "BRA_oglobo": 84.0, "CAN_tostar": 130.0, "CHN_mopost": 55.0, "DEU_frankf": 391.0, "DZA_alnaha": 118.0, "EGY_alwafd": 164.0, "ESP_abc": 13.0, "FRA_lmonde": 273.0, "GBR_indept": 135.0, "IDN_republ": 54.0, "IND_tindia": 79.0, "IRN_hamsha": 183.0, "ITA_repubb": 354.0, "JPN_asahis": 66.0, "KEN_standa": 22.0, "MEX_inform": 55.0, "NGA_vangua": 63.0, "RUS_isvest": 196.0, "SAU_spa": 108.0, "TUR_sabah": 284.0, "USA_nytime": 142.0, "ZAF_times": 54.0, "mean": 130.375, "rnk": 106.0, "sd": 103.190331742937, "min": 13.0, "Q1": 55.0, "Q2": 96.0, "Q3": 168.75, "max": 391.0, "nbsup0": 24, "nbsup10": 24, "nbsup100": 12 }, "geometry": { "type": "MultiPolygon", "coordinates": [ [ [ [ 2346507.69482081476599, -4376310.439518466591835 ], [ 2470737.339950395748019, -4338870.20377604290843 ], [ 2440513.343862685374916, -4468629.077146167866886 ], [ 2466852.517195193562657, -4528592.665382891893387 ], [ 2321379.837946544867009, -4550568.332225737161934 ], [ 2212827.188511242158711, -4668692.254554006271064 ], [ 2035470.623348657507449, -4720604.884617204777896 ], [ 1968499.435161813162267, -4707778.622169569134712 ], [ 1833502.078473740490153, -4686116.986615503206849 ], [ 1693275.324508310295641, -4591593.998068877495825 ], [ 1757723.247927531367168, -4547006.212285517714918 ], [ 1774749.829191823024303, -4395118.052950931712985 ], [ 1823092.335732548031956, -4320575.408993560820818 ], [ 1985256.567539895651862, -4277534.051685452461243 ], [ 2085502.773574843304232, -4161407.050366644281894 ], [ 2286017.381759109906852, -4257314.622830994427204 ], [ 2346507.69482081476599, -4376310.439518466591835 ] ] ] ] } },
{ "type": "Feature", "properties": { "ISO3": "RUS", "ISO2": "RU", "ISONUM": 643, "NAMEen": "Russia", "NAMEfr": "Russie", "NAMEde": "Russland", "REGION_BLOC": null, "REGION_UN": "Europe", "SUBREGION_UN": "Eastern Europe", "LAST_DEV": "FALSE", "AREA_2021": 17098250.0, "FOREST_AREA_2021": 8153116.0, "POP_2023": 143826130, "LIFE_EXP_2022": 72.545609756097605, "FERT_2022": 1.416, "HIV_2022": null, "CO2_POP_2020": 11.1416527318351, "GNI_POP_2023": 43510, "INC_20P_2021": 7.5, "GDP_INDS_2023": 30.647534542197601, "HIG_TEC_EXP_2022": 9.6881141833803905, "MIL_EXP_2022": 4.05631633246717, "JamesBond": 7, "ARG_nacion": 2448.0, "AUS_sydmor": 2034.0, "BRA_oglobo": 2956.0, "CAN_tostar": 2974.0, "CHN_mopost": 1824.0, "DEU_frankf": 6515.0, "DZA_alnaha": 3615.0, "EGY_alwafd": 4341.0, "ESP_abc": 2886.0, "FRA_lmonde": 3125.0, "GBR_indept": 4122.0, "IDN_republ": 2416.0, "IND_tindia": 1916.0, "IRN_hamsha": 4870.0, "ITA_repubb": 2740.0, "JPN_asahis": 5103.0, "KEN_standa": 1616.0, "MEX_inform": 2983.0, "NGA_vangua": 2283.0, "RUS_isvest": null, "SAU_spa": 1011.0, "TUR_sabah": 4879.0, "USA_nytime": 4514.0, "ZAF_times": 1915.0, "mean": 3177.6521739130435, "rnk": 4.0, "sd": 1358.576046277052, "min": 1011.0, "Q1": 2158.5, "Q2": 2956.0, "Q3": 4231.5, "max": 6515.0, "nbsup0": 23, "nbsup10": 23, "nbsup100": 23 }, "geometry": { "type": "MultiPolygon", "coordinates": [ [ [ [ 2384364.956490642391145, 3175672.407560657709837 ], [ 2458143.524151253048331, 3338090.565890861675143 ], [ 2527210.259487594012171, 3405728.042832090519369 ], [ 2637828.753752099815756, 3695421.268064635340124 ], [ 2709019.277552855666727, 3628957.71632624277845 ], [ 2831378.255931413266808, 3723750.306349478196353 ], [ 2876565.972380457445979, 3898618.422777639701962 ], [ 2920283.4179658270441, 3835657.153354790061712 ], [ 2976564.306980359833688, 3891353.237530361860991 ], [ 3020636.933268290944397, 3879375.595793658867478 ], [ 2990957.437510857824236, 3803871.168818672187626 ], [ 2873415.872565667144954, 3703196.339449888560921 ], [ 2821241.373999116942286, 3621171.809463049750775 ], [ 2633001.18674124404788, 3435740.258358323946595 ], [ 2607792.923963978886604, 3350539.400961595587432 ], [ 2498417.789108487777412, 3215046.87494684709236 ], [ 2462475.1641785367392, 3220635.716645091306418 ], [ 2418023.093885222449899, 3181568.093731503468007 ], [ 2384364.956490642391145, 3175672.407560657709837 ] ] ], [ [ [ 1538817.132524833781645, -3666572.011736104264855 ], [ 1341272.974367031361908, -3734129.780925172381103 ], [ 1306345.498384137637913, -3728358.657795010134578 ], [ 1326867.839537509018555, -3660196.575732455588877 ], [ 1389639.34347085445188, -3613256.127996974624693 ], [ 1518288.088193440111354, -3610299.828380017075688 ], [ 1538817.132524833781645, -3666572.011736104264855 ] ] ], [ [ [ -4.845228249815645, 2776111.2950474396348 ], [ -4.43383467748442, 2540400.140902722720057 ], [ -4.104650122223909, 2351791.283920879010111 ], [ -246765.162584840029012, 2553172.906326513271779 ], [ -380787.441044741775841, 2553101.585358493961394 ], [ -463252.868198267358821, 2629111.595717895310372 ], [ -447928.900091547344346, 2679751.490920112468302 ], [ -382188.360402743332088, 2713598.32866642344743 ], [ -349135.814740217581857, 2857100.358092274516821 ], [ -231510.591576679376885, 2802943.646034989040345 ], [ -189719.278606459352886, 2731199.985710940789431 ], [ -77226.966629946924513, 2734090.357275385875255 ], [ -4.845228249815645, 2776111.2950474396348 ] ] ], [ [ [ 1782910.434216654393822, -1464968.860463971970603 ], [ 1813683.037506631109864, -1549978.857397932792082 ], [ 1786795.121955185895786, -1583166.84273740905337 ], [ 1720311.622229775413871, -1527616.90759068261832 ], [ 1692913.122244784142822, -1450131.737504110205919 ], [ 1732140.226770490873605, -1431095.23334838100709 ], [ 1782910.434216654393822, -1464968.860463971970603 ] ] ], [ [ [ -2795.598485064594115, 2122005.808552961796522 ], [ -2852.159748048423808, 2064298.752803017385304 ], [ -47287.332554701904883, 2056933.295589914079756 ], [ -101443.156309699334088, 2098400.228102186694741 ], [ -2795.598485064594115, 2122005.808552961796522 ] ] ], [ [ [ 1055292.731397086987272, 1401649.991908972151577 ], [ 1029802.478033830178902, 1444226.303280264372006 ], [ 1108569.96985608083196, 1493172.662563046906143 ], [ 1173166.733671159483492, 1422826.150240249698982 ], [ 1055292.731397086987272, 1401649.991908972151577 ] ] ], [ [ [ 889011.443589233211242, 1354910.452499659731984 ], [ 809585.960917818010785, 1415556.150209879735485 ], [ 743209.743708878173493, 1460610.832900583744049 ], [ 894922.835577842546627, 1441796.330081607680768 ], [ 889011.443589233211242, 1354910.452499659731984 ] ] ], [ [ [ 1016347.8261283604661, 1173702.570001048734412 ], [ 963451.196053075604141, 1205467.838467235444114 ], [ 919129.230253895861097, 1331402.403737253742293 ], [ 994927.046139896148816, 1354814.299925261177123 ], [ 1114052.414628241676837, 1297193.25697407615371 ], [ 1128985.676963211735711, 1217023.072710598120466 ], [ 1085739.126630728831515, 1167071.811511131934822 ], [ 1016347.8261283604661, 1173702.570001048734412 ] ] ], [ [ [ 1429915.043788684997708, -602652.818299727514386 ], [ 1437618.44605434127152, -784477.562498525483534 ], [ 1491241.361443979665637, -890872.62556581501849 ], [ 1505773.748762041795999, -923581.322485877783038 ], [ 1540931.167338294675574, -997266.04388323740568 ], [ 1625798.613756868289784, -1112936.529024922288954 ], [ 1736934.678529431344941, -1166919.825999194057658 ], [ 1817395.220158098964021, -1151633.664357609115541 ], [ 1782131.734163046814501, -1240339.443697982467711 ], [ 1713465.466564842499793, -1282399.735232567647472 ], [ 1616562.701622344553471, -1252685.995087426388636 ], [ 1460237.399764413712546, -1075356.350342268589884 ], [ 1351786.187902782810852, -814452.345637469436042 ], [ 1371894.057696846779436, -700318.43266574665904 ], [ 1363857.939078081166372, -620717.47230217163451 ], [ 1381179.398835625965148, -596145.459979386883788 ], [ 1429915.043788684997708, -602652.818299727514386 ] ] ], [ [ [ 4031418.803338114637882, 3467562.534270052332431 ], [ 4021768.960779473651201, 3438652.388204428367317 ], [ 3905465.993092042393982, 3428730.396632852964103 ], [ 3803505.011187885887921, 3298586.1959557691589 ], [ 3709900.98131741816178, 3339465.484184914268553 ], [ 3746346.558170290663838, 3415327.64061996107921 ], [ 3610061.142510286998004, 3396904.441516986582428 ], [ 3514049.701013799291104, 3381935.206215747632086 ], [ 3419490.227427470032126, 3319985.000758673064411 ], [ 3347713.356576491612941, 3321242.541165956761688 ], [ 3316738.188892722129822, 3246442.408466749824584 ], [ 3475670.855843474157155, 3187618.029598028864712 ], [ 3560109.894376828335226, 3097304.542936427984387 ], [ 3516148.320870048832148, 3037427.792312285862863 ], [ 3492755.868860968388617, 2879452.516145611181855 ], [ 3551100.607763289473951, 2783665.030525051057339 ], [ 3471411.689099336508662, 2609420.473048539366573 ], [ 3392224.570445465389639, 2512971.205661231651902 ], [ 3326032.397809697315097, 2412047.33805830264464 ], [ 3333059.426682094112039, 2293212.189357829280198 ], [ 3413613.536928834859282, 2181545.119897381402552 ], [ 3515721.730595919303596, 2101971.013604681007564 ], [ 3596257.102792146150023, 2079059.493698297301307 ], [ 3630353.662471479736269, 2162336.67111595114693 ], [ 3859849.783982325345278, 2152004.636693854350597 ], [ 3880800.658949323929846, 2179247.714121734257787 ], [ 3995672.508844223339111, 2103011.973766729235649 ], [ 4003549.802041479386389, 2012199.480703015811741 ], [ 4041442.739485578145832, 1916313.155264856759459 ], [ 4038245.180082351434976, 1822173.997678596293554 ], [ 4147258.152345960959792, 1764138.638967893086374 ], [ 4261961.682929548434913, 1613127.425987626658753 ], [ 4300566.819525205530226, 1442126.530397054506466 ], [ 4251098.768757452256978, 1376879.871744715841487 ], [ 4251303.711145750246942, 1165309.521346676396206 ], [ 4320603.413974740542471, 1050699.015693892259151 ], [ 4298973.111812738701701, 939499.989611162221991 ], [ 4216678.148498451337218, 910435.652622439200059 ], [ 4203546.603069545701146, 741650.122601747047156 ], [ 4173612.221132351085544, 652555.139863145072013 ], [ 4309444.581063599325716, 590807.845811444567516 ], [ 4357380.200076907873154, 635165.260971695650369 ], [ 4455221.254780080169439, 570860.437573525123298 ], [ 4444911.045368020422757, 359545.137360889988486 ], [ 4386221.201942474581301, 324996.957992929557804 ], [ 4363782.489336881786585, 175396.027990555390716 ], [ 4550588.128009996376932, -173517.558461815031478 ], [ 4557878.292215060442686, -213046.938019383203937 ], [ 4499060.176188366487622, -267939.646851994330063 ], [ 4492267.490345506928861, -372244.867649057181552 ], [ 4322160.088899521157146, -497495.373459867609199 ], [ 4331318.746005187742412, -650394.125541453249753 ], [ 4259336.276066030375659, -698809.539960000081919 ], [ 4306877.298653814941645, -760187.288352410774678 ], [ 4005516.77160921273753, -861136.196300442796201 ], [ 3929553.741405910346657, -910109.439611727255397 ], [ 3860790.96755882166326, -901816.441481033689342 ], [ 3909684.853448639623821, -1163739.027008003788069 ], [ 3863728.956884376704693, -1145569.880771523108706 ], [ 3790690.822433684486896, -1291763.251655093627051 ], [ 3657067.450811472255737, -1272068.755751668009907 ], [ 3598847.603391580749303, -1385565.960023487452418 ], [ 3629165.062030968721956, -1454057.447823113529012 ], [ 3611394.594121605157852, -1667708.213042858988047 ], [ 3537600.507582809310406, -1912732.903327320702374 ], [ 3548235.064951876178384, -1966205.78525067679584 ], [ 3619475.571675495244563, -2001486.158914869418368 ], [ 3675999.036113529000431, -2034292.487244027666748 ], [ 3686573.498007372952998, -2116615.955089672002941 ], [ 3803359.679487184621394, -2051011.191142926225439 ], [ 3839345.888329876586795, -2095705.419543029041961 ], [ 3756342.606311087496579, -2263651.612091798800975 ], [ 3687059.542749625630677, -2276426.870267055463046 ], [ 3621490.76054314756766, -2396285.099200403317809 ], [ 3589370.631392446346581, -2503552.96871545445174 ], [ 3444831.401310117915273, -2563367.194808301981539 ], [ 3305813.884673065971583, -2717195.096288746222854 ], [ 3301699.461821395903826, -2903331.83122303429991 ], [ 3322199.25732971355319, -2959401.76521081617102 ], [ 3254924.416789835784584, -2976645.323168840724975 ], [ 3271928.187391424551606, -3061826.221098801121116 ], [ 3314416.861684898845851, -3117130.134233298245817 ], [ 3363077.904415547847748, -3193750.369652011897415 ], [ 3446660.829814716242254, -3200651.848833958618343 ], [ 3502022.566592913586646, -3148314.995703084859997 ], [ 3687644.095069603994489, -3180043.059082854073495 ], [ 3643689.615278183948249, -3324875.169550679158419 ], [ 3696097.442645749542862, -3482911.747963364701718 ], [ 3748169.292530524078757, -3465264.441436333581805 ], [ 3858719.97545674117282, -3540585.677960112690926 ], [ 4024926.981439533643425, -3551079.450793441850692 ], [ 4033228.095557030290365, -3647996.455342638771981 ], [ 3885363.266361096873879, -3695988.955556094646454 ], [ 3714446.128288818523288, -3732726.28042724262923 ], [ 3670036.863431131467223, -3808444.015137605834752 ], [ 3517218.315565136261284, -3848759.548958913888782 ], [ 3374160.560171748977154, -3929489.166576224844903 ], [ 3338969.657770598307252, -3981207.614351111464202 ], [ 3215371.87477047322318, -3973732.418927553575486 ], [ 2978876.73029752029106, -4023905.190770538523793 ], [ 2971381.563732741866261, -3994392.300435 ], [ 3049562.743964798748493, -3940227.913944544270635 ], [ 2956608.351773769594729, -3820225.853225680533797 ], [ 3033808.740291329100728, -3711623.861456713173538 ], [ 2959087.261650576256216, -3758082.172234653029591 ], [ 2947273.790077496785671, -3661618.243359047453851 ], [ 3007285.178789240773767, -3614705.810848760418594 ], [ 2918060.548517151270062, -3517178.129658642690629 ], [ 2930071.907037011347711, -3474441.352096231654286 ], [ 2828460.169293070677668, -3470166.732257590163499 ], [ 2683024.717015214730054, -3504777.841355851851404 ], [ 2580647.459723954088986, -3591765.033047342672944 ], [ 2489435.13800676446408, -3542215.657663002144545 ], [ 2428553.686038049403578, -3575393.294751669280231 ], [ 2336224.426204682793468, -3489274.787594386376441 ], [ 2225433.621961719356477, -3594249.297925823833793 ], [ 2168821.849621875677258, -3515029.726257604081184 ], [ 2204685.520411268807948, -3483945.45446759974584 ], [ 2204505.233906175941229, -3431296.251273942645639 ], [ 2124996.003630574792624, -3434671.132810934912413 ], [ 2009858.204170010751113, -3375504.421436423901469 ], [ 1935175.457915125181898, -3289368.446189514361322 ], [ 1782112.721462031593546, -3330754.752231251448393 ], [ 1664796.941225471207872, -3218186.379104607738554 ], [ 1656465.574347058543935, -3162952.676735626533628 ], [ 1609059.044808706734329, -3062827.358471618499607 ], [ 1607234.056784225860611, -3042903.892367706634104 ], [ 1614869.027002140181139, -3014238.240107081830502 ], [ 1599845.975057339062914, -3006460.306029767729342 ], [ 1636877.630108067533001, -2921272.110266875009984 ], [ 1589071.817384319612756, -2897126.032414874527603 ], [ 1533073.763999432325363, -2906765.03683699015528 ], [ 1565730.735055715078488, -2801182.772369804326445 ], [ 1583197.971273073460907, -2576521.273378434125334 ], [ 1464610.606664394028485, -2538745.889139406383038 ], [ 1463032.176527402130887, -2477949.282560992985964 ], [ 1378376.852768964599818, -2427551.236723661888391 ], [ 1329512.05944581492804, -2312076.52422677911818 ], [ 1257103.749088968150318, -2259575.620077826082706 ], [ 1245915.443248438183218, -2157170.302297488320619 ], [ 1167191.540140805067495, -2135124.016956659965217 ], [ 1133539.804301972733811, -2048830.98842808464542 ], [ 1155859.090972175588831, -1935824.318233248777688 ], [ 1277905.447292023571208, -1921913.503767951624468 ], [ 1365407.913377204444259, -1881602.858734212582931 ], [ 1633985.478763570776209, -1878584.946543896337971 ], [ 1701172.839630751404911, -1960911.758577355183661 ], [ 1712713.106921997619793, -2044304.619424181291834 ], [ 1640662.92773267114535, -2105469.550779712852091 ], [ 1433120.036613680655137, -2166584.395274592097849 ], [ 1510016.361379844835028, -2197347.315485913772136 ], [ 1619789.459866632474586, -2332898.955759034026414 ], [ 1770564.19225946534425, -2324953.0330267585814 ], [ 1787831.328652997035533, -2281084.305429338011891 ], [ 1663069.01078461506404, -2252441.952421465888619 ], [ 1668131.040949521586299, -2213067.639890424907207 ], [ 1846213.870189870009199, -2160332.758902394212782 ], [ 1754389.044227722799405, -2112264.955950561910868 ], [ 1759794.207395917968825, -1940718.73520874325186 ], [ 1875592.747228745603934, -1930927.086508279200643 ], [ 1763949.423930680844933, -1838444.594432750949636 ], [ 1715174.014611858641729, -1769219.642402904573828 ], [ 1638262.256039609434083, -1736920.430771274492145 ], [ 1729316.296125400578603, -1673259.12204537843354 ], [ 1800710.472836416214705, -1695597.815097253769636 ], [ 1793097.570453433087096, -1760595.600976038724184 ], [ 1851449.655503981281072, -1797114.283653184305876 ], [ 1899781.31124869431369, -1727117.18673123116605 ], [ 1856534.072797249304131, -1681943.451785061974078 ], [ 1890473.739697178592905, -1402095.311637771315873 ], [ 1991670.506535889580846, -1401638.567546712467447 ], [ 2006805.890803720103577, -1211597.87399903149344 ], [ 1963346.76243265834637, -1098614.572003374109045 ], [ 2054327.046756838914007, -996304.329064199468121 ], [ 2246778.426762307062745, -895981.13132589799352 ], [ 2203025.349836883600801, -840854.442497003707103 ], [ 2088593.844076777808368, -882178.51817290589679 ], [ 1921085.155400345567614, -818341.983491200371645 ], [ 1886721.80193303572014, -744004.05793956015259 ], [ 1802674.971891991328448, -692375.388391699292697 ], [ 1746487.06555299134925, -580844.182015716796741 ], [ 1844644.865487649571151, -569710.523617694154382 ], [ 1938311.093654745258391, -615517.871679224073887 ], [ 2013518.415770038031042, -628269.110001759021543 ], [ 2228123.216135403607041, -683548.752594837802462 ], [ 2333719.18768448382616, -703251.161852973047644 ], [ 2460095.456261777784675, -821752.880373293883167 ], [ 2438589.562892077956349, -930590.391214107745327 ], [ 2521250.549306430388242, -902563.671370524214581 ], [ 2523384.198455867823213, -820380.160027341800742 ], [ 2407523.184538942761719, -677042.074264394701459 ], [ 2276036.436894069425762, -603441.599146871943958 ], [ 2319966.883353500626981, -552261.852075382368639 ], [ 2303016.031433313619345, -502870.223602994868997 ], [ 2224215.149281539954245, -542231.582943137502298 ], [ 2203829.190256683621556, -623335.648228404461406 ], [ 2093957.157119806390256, -587947.107695593615063 ], [ 1908587.285516164731234, -538483.086553077795543 ], [ 1949041.266203574370593, -506208.137798153795302 ], [ 2022981.691817772574723, -514670.005126792704687 ], [ 2041020.962206016061828, -479730.303988230356481 ], [ 1970681.268640688620508, -451371.504492196370848 ], [ 1961264.316902303835377, -407278.548100949788932 ], [ 1933194.745011035352945, -362086.177375935018063 ], [ 2022109.407000956591219, -293672.472357350692619 ], [ 2040569.187530357856303, -227870.155414355016546 ], [ 1923385.142297355690971, -314824.652700276987161 ], [ 1811002.154288570396602, -292273.814938519499265 ], [ 1794719.055519129382446, -100867.834026512136916 ], [ 1753103.857009936124086, -121973.110947192661115 ], [ 1618773.043459187960252, -21777.006569481349288 ], [ 1539860.937609751243144, 158392.933108664903557 ], [ 1564597.516915506217629, 187542.35188547722646 ], [ 1395825.098203646484762, 297372.481398605857976 ], [ 1391850.356289963005111, 355961.094550106616225 ], [ 1409040.310535638825968, 456358.718953476869501 ], [ 1380461.156728300731629, 533701.599945127149113 ], [ 1418979.463168452959508, 615804.239584980299696 ], [ 1543972.413373151794076, 651553.326127838459797 ], [ 1800583.6502409002278, 528570.630918592331 ], [ 1701857.704251645598561, 649828.985367265413515 ], [ 1688623.641009475337341, 734012.390600509243086 ], [ 1611224.251322387950495, 873011.177636419888586 ], [ 1648257.588962125591934, 893531.300521271652542 ], [ 1628566.280311743961647, 980006.685770499287173 ], [ 1492313.840889435727149, 1021160.948641084716655 ], [ 1454676.028572884621099, 1136008.90836891415529 ], [ 1463427.389791456284001, 1203935.043299430282786 ], [ 1576648.970587046584114, 1249246.485804997850209 ], [ 1609569.014760863501579, 1321743.290363127598539 ], [ 1614671.544743022415787, 1382457.246870566159487 ], [ 1490443.829702456248924, 1367622.872485699364915 ], [ 1499750.096963608171791, 1430694.223774713696912 ], [ 1424837.871552756521851, 1474696.075920841889456 ], [ 1400883.587431297637522, 1559514.980002532480285 ], [ 1342356.570116073125973, 1580879.584819114301354 ], [ 1268137.272736330516636, 1486991.145043988246471 ], [ 1196032.487261093221605, 1506349.173251542029902 ], [ 1074685.754194569308311, 1651391.245782139943913 ], [ 1052045.031818661373109, 1751258.272370682563633 ], [ 995254.786103429738432, 1888543.283860734896734 ], [ 793083.903582802275196, 1961877.449981331592426 ], [ 749103.699611493968405, 2023946.527581488247961 ], [ 779334.819005427416414, 2105570.575648876372725 ], [ 767622.326867482741363, 2172719.15005285711959 ], [ 685796.268208224792033, 2162947.569035113789141 ], [ 477107.024087305064313, 2207082.713047505356371 ], [ 438405.44171354023274, 2304420.986541066784412 ], [ 397021.122099062660709, 2307741.265281952917576 ], [ 362170.925754679541569, 2190271.318429396487772 ], [ 175292.084923777758377, 2242174.199016785714775 ], [ 4.104650122223909, 2351791.283920879010111 ], [ 4.43383467748442, 2540400.140902722720057 ], [ 4.845228249815645, 2776111.2950474396348 ], [ 85794.864371824587579, 2861362.851972534321249 ], [ 40849.830187384795863, 2930888.33892212016508 ], [ 20785.939032843009045, 3046320.095508356578648 ], [ 57155.653284592517593, 3083711.18914627796039 ], [ 190500.471344949270133, 3089438.145517748780549 ], [ 316881.651095384149812, 3126393.923716644290835 ], [ 472264.086298131442163, 3216403.544506039470434 ], [ 527738.957535383757204, 3291398.785492607858032 ], [ 558925.022472825134173, 3304789.547039209865034 ], [ 612795.460030621965416, 3227014.591297618579119 ], [ 856772.013942012330517, 3226704.677552685607225 ], [ 969008.680056910496205, 3249138.266460688319057 ], [ 1006663.719001720659435, 3308702.072252741083503 ], [ 1100794.162643109215423, 3386534.103320787660778 ], [ 1033610.869584621395916, 3451662.439871880225837 ], [ 1097635.820543100358918, 3542276.957804532255977 ], [ 1080125.634571230039001, 3615387.611780024133623 ], [ 1158868.202523667365313, 3596959.473131036385894 ], [ 1201818.001542107900605, 3732739.618356409948319 ], [ 1363406.361995982006192, 3756734.844717377796769 ], [ 1426522.737718518124893, 3842473.420155339874327 ], [ 1506887.910204238025472, 3854457.802790076006204 ], [ 1623523.277408755151555, 3970236.945095394738019 ], [ 1724194.323682100046426, 4007326.082976560574025 ], [ 1674332.251293441979215, 3780339.610473354812711 ], [ 1602998.092821568716317, 3525800.565864915028214 ], [ 1505449.400193130131811, 3388871.435779627412558 ], [ 1376541.073437506798655, 3318332.342751710675657 ], [ 1261696.796492040390149, 3290913.271354957018048 ], [ 1185446.806242592167109, 3233164.99930955702439 ], [ 879899.821676107123494, 3074410.859565428923815 ], [ 810057.602239510044456, 2940482.045367536600679 ], [ 882983.232626613345928, 2936998.864920313935727 ], [ 954932.295107136131264, 3013475.015617210883647 ], [ 1114765.57615826674737, 3088664.211184582673013 ], [ 1053158.465067940065637, 2948768.600935054477304 ], [ 1170478.700905322330073, 2919079.354976543691009 ], [ 1380423.545440503163263, 3017827.946151123847812 ], [ 1443117.753877016482875, 3122348.874818629119545 ], [ 1553920.695564472349361, 3109870.096685380674899 ], [ 1595662.515523658134043, 3040814.224606495816261 ], [ 1652960.033027252415195, 2932306.175512162037194 ], [ 1771647.748073396971449, 2940898.955474022310227 ], [ 1873639.194157849764451, 2812844.97186875063926 ], [ 2050510.570674418238923, 2736956.338436124380678 ], [ 2224850.630089481826872, 2738098.648684937041253 ], [ 2433635.405439181253314, 2766409.038382661063224 ], [ 2550518.507329760119319, 2790429.531427309848368 ], [ 2758766.048147246707231, 2779992.028691630810499 ], [ 2699924.006586328614503, 2883517.777610620483756 ], [ 2769680.918115782551467, 2937546.465822342783213 ], [ 2625374.055570081342012, 2992457.322741984389722 ], [ 2528655.986691267695278, 3085131.064477414358407 ], [ 2555592.687645947560668, 3216050.754541913047433 ], [ 2646708.17881840839982, 3318981.626679629087448 ], [ 2802487.272929186467081, 3392792.070246433839202 ], [ 2823866.907458337023854, 3445261.527871763333678 ], [ 2968161.720948568079621, 3558082.747763750143349 ], [ 3071888.503148753661662, 3566578.331383612006903 ], [ 3259361.040999614167958, 3632662.192171029280871 ], [ 3538413.522777438163757, 3649916.594551694113761 ], [ 3655810.463078279048204, 3673707.505389973521233 ], [ 3847140.39708323776722, 3607367.334048350341618 ], [ 3895513.995612892787904, 3474525.233101151417941 ], [ 4031418.803338114637882, 3467562.534270052332431 ] ] ], [ [ [ 1167330.708829747978598, 267996.535323617048562 ], [ 1222608.502525009447709, 323170.866453279741108 ], [ 1372958.285699269967154, 214743.332239600742469 ], [ 1178485.852313227253035, 235696.613692197424825 ], [ 1167330.708829747978598, 267996.535323617048562 ] ] ], [ [ [ 1092021.793383142445236, 149088.652345048001735 ], [ 1140184.245015206048265, 207139.144040069979383 ], [ 1263957.452542372280732, 210484.829060073825531 ], [ 1269367.010946303140372, 108172.0828974617325 ], [ 1164883.924429930746555, 66764.61361360605224 ], [ 1092021.793383142445236, 149088.652345048001735 ] ] ], [ [ [ 772329.016422182437964, -675435.588785751722753 ], [ 817148.329523616586812, -645323.135273648658767 ], [ 843078.484425301197916, -591260.435292418114841 ], [ 848755.587916943826713, -549016.757796922232956 ], [ 868679.536921766935848, -513308.213297692243941 ], [ 966588.771834536222741, -690928.28019216330722 ], [ 956762.308547471300699, -754687.726711469586007 ], [ 892635.615134837920777, -751729.072970855748281 ], [ 772329.016422182437964, -675435.588785751722753 ] ] ], [ [ [ 928051.487310530152172, 105555.862268856290029 ], [ 1001195.882792121381499, 148839.334827654878609 ], [ 1090759.360034655546769, 56327.856316713012347 ], [ 928051.487310530152172, 105555.862268856290029 ] ] ] ] } },
{ "type": "Feature", "properties": { "ISO3": "RWA", "ISO2": "RW", "ISONUM": 646, "NAMEen": "Rwanda", "NAMEfr": "Rwanda", "NAMEde": "Ruanda", "REGION_BLOC": "COMESA", "REGION_UN": "Africa", "SUBREGION_UN": "Sub-Saharan Africa", "LAST_DEV": "TRUE", "AREA_2021": 26340.0, "FOREST_AREA_2021": 2770.0, "POP_2023": 14094683, "LIFE_EXP_2022": 67.129, "FERT_2022": 3.749, "HIV_2022": 2.3, "CO2_POP_2020": 0.105124140047262, "GNI_POP_2023": 3290, "INC_20P_2021": 6.0, "GDP_INDS_2023": 21.520295903289099, "HIG_TEC_EXP_2022": 4.7847297958567196, "MIL_EXP_2022": 1.4499563609619199, "JamesBond": 0, "ARG_nacion": 21.0, "AUS_sydmor": 26.0, "BRA_oglobo": 28.0, "CAN_tostar": 105.0, "CHN_mopost": 34.0, "DEU_frankf": 77.0, "DZA_alnaha": 0.0, "EGY_alwafd": 0.0, "ESP_abc": 87.0, "FRA_lmonde": 323.0, "GBR_indept": 50.0, "IDN_republ": 17.0, "IND_tindia": 25.0, "IRN_hamsha": 11.0, "ITA_repubb": 53.0, "JPN_asahis": 73.0, "KEN_standa": 1308.0, "MEX_inform": 13.0, "NGA_vangua": 303.0, "RUS_isvest": 12.0, "SAU_spa": 0.0, "TUR_sabah": 44.0, "USA_nytime": 102.0, "ZAF_times": 341.0, "mean": 127.20833333333333, "rnk": 109.0, "sd": 270.81374622593944, "min": 0.0, "Q1": 16.0, "Q2": 39.0, "Q3": 90.75, "max": 1308.0, "nbsup0": 21, "nbsup10": 21, "nbsup100": 6 }, "geometry": { "type": "MultiPolygon", "coordinates": [ [ [ [ 5131958.556456326507032, -8722155.450754823163152 ], [ 5216427.156696229241788, -8739877.230152115225792 ], [ 5219535.014054208062589, -8841734.20774607360363 ], [ 5118484.038601342588663, -8889933.971778877079487 ], [ 5109028.190917419269681, -8957971.394161468371749 ], [ 4997317.145665511488914, -9009699.673296863213181 ], [ 4962132.674279266968369, -8998371.093533836305141 ], [ 4973822.901401256211102, -8891861.741078706458211 ], [ 5013075.533706457354128, -8832525.805724194273353 ], [ 5131958.556456326507032, -8722155.450754823163152 ] ] ] ] } },
{ "type": "Feature", "properties": { "ISO3": "ESH", "ISO2": "EH", "ISONUM": 732, "NAMEen": "Western Sahara", "NAMEfr": "Sahara occidental", "NAMEde": "Westsahara", "REGION_BLOC": null, "REGION_UN": "Africa", "SUBREGION_UN": "Northern Africa", "LAST_DEV": null, "AREA_2021": null, "FOREST_AREA_2021": null, "POP_2023": null, "LIFE_EXP_2022": null, "FERT_2022": null, "HIV_2022": null, "CO2_POP_2020": null, "GNI_POP_2023": null, "INC_20P_2021": null, "GDP_INDS_2023": null, "HIG_TEC_EXP_2022": null, "MIL_EXP_2022": null, "JamesBond": 0, "ARG_nacion": 0.0, "AUS_sydmor": 0.0, "BRA_oglobo": 1.0, "CAN_tostar": 4.0, "CHN_mopost": 0.0, "DEU_frankf": 3.0, "DZA_alnaha": 434.0, "EGY_alwafd": 96.0, "ESP_abc": 19.0, "FRA_lmonde": 15.0, "GBR_indept": 0.0, "IDN_republ": 3.0, "IND_tindia": 3.0, "IRN_hamsha": 0.0, "ITA_repubb": 5.0, "JPN_asahis": 0.0, "KEN_standa": 8.0, "MEX_inform": 0.0, "NGA_vangua": 10.0, "RUS_isvest": 3.0, "SAU_spa": 7.0, "TUR_sabah": 2.0, "USA_nytime": 6.0, "ZAF_times": 17.0, "mean": 26.5, "rnk": 168.0, "sd": 88.936714187307274, "min": 0.0, "Q1": 0.0, "Q2": 3.0, "Q3": 8.5, "max": 434.0, "nbsup0": 17, "nbsup10": 5, "nbsup100": 1 }, "geometry": { "type": "MultiPolygon", "coordinates": [ [ [ [ -1047606.309591143392026, -6859882.510253600776196 ], [ -1054169.472258466295898, -6902729.041524603031576 ], [ -1075174.307353515643626, -7042069.88679055403918 ], [ -1483377.734917434863746, -6969586.512084006331861 ], [ -1544378.899751241784543, -7245381.406350025907159 ], [ -1679040.968825391260907, -7263905.687665498815477 ], [ -1721051.134654059074819, -7445651.034067683853209 ], [ -2229063.06999373389408, -7309717.92293044552207 ], [ -2192795.197012704331428, -7271264.310831513255835 ], [ -2025553.26458624121733, -7091464.06409727409482 ], [ -1781673.317260136129335, -6886845.763727669604123 ], [ -1656891.734698239481077, -6850995.642446560785174 ], [ -1551821.221729405457154, -6735127.790728281252086 ], [ -1047606.309591143392026, -6859882.510253600776196 ] ] ] ] } },
{ "type": "Feature", "properties": { "ISO3": "SAU", "ISO2": "SA", "ISONUM": 682, "NAMEen": "Saudi Arabia", "NAMEfr": "Arabie saoudite", "NAMEde": "Saudi-Arabien", "REGION_BLOC": "Arab League", "REGION_UN": "Asia", "SUBREGION_UN": "Western Asia", "LAST_DEV": "FALSE", "AREA_2021": 2149690.0, "FOREST_AREA_2021": 9770.0, "POP_2023": 36947025, "LIFE_EXP_2022": 77.905, "FERT_2022": 2.393, "HIV_2022": 0.1, "CO2_POP_2020": 14.266585367540801, "GNI_POP_2023": 55290, "INC_20P_2021": null, "GDP_INDS_2023": 46.973674613507001, "HIG_TEC_EXP_2022": 0.30573365413435799, "MIL_EXP_2022": 7.4227325045298898, "JamesBond": 0, "ARG_nacion": 282.0, "AUS_sydmor": 421.0, "BRA_oglobo": 695.0, "CAN_tostar": 541.0, "CHN_mopost": 364.0, "DEU_frankf": 1045.0, "DZA_alnaha": 5482.0, "EGY_alwafd": 5377.0, "ESP_abc": 20.0, "FRA_lmonde": 849.0, "GBR_indept": 1308.0, "IDN_republ": 2980.0, "IND_tindia": 906.0, "IRN_hamsha": 859.0, "ITA_repubb": 480.0, "JPN_asahis": 0.0, "KEN_standa": 536.0, "MEX_inform": 236.0, "NGA_vangua": 1070.0, "RUS_isvest": 529.0, "SAU_spa": null, "TUR_sabah": 1286.0, "USA_nytime": 859.0, "ZAF_times": 391.0, "mean": 1152.8695652173913, "rnk": 24.0, "sd": 1478.1104124199746, "min": 0.0, "Q1": 406.0, "Q2": 695.0, "Q3": 1057.5, "max": 5482.0, "nbsup0": 22, "nbsup10": 22, "nbsup100": 21 }, "geometry": { "type": "MultiPolygon", "coordinates": [ [ [ [ 4922192.301486417651176, -4665693.080052324570715 ], [ 5003260.253788965754211, -4595243.288953774608672 ], [ 5059767.175758241675794, -4609181.396877881139517 ], [ 5120249.19291823823005, -4540733.900406634435058 ], [ 5232474.038496100343764, -4568873.459188947454095 ], [ 5388983.798818971030414, -4521579.581323745660484 ], [ 5492394.880321561358869, -4585078.300523789599538 ], [ 5629808.458875076845288, -4590271.895991451106966 ], [ 5672734.103699655272067, -4558508.574884926900268 ], [ 5732873.806562412530184, -4548815.771037108264863 ], [ 5929011.143987796269357, -4535847.266202248632908 ], [ 6149634.886721165850759, -4276202.242214016616344 ], [ 6249319.576637371443212, -4272982.967595394700766 ], [ 6379595.05327444896102, -4470629.010575284250081 ], [ 6224084.050486203283072, -4866529.593764278106391 ], [ 6006536.285212974064052, -5197739.862240140326321 ], [ 5956168.657232025638223, -5332551.447583921253681 ], [ 5973490.453096421435475, -5487602.613362829200923 ], [ 5725811.681201725266874, -5692850.993380984291434 ], [ 5531369.309783883392811, -5897516.180439841933548 ], [ 5564384.975963438861072, -6011202.726614028215408 ], [ 5432351.017659310251474, -5969756.757060734555125 ], [ 5337843.184739354997873, -5987013.05155866779387 ], [ 5063259.265066216699779, -5923574.839063129387796 ], [ 4937542.430828687734902, -5958611.805337250232697 ], [ 4818898.666423315182328, -5933727.786746462807059 ], [ 4732992.554533687420189, -5827786.079253489151597 ], [ 4583537.665810105390847, -5772081.90508680138737 ], [ 4456622.999082509428263, -5803217.904239047318697 ], [ 4364911.13082255423069, -5744210.302775836549699 ], [ 4264058.172031165100634, -5728301.319467789493501 ], [ 3977545.13555070804432, -5635121.509457517415285 ], [ 3918553.372677195817232, -5670278.612215920351446 ], [ 3868883.621491131838411, -5535740.197515974752605 ], [ 3981843.212568221148103, -5477232.017558936960995 ], [ 4007420.284462633542717, -5365368.297420342452824 ], [ 4077943.942763970699161, -5223086.02014331612736 ], [ 3918082.386289193760604, -5207118.929281189106405 ], [ 4070023.07226701034233, -4999888.311566539108753 ], [ 4194713.095598827116191, -4924568.33296313136816 ], [ 4397340.142723513767123, -4870836.083398493006825 ], [ 4761524.307080371305346, -4813023.189331469126046 ], [ 4922192.301486417651176, -4665693.080052324570715 ] ] ] ] } },
{ "type": "Feature", "properties": { "ISO3": "SDN", "ISO2": "SD", "ISONUM": 729, "NAMEen": "Sudan", "NAMEfr": "Soudan", "NAMEde": "Sudan", "REGION_BLOC": "COMESA, Arab League", "REGION_UN": "Africa", "SUBREGION_UN": "Northern Africa", "LAST_DEV": "TRUE", "AREA_2021": 1878000.0, "FOREST_AREA_2021": 181873.9, "POP_2023": 48109006, "LIFE_EXP_2022": 65.578, "FERT_2022": 4.384, "HIV_2022": 0.1, "CO2_POP_2020": 0.46795392831662602, "GNI_POP_2023": 3110, "INC_20P_2021": 7.8, "GDP_INDS_2023": 5.2333823612675596, "HIG_TEC_EXP_2022": 2.2024034822104501, "MIL_EXP_2022": 0.91591875705814296, "JamesBond": 0, "ARG_nacion": 13.0, "AUS_sydmor": 157.0, "BRA_oglobo": 135.0, "CAN_tostar": 249.0, "CHN_mopost": 92.0, "DEU_frankf": 85.0, "DZA_alnaha": 779.0, "EGY_alwafd": 1554.0, "ESP_abc": 74.0, "FRA_lmonde": 393.0, "GBR_indept": 209.0, "IDN_republ": 283.0, "IND_tindia": 89.0, "IRN_hamsha": 167.0, "ITA_repubb": 193.0, "JPN_asahis": 792.0, "KEN_standa": 1680.0, "MEX_inform": 61.0, "NGA_vangua": 588.0, "RUS_isvest": 57.0, "SAU_spa": 1634.0, "TUR_sabah": 275.0, "USA_nytime": 260.0, "ZAF_times": 955.0, "mean": 448.91666666666669, "rnk": 56.0, "sd": 518.7862018099612, "min": 13.0, "Q1": 91.25, "Q2": 229.0, "Q3": 635.75, "max": 1680.0, "nbsup0": 24, "nbsup10": 24, "nbsup100": 17 }, "geometry": { "type": "MultiPolygon", "coordinates": [ [ [ [ 4542635.740741057321429, -6053822.778248310089111 ], [ 4614845.943021106533706, -6098906.716013748198748 ], [ 4780445.46554655674845, -6267624.620220094919205 ], [ 4834545.124529466032982, -6288895.095117432065308 ], [ 4997727.827959095127881, -6260192.990470215678215 ], [ 4987827.406412648968399, -6336193.183793622069061 ], [ 4882952.584466717205942, -6479788.835273679345846 ], [ 4931092.569215639494359, -6557098.363283066079021 ], [ 4946324.847248695790768, -6703237.900005646049976 ], [ 5014180.427611995488405, -6769755.087781221605837 ], [ 5065796.158612663857639, -6947085.908715093508363 ], [ 5014871.531296738423407, -7000341.678098366595805 ], [ 4996210.647077726200223, -7122560.782992651686072 ], [ 5041246.228059954941273, -7212857.130630633793771 ], [ 4994738.335276367142797, -7243783.110279767774045 ], [ 5017533.849647428840399, -7419036.649723810143769 ], [ 4950184.528965107165277, -7366069.751055086031556 ], [ 4817808.14537413045764, -7367408.453400907106698 ], [ 4738467.993811872787774, -7238596.095619323663414 ], [ 4607548.293816053308547, -7350131.002720327116549 ], [ 4706312.809524164535105, -7411937.771614139899611 ], [ 4624960.115417302586138, -7626254.461747190915048 ], [ 4563364.813275060616434, -7670550.642600459977984 ], [ 4434835.665649433620274, -7677343.85616594646126 ], [ 4327739.364379333332181, -7857880.34434580989182 ], [ 4183015.862345647532493, -7901985.573049425147474 ], [ 4001037.824533899780363, -8004936.758382190018892 ], [ 3857736.230535329319537, -7964831.671444829553366 ], [ 3757736.74894655495882, -8027714.490502670407295 ], [ 3748578.537472869735211, -8203345.45437325257808 ], [ 3701874.143637180328369, -8248465.513699781149626 ], [ 3598416.264338423497975, -8282779.992842121049762 ], [ 3569054.008805508725345, -8159917.519695660099387 ], [ 3416622.077185053844005, -8103635.724562395364046 ], [ 3403679.837659338023514, -8051832.793314038775861 ], [ 3196788.790746182203293, -7938196.051429707556963 ], [ 3234150.923355563543737, -7795816.551092193461955 ], [ 3241974.09783843671903, -7602672.064081289805472 ], [ 3358882.727720712311566, -7549703.275367475114763 ], [ 3188664.56120589422062, -7168151.262254263274372 ], [ 3166199.555328290443867, -7117649.694231944158673 ], [ 3289530.30810805503279, -7060686.532652472145855 ], [ 3196416.814702935516834, -6860600.334510199725628 ], [ 3587128.782280964776874, -6664711.344556876458228 ], [ 4142242.305874959565699, -6334560.089007434435189 ], [ 4542635.740741057321429, -6053822.778248310089111 ] ] ] ] } },
{ "type": "Feature", "properties": { "ISO3": "SEN", "ISO2": "SN", "ISONUM": 686, "NAMEen": "Senegal", "NAMEfr": "Sénégal", "NAMEde": "Senegal", "REGION_BLOC": "CEDEAO", "REGION_UN": "Africa", "SUBREGION_UN": "Sub-Saharan Africa", "LAST_DEV": "TRUE", "AREA_2021": 196710.0, "FOREST_AREA_2021": 80281.6, "POP_2023": 17763163, "LIFE_EXP_2022": 67.913, "FERT_2022": 4.314, "HIV_2022": 0.3, "CO2_POP_2020": 0.649800561203009, "GNI_POP_2023": 4670, "INC_20P_2021": 7.3, "GDP_INDS_2023": 23.705355040302202, "HIG_TEC_EXP_2022": 2.2983846776095298, "MIL_EXP_2022": 1.57213470423859, "JamesBond": 0, "ARG_nacion": 36.0, "AUS_sydmor": 56.0, "BRA_oglobo": 47.0, "CAN_tostar": 141.0, "CHN_mopost": 25.0, "DEU_frankf": 64.0, "DZA_alnaha": 356.0, "EGY_alwafd": 144.0, "ESP_abc": 103.0, "FRA_lmonde": 3.0, "GBR_indept": 109.0, "IDN_republ": 98.0, "IND_tindia": 27.0, "IRN_hamsha": 45.0, "ITA_repubb": 145.0, "JPN_asahis": 82.0, "KEN_standa": 367.0, "MEX_inform": 71.0, "NGA_vangua": 532.0, "RUS_isvest": 56.0, "SAU_spa": 263.0, "TUR_sabah": 393.0, "USA_nytime": 110.0, "ZAF_times": 344.0, "mean": 150.70833333333334, "rnk": 101.0, "sd": 143.88294734342873, "min": 3.0, "Q1": 53.75, "Q2": 100.5, "Q3": 174.5, "max": 532.0, "nbsup0": 24, "nbsup10": 23, "nbsup100": 12 }, "geometry": { "type": "MultiPolygon", "coordinates": [ [ [ [ -1777493.663451937725767, -8176913.136559003032744 ], [ -1715966.7400499782525, -8349837.490655942820013 ], [ -1704112.907010972499847, -8460281.619354091584682 ], [ -1849787.105742101324722, -8440761.063188906759024 ], [ -2041023.659390081651509, -8354692.799270691350102 ], [ -2254045.561887096147984, -8299062.796224590390921 ], [ -2486353.702157839667052, -8272529.183064824901521 ], [ -2466635.810155102983117, -8193841.22367628198117 ], [ -2370593.831169807352126, -8214599.491904486902058 ], [ -2297014.242850618436933, -8196471.77351513504982 ], [ -2219415.301601493731141, -8204080.242037029005587 ], [ -2107877.792386419139802, -8265944.906336814165115 ], [ -2056056.646598721155897, -8267163.296611950732768 ], [ -2090733.25472760386765, -8238612.028527235612273 ], [ -2207066.719049285165966, -8181056.242534909397364 ], [ -2422669.671943379100412, -8146726.973821396008134 ], [ -2475389.240921198856086, -8007468.752814301289618 ], [ -2349962.649740391876549, -7911862.487229097634554 ], [ -2276129.469502163119614, -7855168.613902468234301 ], [ -2021943.571190650574863, -7907454.730283117853105 ], [ -1777493.663451937725767, -8176913.136559003032744 ] ] ] ] } },
{ "type": "Feature", "properties": { "ISO3": "SGP", "ISO2": "SG", "ISONUM": 702, "NAMEen": "Singapore", "NAMEfr": "Singapour", "NAMEde": "Singapur", "REGION_BLOC": "ASEAN", "REGION_UN": "Asia", "SUBREGION_UN": "South-eastern Asia", "LAST_DEV": "FALSE", "AREA_2021": 728.0, "FOREST_AREA_2021": 153.9, "POP_2023": 5917648, "LIFE_EXP_2022": 82.895121951219494, "FERT_2022": 1.04, "HIV_2022": null, "CO2_POP_2020": 7.6866837020672696, "GNI_POP_2023": 118710, "INC_20P_2021": null, "GDP_INDS_2023": 22.400361324657101, "HIG_TEC_EXP_2022": 25.0082209089692, "MIL_EXP_2022": 2.7705662677781602, "JamesBond": 0, "ARG_nacion": 188.0, "AUS_sydmor": 604.0, "BRA_oglobo": 347.0, "CAN_tostar": 217.0, "CHN_mopost": 3180.0, "DEU_frankf": 468.0, "DZA_alnaha": 57.0, "EGY_alwafd": 205.0, "ESP_abc": 249.0, "FRA_lmonde": 187.0, "GBR_indept": 283.0, "IDN_republ": 1508.0, "IND_tindia": 991.0, "IRN_hamsha": 212.0, "ITA_repubb": 407.0, "JPN_asahis": 601.0, "KEN_standa": 263.0, "MEX_inform": 272.0, "NGA_vangua": 236.0, "RUS_isvest": 98.0, "SAU_spa": 677.0, "TUR_sabah": 115.0, "USA_nytime": 343.0, "ZAF_times": 437.0, "mean": 506.04166666666669, "rnk": 51.0, "sd": 652.49031171662466, "min": 57.0, "Q1": 210.25, "Q2": 277.5, "Q3": 501.25, "max": 3180.0, "nbsup0": 24, "nbsup10": 24, "nbsup100": 22 }, "geometry": { "type": "MultiPolygon", "coordinates": [ [ [ [ 9546154.102544380351901, 2429302.525757605675608 ], [ 9565323.569891963154078, 2413447.312354049179703 ], [ 9580250.991020314395428, 2370306.268017306458205 ], [ 9583125.254823848605156, 2324684.96878765989095 ], [ 9571605.81559675373137, 2290582.68749344907701 ], [ 9546154.102544380351901, 2429302.525757605675608 ] ] ] ] } },
{ "type": "Feature", "properties": { "ISO3": "SLB", "ISO2": "SB", "ISONUM": 90, "NAMEen": "Solomon Islands", "NAMEfr": "Îles Salomon", "NAMEde": "Salomonen", "REGION_BLOC": null, "REGION_UN": "Oceania", "SUBREGION_UN": "Melanesia", "LAST_DEV": "TRUE", "AREA_2021": 28900.0, "FOREST_AREA_2021": 25222.4, "POP_2023": 740424, "LIFE_EXP_2022": 70.742, "FERT_2022": 3.925, "HIV_2022": null, "CO2_POP_2020": 0.32306554917526398, "GNI_POP_2023": 3080, "INC_20P_2021": 7.0, "GDP_INDS_2023": 18.656698892324599, "HIG_TEC_EXP_2022": 1.3592232547390199, "MIL_EXP_2022": null, "JamesBond": 0, "ARG_nacion": 3.0, "AUS_sydmor": 43.0, "BRA_oglobo": 11.0, "CAN_tostar": 15.0, "CHN_mopost": 20.0, "DEU_frankf": 9.0, "DZA_alnaha": 4.0, "EGY_alwafd": 6.0, "ESP_abc": 6.0, "FRA_lmonde": 20.0, "GBR_indept": 13.0, "IDN_republ": 0.0, "IND_tindia": 9.0, "IRN_hamsha": 0.0, "ITA_repubb": 6.0, "JPN_asahis": 0.0, "KEN_standa": 0.0, "MEX_inform": 18.0, "NGA_vangua": 0.0, "RUS_isvest": 18.0, "SAU_spa": 6.0, "TUR_sabah": 4.0, "USA_nytime": 7.0, "ZAF_times": 9.0, "mean": 9.4583333333333339, "rnk": 191.0, "sd": 9.6503172584327928, "min": 0.0, "Q1": 3.75, "Q2": 6.5, "Q3": 13.5, "max": 43.0, "nbsup0": 19, "nbsup10": 8, "nbsup100": 0 }, "geometry": { "type": "MultiPolygon", "coordinates": [ [ [ [ 3490769.423501950222999, 10549624.151682807132602 ], [ 3427057.027551190461963, 10619001.107150558382273 ], [ 3473068.820007472299039, 10635149.354136299341917 ], [ 3550478.626529375556856, 10587985.946519134566188 ], [ 3566654.51924960501492, 10540451.227431777864695 ], [ 3490769.423501950222999, 10549624.151682807132602 ] ] ], [ [ [ 3844691.096098891459405, 10347763.993008410558105 ], [ 3753461.008975910954177, 10363681.105887986719608 ], [ 3641068.197880297899246, 10447853.139620345085859 ], [ 3630572.166650937870145, 10498223.011136395856738 ], [ 3728650.582949452567846, 10472503.535165647044778 ], [ 3821169.383715980686247, 10405593.55054073035717 ], [ 3844691.096098891459405, 10347763.993008410558105 ] ] ], [ [ [ 3593212.21293761394918, 10318570.375534797087312 ], [ 3526721.786480466835201, 10365676.479757759720087 ], [ 3529075.486296719871461, 10475012.634815460070968 ], [ 3609815.858582393266261, 10405686.320472607389092 ], [ 3593212.21293761394918, 10318570.375534797087312 ] ] ], [ [ [ 3956274.460078733973205, 10093126.506996802985668 ], [ 3690442.493795105721802, 10274757.723016031086445 ], [ 3705496.073592085391283, 10319386.559403948485851 ], [ 3928810.733520133886486, 10160377.299746023491025 ], [ 3956274.460078733973205, 10093126.506996802985668 ] ] ] ] } },
{ "type": "Feature", "properties": { "ISO3": "SLE", "ISO2": "SL", "ISONUM": 694, "NAMEen": "Sierra Leone", "NAMEfr": "Sierra Leone", "NAMEde": "Sierra Leone", "REGION_BLOC": "CEDEAO", "REGION_UN": "Africa", "SUBREGION_UN": "Sub-Saharan Africa", "LAST_DEV": "TRUE", "AREA_2021": 72300.0, "FOREST_AREA_2021": 25151.5, "POP_2023": 8791092, "LIFE_EXP_2022": 60.411, "FERT_2022": 3.876, "HIV_2022": 1.4, "CO2_POP_2020": 0.127277607278142, "GNI_POP_2023": 2130, "INC_20P_2021": 7.9, "GDP_INDS_2023": 7.7678395426769198, "HIG_TEC_EXP_2022": 0.735504279921668, "MIL_EXP_2022": 0.59979294017908502, "JamesBond": 0, "ARG_nacion": 86.0, "AUS_sydmor": 53.0, "BRA_oglobo": 66.0, "CAN_tostar": 162.0, "CHN_mopost": 47.0, "DEU_frankf": 55.0, "DZA_alnaha": 68.0, "EGY_alwafd": 43.0, "ESP_abc": 123.0, "FRA_lmonde": 106.0, "GBR_indept": 100.0, "IDN_republ": 74.0, "IND_tindia": 54.0, "IRN_hamsha": 48.0, "ITA_repubb": 129.0, "JPN_asahis": 0.0, "KEN_standa": 271.0, "MEX_inform": 127.0, "NGA_vangua": 428.0, "RUS_isvest": 14.0, "SAU_spa": 84.0, "TUR_sabah": 14.0, "USA_nytime": 103.0, "ZAF_times": 289.0, "mean": 106.0, "rnk": 119.0, "sd": 97.997781696277713, "min": 0.0, "Q1": 51.75, "Q2": 79.0, "Q3": 124.0, "max": 428.0, "nbsup0": 23, "nbsup10": 23, "nbsup100": 9 }, "geometry": { "type": "MultiPolygon", "coordinates": [ [ [ [ -1617847.543699459172785, -8918156.449467368423939 ], [ -1684223.032006429042667, -8986391.741633620113134 ], [ -1837763.195532351965085, -9052151.429964654147625 ], [ -1988983.328902929788455, -8966849.694752560928464 ], [ -2071081.136612966191024, -8859512.20446047000587 ], [ -2071104.46247818809934, -8760639.790555909276009 ], [ -1930077.742212369339541, -8700033.925752505660057 ], [ -1739083.065503872465342, -8724920.599144738167524 ], [ -1617847.543699459172785, -8918156.449467368423939 ] ] ] ] } },
{ "type": "Feature", "properties": { "ISO3": "SLV", "ISO2": "SV", "ISONUM": 222, "NAMEen": "El Salvador", "NAMEfr": "Salvador", "NAMEde": "El Salvador", "REGION_BLOC": null, "REGION_UN": "Americas", "SUBREGION_UN": "Latin America and the Caribbean", "LAST_DEV": "FALSE", "AREA_2021": 21040.0, "FOREST_AREA_2021": 5793.8, "POP_2023": 6364943, "LIFE_EXP_2022": 71.475, "FERT_2022": 1.785, "HIV_2022": 0.5, "CO2_POP_2020": 1.0132802435063599, "GNI_POP_2023": 11750, "INC_20P_2021": 5.6, "GDP_INDS_2023": 24.9541534154015, "HIG_TEC_EXP_2022": 7.8463333534821702, "MIL_EXP_2022": 1.3203941020949701, "JamesBond": 0, "ARG_nacion": 331.0, "AUS_sydmor": 17.0, "BRA_oglobo": 120.0, "CAN_tostar": 102.0, "CHN_mopost": 27.0, "DEU_frankf": 25.0, "DZA_alnaha": 13.0, "EGY_alwafd": 23.0, "ESP_abc": 157.0, "FRA_lmonde": 109.0, "GBR_indept": 60.0, "IDN_republ": 22.0, "IND_tindia": 14.0, "IRN_hamsha": 55.0, "ITA_repubb": 34.0, "JPN_asahis": 0.0, "KEN_standa": 13.0, "MEX_inform": 390.0, "NGA_vangua": 4.0, "RUS_isvest": 20.0, "SAU_spa": 25.0, "TUR_sabah": 29.0, "USA_nytime": 124.0, "ZAF_times": 19.0, "mean": 72.208333333333329, "rnk": 133.0, "sd": 99.224812450299453, "min": 0.0, "Q1": 18.5, "Q2": 26.0, "Q3": 103.75, "max": 390.0, "nbsup0": 23, "nbsup10": 22, "nbsup100": 7 }, "geometry": { "type": "MultiPolygon", "coordinates": [ [ [ [ -8407129.263288034126163, -93674.580810083032702 ], [ -8467168.620736829936504, -222191.504403835569974 ], [ -8467283.090490968897939, -339547.110278041451238 ], [ -8513094.302893303334713, -324485.400449625682086 ], [ -8535203.466844040900469, -180921.989766503771534 ], [ -8483602.555192982777953, 13767.518732277256277 ], [ -8407129.263288034126163, -93674.580810083032702 ] ] ] ] } },
{ "type": "Feature", "properties": { "ISO3": "SMR", "ISO2": "SM", "ISONUM": 674, "NAMEen": "San Marino", "NAMEfr": "Saint-Marin", "NAMEde": "San Marino", "REGION_BLOC": null, "REGION_UN": "Europe", "SUBREGION_UN": "Southern Europe", "LAST_DEV": "FALSE", "AREA_2021": 60.0, "FOREST_AREA_2021": 10.0, "POP_2023": 33642, "LIFE_EXP_2022": null, "FERT_2022": 1.26, "HIV_2022": null, "CO2_POP_2020": null, "GNI_POP_2023": 59020, "INC_20P_2021": null, "GDP_INDS_2023": 36.635558162335201, "HIG_TEC_EXP_2022": null, "MIL_EXP_2022": null, "JamesBond": 0, "ARG_nacion": 0.0, "AUS_sydmor": 3.0, "BRA_oglobo": 12.0, "CAN_tostar": 0.0, "CHN_mopost": 7.0, "DEU_frankf": 49.0, "DZA_alnaha": 0.0, "EGY_alwafd": 9.0, "ESP_abc": 6.0, "FRA_lmonde": 7.0, "GBR_indept": 28.0, "IDN_republ": 17.0, "IND_tindia": 3.0, "IRN_hamsha": 0.0, "ITA_repubb": 317.0, "JPN_asahis": 0.0, "KEN_standa": 4.0, "MEX_inform": 0.0, "NGA_vangua": 8.0, "RUS_isvest": 2.0, "SAU_spa": 17.0, "TUR_sabah": 9.0, "USA_nytime": 0.0, "ZAF_times": 16.0, "mean": 21.416666666666668, "rnk": 177.0, "sd": 63.943532607440766, "min": 0.0, "Q1": 0.0, "Q2": 6.5, "Q3": 13.0, "max": 317.0, "nbsup0": 17, "nbsup10": 7, "nbsup100": 1 }, "geometry": { "type": "MultiPolygon", "coordinates": [ [ [ [ 1102710.391358427237719, -5018185.626406019553542 ], [ 1102823.860148372128606, -5013434.454053614288568 ], [ 1106575.706195550039411, -5009289.731725010089576 ], [ 1110945.407473222119734, -5008647.952093950472772 ], [ 1113183.26095683965832, -5012958.810147883370519 ], [ 1112035.979805673006922, -5018128.632978066802025 ], [ 1106862.857253761729226, -5020391.787968880496919 ], [ 1102710.391358427237719, -5018185.626406019553542 ] ] ] ] } },
{ "type": "Feature", "properties": { "ISO3": "SOM", "ISO2": "SO", "ISONUM": 706, "NAMEen": "Somalia", "NAMEfr": "Somalie", "NAMEde": "Somalia", "REGION_BLOC": "COMESA, Arab League", "REGION_UN": "Africa", "SUBREGION_UN": "Sub-Saharan Africa", "LAST_DEV": "TRUE", "AREA_2021": 637660.0, "FOREST_AREA_2021": 59032.5, "POP_2023": 18143378, "LIFE_EXP_2022": 56.107, "FERT_2022": 6.202, "HIV_2022": null, "CO2_POP_2020": 0.039934653265135601, "GNI_POP_2023": 1610, "INC_20P_2021": null, "GDP_INDS_2023": 9.6564283648058193, "HIG_TEC_EXP_2022": null, "MIL_EXP_2022": 1.5299921355544399, "JamesBond": 0, "ARG_nacion": 26.0, "AUS_sydmor": 131.0, "BRA_oglobo": 125.0, "CAN_tostar": 320.0, "CHN_mopost": 76.0, "DEU_frankf": 164.0, "DZA_alnaha": 669.0, "EGY_alwafd": 461.0, "ESP_abc": 141.0, "FRA_lmonde": 296.0, "GBR_indept": 129.0, "IDN_republ": 236.0, "IND_tindia": 101.0, "IRN_hamsha": 84.0, "ITA_repubb": 247.0, "JPN_asahis": 136.0, "KEN_standa": 2655.0, "MEX_inform": 205.0, "NGA_vangua": 290.0, "RUS_isvest": 76.0, "SAU_spa": 388.0, "TUR_sabah": 205.0, "USA_nytime": 277.0, "ZAF_times": 591.0, "mean": 334.54166666666669, "rnk": 70.0, "sd": 519.97834228867202, "min": 26.0, "Q1": 128.0, "Q2": 205.0, "Q3": 302.0, "max": 2655.0, "nbsup0": 24, "nbsup10": 24, "nbsup100": 20 }, "geometry": { "type": "MultiPolygon", "coordinates": [ [ [ [ 5983227.692431712523103, -6433377.720287213101983 ], [ 5981670.097005215473473, -6360763.629580916836858 ], [ 6175052.209527793340385, -6333500.505224862135947 ], [ 6253828.756731813773513, -6262127.756808470934629 ], [ 6303618.559039914049208, -6139943.305149175226688 ], [ 6391863.345672147348523, -6076736.48192847147584 ], [ 6449479.119098033756018, -5937485.799506727606058 ], [ 6603593.069198064506054, -5752747.811205343343318 ], [ 6706324.185562420636415, -5573964.134530565701425 ], [ 6723279.766395080834627, -5483790.63743164204061 ], [ 6783856.569987964816391, -5436313.541171169839799 ], [ 6882253.410789938643575, -5538198.61449699383229 ], [ 6944593.779398330487311, -5655734.847186512313783 ], [ 6971237.080078382976353, -5882387.202996318228543 ], [ 7039671.254540109075606, -6111700.638541121967137 ], [ 7060927.42998718470335, -6369189.710471947677433 ], [ 7004068.781212448142469, -6757368.122955144383013 ], [ 6895761.260935326106846, -7004924.816948709078133 ], [ 6833593.088339830748737, -7209259.513160630129278 ], [ 6767054.130779045633972, -7494267.278151260688901 ], [ 6756461.291375800967216, -7627373.660253209993243 ], [ 6622356.728060897439718, -7623589.664527909830213 ], [ 6353311.403814257122576, -7317572.591106500476599 ], [ 6384073.812950676307082, -7118910.251265745609999 ], [ 6563735.655593738891184, -6804316.882291367277503 ], [ 6681600.554868379607797, -6695252.700880002230406 ], [ 6725566.740011520683765, -6399319.770573414862156 ], [ 6773548.321523701772094, -6103390.92994808871299 ], [ 6666004.44479507394135, -6220668.971241072751582 ], [ 6260399.809519675560296, -6477434.57794101908803 ], [ 6159177.509369948878884, -6508814.938385846093297 ], [ 5979585.249306356534362, -6491997.566720671020448 ], [ 5983227.692431712523103, -6433377.720287213101983 ] ] ] ] } },
{ "type": "Feature", "properties": { "ISO3": "SRB", "ISO2": "RS", "ISONUM": 688, "NAMEen": "Serbia", "NAMEfr": "Serbie", "NAMEde": "Serbien", "REGION_BLOC": null, "REGION_UN": "Europe", "SUBREGION_UN": "Southern Europe", "LAST_DEV": "FALSE", "AREA_2021": 84990.0, "FOREST_AREA_2021": 27229.4, "POP_2023": 6618026, "LIFE_EXP_2022": 75.482195121951193, "FERT_2022": 1.63, "HIV_2022": 0.1, "CO2_POP_2020": 6.7145171721751398, "GNI_POP_2023": 25880, "INC_20P_2021": 7.1, "GDP_INDS_2023": 26.358279606072099, "HIG_TEC_EXP_2022": 4.5452146782086498, "MIL_EXP_2022": 2.2789988129115302, "JamesBond": 1, "ARG_nacion": 180.0, "AUS_sydmor": 56.0, "BRA_oglobo": 93.0, "CAN_tostar": 129.0, "CHN_mopost": 48.0, "DEU_frankf": 263.0, "DZA_alnaha": 124.0, "EGY_alwafd": 149.0, "ESP_abc": 192.0, "FRA_lmonde": 173.0, "GBR_indept": 122.0, "IDN_republ": 125.0, "IND_tindia": 106.0, "IRN_hamsha": 142.0, "ITA_repubb": 368.0, "JPN_asahis": 83.0, "KEN_standa": 29.0, "MEX_inform": 146.0, "NGA_vangua": 83.0, "RUS_isvest": 475.0, "SAU_spa": 106.0, "TUR_sabah": 313.0, "USA_nytime": 121.0, "ZAF_times": 68.0, "mean": 153.91666666666666, "rnk": 100.0, "sd": 105.39033726298534, "min": 29.0, "Q1": 90.5, "Q2": 124.5, "Q3": 174.75, "max": 475.0, "nbsup0": 24, "nbsup10": 24, "nbsup100": 17 }, "geometry": { "type": "MultiPolygon", "coordinates": [ [ [ [ 1693275.324508310295641, -4591593.998068877495825 ], [ 1833502.078473740490153, -4686116.986615503206849 ], [ 1968499.435161813162267, -4707778.622169569134712 ], [ 1958116.574366256128997, -4762665.021790570579469 ], [ 2036936.660108528332785, -4803064.338285402394831 ], [ 2020868.153804857051, -4916377.977444173768163 ], [ 1956412.355836745351553, -4950402.272752063348889 ], [ 1956272.076450864551589, -4899859.590882954187691 ], [ 1851989.465902017662302, -4870420.241732705384493 ], [ 1828235.097314572660252, -4930364.474935284815729 ], [ 1703149.28173078969121, -4892058.330706478096545 ], [ 1702354.677294397726655, -4836683.638168051838875 ], [ 1673573.804714488331228, -4794941.045271323993802 ], [ 1668031.28216278553009, -4744912.023883812129498 ], [ 1639557.47614804469049, -4757352.902586214244366 ], [ 1591682.815138563280925, -4648579.366620955988765 ], [ 1693275.324508310295641, -4591593.998068877495825 ] ] ] ] } },
{ "type": "Feature", "properties": { "ISO3": "SSD", "ISO2": "SS", "ISONUM": 728, "NAMEen": "South Sudan", "NAMEfr": "Soudan du Sud", "NAMEde": "Südsudan", "REGION_BLOC": null, "REGION_UN": "Africa", "SUBREGION_UN": "Sub-Saharan Africa", "LAST_DEV": "TRUE", "AREA_2021": 646883.0, "FOREST_AREA_2021": 71570.0, "POP_2023": 11088796, "LIFE_EXP_2022": 55.567, "FERT_2022": 4.337, "HIV_2022": 1.9, "CO2_POP_2020": 0.16430913651008999, "GNI_POP_2023": 1010, "INC_20P_2021": 4.8, "GDP_INDS_2023": 33.094535399322098, "HIG_TEC_EXP_2022": null, "MIL_EXP_2022": 3.0210780434718001, "JamesBond": 0, "ARG_nacion": 29.0, "AUS_sydmor": 123.0, "BRA_oglobo": 116.0, "CAN_tostar": 292.0, "CHN_mopost": 104.0, "DEU_frankf": 114.0, "DZA_alnaha": 436.0, "EGY_alwafd": 572.0, "ESP_abc": 75.0, "FRA_lmonde": 330.0, "GBR_indept": 102.0, "IDN_republ": 93.0, "IND_tindia": 89.0, "IRN_hamsha": 81.0, "ITA_repubb": 370.0, "JPN_asahis": 0.0, "KEN_standa": 2708.0, "MEX_inform": 198.0, "NGA_vangua": 320.0, "RUS_isvest": 36.0, "SAU_spa": 416.0, "TUR_sabah": 50.0, "USA_nytime": 244.0, "ZAF_times": 890.0, "mean": 324.5, "rnk": 71.0, "sd": 548.39259183782622, "min": 0.0, "Q1": 87.0, "Q2": 119.5, "Q3": 340.0, "max": 2708.0, "nbsup0": 23, "nbsup10": 23, "nbsup100": 16 }, "geometry": { "type": "MultiPolygon", "coordinates": [ [ [ [ 5017533.849647428840399, -7419036.649723810143769 ], [ 5066957.474980449303985, -7520345.292558069340885 ], [ 4964376.188762014731765, -7593858.224334037862718 ], [ 4984484.201308559626341, -7660409.63435738813132 ], [ 5081863.593405787833035, -7615307.783000235445797 ], [ 5280530.234911641106009, -7616530.317130238749087 ], [ 5393510.924329937435687, -7674570.363918866030872 ], [ 5508531.065173462964594, -7635207.317750120535493 ], [ 5568158.316625745035708, -7686222.948212595656514 ], [ 5473286.956355269998312, -7698362.134875262156129 ], [ 5328947.063285129144788, -7907310.798989637754858 ], [ 5294654.212952386587858, -7989466.635537103749812 ], [ 5118734.645885440520942, -8136424.651009258814156 ], [ 5045549.115953674539924, -8143671.198769176378846 ], [ 4929521.257451023906469, -8256387.733743214979768 ], [ 4664835.634410055354238, -8259320.019753532484174 ], [ 4532799.321826498955488, -8381790.5304044932127 ], [ 4350906.543727144598961, -8378961.101792124100029 ], [ 4269216.6188362268731, -8334241.695765886455774 ], [ 4158876.797293115407228, -8348329.914641014300287 ], [ 4116914.462175543885678, -8301469.87579510640353 ], [ 3936462.804094414692372, -8305117.940775162540376 ], [ 3701874.143637180328369, -8248465.513699781149626 ], [ 3748578.537472869735211, -8203345.45437325257808 ], [ 3757736.74894655495882, -8027714.490502670407295 ], [ 3857736.230535329319537, -7964831.671444829553366 ], [ 4001037.824533899780363, -8004936.758382190018892 ], [ 4183015.862345647532493, -7901985.573049425147474 ], [ 4327739.364379333332181, -7857880.34434580989182 ], [ 4434835.665649433620274, -7677343.85616594646126 ], [ 4563364.813275060616434, -7670550.642600459977984 ], [ 4624960.115417302586138, -7626254.461747190915048 ], [ 4706312.809524164535105, -7411937.771614139899611 ], [ 4607548.293816053308547, -7350131.002720327116549 ], [ 4738467.993811872787774, -7238596.095619323663414 ], [ 4817808.14537413045764, -7367408.453400907106698 ], [ 4950184.528965107165277, -7366069.751055086031556 ], [ 5017533.849647428840399, -7419036.649723810143769 ] ] ] ] } },
{ "type": "Feature", "properties": { "ISO3": "STP", "ISO2": "ST", "ISONUM": 678, "NAMEen": "Sao Tome and Principe", "NAMEfr": "Sao Tomé-et-Principe", "NAMEde": "Sao Tome und Principe", "REGION_BLOC": null, "REGION_UN": "Africa", "SUBREGION_UN": "Sub-Saharan Africa", "LAST_DEV": "TRUE", "AREA_2021": 960.0, "FOREST_AREA_2021": 512.8, "POP_2023": 231856, "LIFE_EXP_2022": 68.794, "FERT_2022": 3.751, "HIV_2022": 0.4, "CO2_POP_2020": 0.64535014018413706, "GNI_POP_2023": 6140, "INC_20P_2021": 6.4, "GDP_INDS_2023": 4.3602414481562004, "HIG_TEC_EXP_2022": 5.2942938181561896, "MIL_EXP_2022": null, "JamesBond": 0, "ARG_nacion": 0.0, "AUS_sydmor": 0.0, "BRA_oglobo": 3.0, "CAN_tostar": 0.0, "CHN_mopost": 3.0, "DEU_frankf": 3.0, "DZA_alnaha": 9.0, "EGY_alwafd": 0.0, "ESP_abc": 3.0, "FRA_lmonde": 6.0, "GBR_indept": 0.0, "IDN_republ": 0.0, "IND_tindia": 0.0, "IRN_hamsha": 0.0, "ITA_repubb": 0.0, "JPN_asahis": 0.0, "KEN_standa": 0.0, "MEX_inform": 0.0, "NGA_vangua": 9.0, "RUS_isvest": 0.0, "SAU_spa": 3.0, "TUR_sabah": 0.0, "USA_nytime": 0.0, "ZAF_times": 4.0, "mean": 1.7916666666666667, "rnk": 201.0, "sd": 2.8126912173322491, "min": 0.0, "Q1": 0.0, "Q2": 0.0, "Q3": 3.0, "max": 9.0, "nbsup0": 9, "nbsup10": 0, "nbsup100": 0 }, "geometry": { "type": "MultiPolygon", "coordinates": [ [ [ [ 1163472.249781637219712, -9926152.448589898645878 ], [ 1129030.69774852739647, -9924935.220917401835322 ], [ 1110855.502036757068709, -9908825.205370120704174 ], [ 1118105.511281947372481, -9888955.198597395792603 ], [ 1153097.780798197956756, -9876451.402655826881528 ], [ 1197263.473898729775101, -9877448.477637737989426 ], [ 1206897.836530468426645, -9896516.604335736483335 ], [ 1191829.916597523028031, -9913444.052209299057722 ], [ 1163472.249781637219712, -9926152.448589898645878 ] ] ] ] } },
{ "type": "Feature", "properties": { "ISO3": "SUR", "ISO2": "SR", "ISONUM": 740, "NAMEen": "Suriname", "NAMEfr": "Suriname", "NAMEde": "Suriname", "REGION_BLOC": null, "REGION_UN": "Americas", "SUBREGION_UN": "Latin America and the Caribbean", "LAST_DEV": "FALSE", "AREA_2021": 163820.0, "FOREST_AREA_2021": 151840.433, "POP_2023": 623236, "LIFE_EXP_2022": 70.289, "FERT_2022": 2.322, "HIV_2022": 1.6, "CO2_POP_2020": 4.2850765568761204, "GNI_POP_2023": 19330, "INC_20P_2021": 5.9, "GDP_INDS_2023": 44.769326087803499, "HIG_TEC_EXP_2022": 11.351168160376799, "MIL_EXP_2022": null, "JamesBond": 0, "ARG_nacion": 2.0, "AUS_sydmor": 4.0, "BRA_oglobo": 7.0, "CAN_tostar": 6.0, "CHN_mopost": 3.0, "DEU_frankf": 6.0, "DZA_alnaha": 0.0, "EGY_alwafd": 0.0, "ESP_abc": 3.0, "FRA_lmonde": 3.0, "GBR_indept": 0.0, "IDN_republ": 0.0, "IND_tindia": 1.0, "IRN_hamsha": 0.0, "ITA_repubb": 0.0, "JPN_asahis": 0.0, "KEN_standa": 0.0, "MEX_inform": 8.0, "NGA_vangua": 4.0, "RUS_isvest": 1.0, "SAU_spa": 12.0, "TUR_sabah": 6.0, "USA_nytime": 17.0, "ZAF_times": 0.0, "mean": 3.4583333333333335, "rnk": 197.5, "sd": 4.3336817028306625, "min": 0.0, "Q1": 0.0, "Q2": 2.5, "Q3": 6.0, "max": 17.0, "nbsup0": 15, "nbsup10": 2, "nbsup100": 0 }, "geometry": { "type": "MultiPolygon", "coordinates": [ [ [ [ -7629771.207056601531804, -5508643.4500219989568 ], [ -7698778.790207715705037, -5495110.842734719626606 ], [ -7782947.829826339147985, -5654013.816145466640592 ], [ -7944713.942838599905372, -5642823.593919054605067 ], [ -7960701.703957349061966, -5578580.296322829090059 ], [ -8089220.429782864637673, -5432287.804897727444768 ], [ -8152103.08142030145973, -5396902.687499791383743 ], [ -8098847.765135449357331, -5047427.267501393333077 ], [ -7901737.43219930306077, -5083022.58657780662179 ], [ -7830350.153284350410104, -5080298.715239311568439 ], [ -7578801.892738725990057, -5495984.52225629799068 ], [ -7629771.207056601531804, -5508643.4500219989568 ] ] ] ] } },
{ "type": "Feature", "properties": { "ISO3": "SVK", "ISO2": "SK", "ISONUM": 703, "NAMEen": "Slovakia", "NAMEfr": "Slovaquie", "NAMEde": "Slowakei", "REGION_BLOC": "EU", "REGION_UN": "Europe", "SUBREGION_UN": "Eastern Europe", "LAST_DEV": "FALSE", "AREA_2021": 49030.0, "FOREST_AREA_2021": 19259.0, "POP_2023": 5426740, "LIFE_EXP_2022": 77.065853658536597, "FERT_2022": 1.57, "HIV_2022": 0.1, "CO2_POP_2020": 5.31905480792852, "GNI_POP_2023": 43500, "INC_20P_2021": 9.1, "GDP_INDS_2023": 32.720225119866399, "HIG_TEC_EXP_2022": 8.3921307458659005, "MIL_EXP_2022": 1.75731102032193, "JamesBond": 1, "ARG_nacion": 16.0, "AUS_sydmor": 24.0, "BRA_oglobo": 32.0, "CAN_tostar": 92.0, "CHN_mopost": 17.0, "DEU_frankf": 157.0, "DZA_alnaha": 19.0, "EGY_alwafd": 88.0, "ESP_abc": 58.0, "FRA_lmonde": 136.0, "GBR_indept": 112.0, "IDN_republ": 0.0, "IND_tindia": 30.0, "IRN_hamsha": 41.0, "ITA_repubb": 205.0, "JPN_asahis": 11.0, "KEN_standa": 29.0, "MEX_inform": 25.0, "NGA_vangua": 38.0, "RUS_isvest": 2795.0, "SAU_spa": 55.0, "TUR_sabah": 135.0, "USA_nytime": 51.0, "ZAF_times": 27.0, "mean": 174.70833333333334, "rnk": 98.0, "sd": 560.646248163412, "min": 0.0, "Q1": 24.75, "Q2": 39.5, "Q3": 97.0, "max": 2795.0, "nbsup0": 23, "nbsup10": 23, "nbsup100": 6 }, "geometry": { "type": "MultiPolygon", "coordinates": [ [ [ [ 1749602.111345927696675, -4215662.082362147979438 ], [ 1747589.363079319475219, -4296727.000084918923676 ], [ 1618337.498265039175749, -4332664.266392141580582 ], [ 1588071.30128485430032, -4390758.56327012181282 ], [ 1442245.743597039021552, -4485153.173038507811725 ], [ 1380746.755337860900909, -4474751.295818724669516 ], [ 1345457.131936601130292, -4415936.876748692244291 ], [ 1457696.062759218970314, -4273835.72047501988709 ], [ 1537165.233631922630593, -4281884.790161445736885 ], [ 1683875.830156723270193, -4205821.603902633301914 ], [ 1749602.111345927696675, -4215662.082362147979438 ] ] ] ] } },
{ "type": "Feature", "properties": { "ISO3": "SVN", "ISO2": "SI", "ISONUM": 705, "NAMEen": "Slovenia", "NAMEfr": "Slovénie", "NAMEde": "Slowenien", "REGION_BLOC": "EU", "REGION_UN": "Europe", "SUBREGION_UN": "Southern Europe", "LAST_DEV": "FALSE", "AREA_2021": 20480.0, "FOREST_AREA_2021": 12357.933, "POP_2023": 2120937, "LIFE_EXP_2022": 81.282926829268305, "FERT_2022": 1.55, "HIV_2022": 0.1, "CO2_POP_2020": 5.9347351788582596, "GNI_POP_2023": 54130, "INC_20P_2021": 10.2, "GDP_INDS_2023": 29.1264604749773, "HIG_TEC_EXP_2022": 8.47456714082095, "MIL_EXP_2022": 1.1879860151950099, "JamesBond": 0, "ARG_nacion": 33.0, "AUS_sydmor": 26.0, "BRA_oglobo": 21.0, "CAN_tostar": 62.0, "CHN_mopost": 15.0, "DEU_frankf": 143.0, "DZA_alnaha": 52.0, "EGY_alwafd": 89.0, "ESP_abc": 82.0, "FRA_lmonde": 96.0, "GBR_indept": 97.0, "IDN_republ": 0.0, "IND_tindia": 22.0, "IRN_hamsha": 54.0, "ITA_repubb": 175.0, "JPN_asahis": 23.0, "KEN_standa": 15.0, "MEX_inform": 33.0, "NGA_vangua": 19.0, "RUS_isvest": 52.0, "SAU_spa": 58.0, "TUR_sabah": 107.0, "USA_nytime": 63.0, "ZAF_times": 20.0, "mean": 56.541666666666664, "rnk": 142.0, "sd": 43.781055230561186, "min": 0.0, "Q1": 21.75, "Q2": 52.0, "Q3": 83.75, "max": 175.0, "nbsup0": 23, "nbsup10": 23, "nbsup100": 3 }, "geometry": { "type": "MultiPolygon", "coordinates": [ [ [ [ 1378748.000206235097721, -4650014.633861892856658 ], [ 1320920.914664336014539, -4698651.758284932933748 ], [ 1323781.265425306512043, -4730225.912778033874929 ], [ 1309291.359051686478779, -4750437.485436283051968 ], [ 1314957.18076667864807, -4786688.758452072739601 ], [ 1235493.649999920045957, -4793830.989973110146821 ], [ 1166056.729731942526996, -4823757.912822385318577 ], [ 1173040.713860974414274, -4810125.241759638302028 ], [ 1165326.327421488938853, -4776812.284531697630882 ], [ 1142249.634249079972506, -4745705.543300756253302 ], [ 1147748.503998272819445, -4710287.942758150398731 ], [ 1221110.557984919520095, -4708010.083032703958452 ], [ 1333395.1929937209934, -4621461.679521542042494 ], [ 1378748.000206235097721, -4650014.633861892856658 ] ] ] ] } },
{ "type": "Feature", "properties": { "ISO3": "SWE", "ISO2": "SE", "ISONUM": 752, "NAMEen": "Sweden", "NAMEfr": "Suède", "NAMEde": "Schweden", "REGION_BLOC": "EU", "REGION_UN": "Europe", "SUBREGION_UN": "Northern Europe", "LAST_DEV": "FALSE", "AREA_2021": 528860.72, "FOREST_AREA_2021": 279800.0, "POP_2023": 10536632, "LIFE_EXP_2022": 83.109756097561004, "FERT_2022": 1.52, "HIV_2022": null, "CO2_POP_2020": 3.24298914312747, "GNI_POP_2023": 72990, "INC_20P_2021": 7.8, "GDP_INDS_2023": 22.779159370807001, "HIG_TEC_EXP_2022": 16.839925296087401, "MIL_EXP_2022": 1.30746311852624, "JamesBond": 0, "ARG_nacion": 235.0, "AUS_sydmor": 498.0, "BRA_oglobo": 420.0, "CAN_tostar": 916.0, "CHN_mopost": 408.0, "DEU_frankf": 859.0, "DZA_alnaha": 253.0, "EGY_alwafd": 354.0, "ESP_abc": 660.0, "FRA_lmonde": 635.0, "GBR_indept": 1091.0, "IDN_republ": 350.0, "IND_tindia": 485.0, "IRN_hamsha": 484.0, "ITA_repubb": 840.0, "JPN_asahis": 273.0, "KEN_standa": 440.0, "MEX_inform": 248.0, "NGA_vangua": 358.0, "RUS_isvest": 608.0, "SAU_spa": 241.0, "TUR_sabah": 735.0, "USA_nytime": 740.0, "ZAF_times": 550.0, "mean": 528.375, "rnk": 48.0, "sd": 239.07299458351719, "min": 235.0, "Q1": 353.0, "Q2": 484.5, "Q3": 678.75, "max": 1091.0, "nbsup0": 24, "nbsup10": 24, "nbsup100": 24 }, "geometry": { "type": "MultiPolygon", "coordinates": [ [ [ [ 1104754.120995138771832, -2462430.010516355745494 ], [ 1016550.671578176086769, -2534688.076393980998546 ], [ 1034721.778437569737434, -2725863.335770566482097 ], [ 978168.263749363599345, -2796217.923932572361082 ], [ 932842.290734359878115, -2957043.395566798280925 ], [ 955567.105161199229769, -3093103.530949505977333 ], [ 1100103.365478334249929, -3187339.714825014118105 ], [ 1087815.992395683657378, -3267369.317083619069308 ], [ 1011869.097651021671481, -3353731.900292245205492 ], [ 1042310.712771510821767, -3476632.836107064038515 ], [ 1033537.272141122375615, -3639895.141566016711295 ], [ 957535.864301328081638, -3653598.05674470635131 ], [ 954167.968740503187291, -3726214.029949369840324 ], [ 888157.520084177609533, -3762882.272858363110572 ], [ 688118.259889228153042, -3465187.945522968657315 ], [ 686158.061221532407217, -3391503.796331552322954 ], [ 722393.517260060529225, -3255562.982815860304981 ], [ 619477.981283803121187, -2916310.545202758163214 ], [ 638191.569724963745102, -2836058.281581769231707 ], [ 698851.585283705499023, -2815615.866100143641233 ], [ 669157.06844246329274, -2756958.833910007961094 ], [ 690502.603238724637777, -2667231.622231431305408 ], [ 669122.702753039775416, -2579774.325344281736761 ], [ 723951.391610813443549, -2457310.825476352125406 ], [ 700107.185996359214187, -2421278.075003995094448 ], [ 747331.416699310997501, -2276792.033249223139137 ], [ 823935.100147657329217, -2272252.309915341436863 ], [ 824365.838293602224439, -2190500.346773216500878 ], [ 984556.326585252769291, -2264448.321412640158087 ], [ 1104754.120995138771832, -2462430.010516355745494 ] ] ] ] } },
{ "type": "Feature", "properties": { "ISO3": "SWZ", "ISO2": "SZ", "ISONUM": 748, "NAMEen": "Eswatini", "NAMEfr": "Eswatini", "NAMEde": "Eswatini", "REGION_BLOC": "COMESA, SADC", "REGION_UN": "Africa", "SUBREGION_UN": "Sub-Saharan Africa", "LAST_DEV": "FALSE", "AREA_2021": 17360.0, "FOREST_AREA_2021": 4987.7, "POP_2023": 1210822, "LIFE_EXP_2022": 56.36, "FERT_2022": 2.785, "HIV_2022": 25.9, "CO2_POP_2020": 0.97208752768590301, "GNI_POP_2023": 10950, "INC_20P_2021": 3.7, "GDP_INDS_2023": 33.4792483267588, "HIG_TEC_EXP_2022": 0.32544562113247799, "MIL_EXP_2022": 1.64512139394137, "JamesBond": 0, "ARG_nacion": 4.0, "AUS_sydmor": 3.0, "BRA_oglobo": 0.0, "CAN_tostar": 26.0, "CHN_mopost": 5.0, "DEU_frankf": 3.0, "DZA_alnaha": 0.0, "EGY_alwafd": 0.0, "ESP_abc": 6.0, "FRA_lmonde": 4.0, "GBR_indept": 5.0, "IDN_republ": 7.0, "IND_tindia": 0.0, "IRN_hamsha": 0.0, "ITA_repubb": 0.0, "JPN_asahis": 4.0, "KEN_standa": 29.0, "MEX_inform": 0.0, "NGA_vangua": 72.0, "RUS_isvest": 0.0, "SAU_spa": 0.0, "TUR_sabah": 1.0, "USA_nytime": 1.0, "ZAF_times": 208.0, "mean": 15.75, "rnk": 185.0, "sd": 43.844835103092713, "min": 0.0, "Q1": 0.0, "Q2": 3.0, "Q3": 5.25, "max": 208.0, "nbsup0": 15, "nbsup10": 4, "nbsup100": 1 }, "geometry": { "type": "MultiPolygon", "coordinates": [ [ [ [ 6812590.192561996169388, -10923945.220069479197264 ], [ 6895895.563970896415412, -10987084.064363844692707 ], [ 6895887.760810278356075, -11049342.945265324786305 ], [ 6732414.851799932308495, -11135370.825322886928916 ], [ 6621980.706326487474144, -11137466.085387459024787 ], [ 6604246.921416594646871, -11078687.769712503999472 ], [ 6700330.638031435199082, -10965324.8546541929245 ], [ 6812590.192561996169388, -10923945.220069479197264 ] ] ] ] } },
{ "type": "Feature", "properties": { "ISO3": "SYC", "ISO2": "SC", "ISONUM": 690, "NAMEen": "Seychelles", "NAMEfr": "Seychelles", "NAMEde": "Seychellen", "REGION_BLOC": "COMESA, SADC", "REGION_UN": "Africa", "SUBREGION_UN": "Sub-Saharan Africa", "LAST_DEV": "FALSE", "AREA_2021": 460.0, "FOREST_AREA_2021": 337.0, "POP_2023": 119773, "LIFE_EXP_2022": 73.848780487804902, "FERT_2022": 2.32, "HIV_2022": null, "CO2_POP_2020": 6.0805183725701299, "GNI_POP_2023": 32440, "INC_20P_2021": 7.0, "GDP_INDS_2023": 12.0215811232788, "HIG_TEC_EXP_2022": 3.3430761578909198, "MIL_EXP_2022": 1.38078631653398, "JamesBond": 0, "ARG_nacion": 28.0, "AUS_sydmor": 6.0, "BRA_oglobo": 6.0, "CAN_tostar": 12.0, "CHN_mopost": 8.0, "DEU_frankf": 8.0, "DZA_alnaha": 8.0, "EGY_alwafd": 11.0, "ESP_abc": 6.0, "FRA_lmonde": 10.0, "GBR_indept": 19.0, "IDN_republ": 13.0, "IND_tindia": 40.0, "IRN_hamsha": 6.0, "ITA_repubb": 24.0, "JPN_asahis": 0.0, "KEN_standa": 151.0, "MEX_inform": 0.0, "NGA_vangua": 78.0, "RUS_isvest": 17.0, "SAU_spa": 20.0, "TUR_sabah": 16.0, "USA_nytime": 0.0, "ZAF_times": 115.0, "mean": 25.083333333333332, "rnk": 173.5, "sd": 37.385089641944582, "min": 0.0, "Q1": 6.0, "Q2": 11.5, "Q3": 21.0, "max": 151.0, "nbsup0": 21, "nbsup10": 13, "nbsup100": 2 }, "geometry": { "type": "MultiPolygon", "coordinates": [ [ [ [ 8653787.571752931922674, -5950527.251827624626458 ], [ 8680171.092032888904214, -5936709.908619523048401 ], [ 8717717.844618232920766, -5950802.520425747148693 ], [ 8691980.632371198385954, -5973999.933999220840633 ], [ 8655102.834207225590944, -5981801.153133350424469 ], [ 8653787.571752931922674, -5950527.251827624626458 ] ] ] ] } },
{ "type": "Feature", "properties": { "ISO3": "SYR", "ISO2": "SY", "ISONUM": 760, "NAMEen": "Syria", "NAMEfr": "Syrie", "NAMEde": "Syrien", "REGION_BLOC": "Arab League", "REGION_UN": "Asia", "SUBREGION_UN": "Western Asia", "LAST_DEV": "FALSE", "AREA_2021": 185180.0, "FOREST_AREA_2021": 5220.8, "POP_2023": 23227014, "LIFE_EXP_2022": 72.3, "FERT_2022": 2.704, "HIV_2022": 0.1, "CO2_POP_2020": 1.2148024837532301, "GNI_POP_2023": 2780, "INC_20P_2021": 9.2, "GDP_INDS_2023": 28.9124894141742, "HIG_TEC_EXP_2022": 1.3829271605537601, "MIL_EXP_2022": 4.0561417360958503, "JamesBond": 0, "ARG_nacion": 1737.0, "AUS_sydmor": 1420.0, "BRA_oglobo": 2246.0, "CAN_tostar": 2120.0, "CHN_mopost": 953.0, "DEU_frankf": 3388.0, "DZA_alnaha": 4727.0, "EGY_alwafd": 5473.0, "ESP_abc": 2432.0, "FRA_lmonde": 4866.0, "GBR_indept": 3022.0, "IDN_republ": 2311.0, "IND_tindia": 1378.0, "IRN_hamsha": 3409.0, "ITA_repubb": 1870.0, "JPN_asahis": 2736.0, "KEN_standa": 1172.0, "MEX_inform": 2933.0, "NGA_vangua": 806.0, "RUS_isvest": 4521.0, "SAU_spa": 2238.0, "TUR_sabah": 6378.0, "USA_nytime": 2880.0, "ZAF_times": 2006.0, "mean": 2792.5833333333335, "rnk": 6.0, "sd": 1470.4722079974015, "min": 806.0, "Q1": 1836.75, "Q2": 2371.5, "Q3": 3393.25, "max": 6378.0, "nbsup0": 24, "nbsup10": 24, "nbsup100": 24 }, "geometry": { "type": "MultiPolygon", "coordinates": [ [ [ [ 3970582.721930738072842, -4354865.683996650390327 ], [ 3941191.100296816322953, -4468066.10203704982996 ], [ 4052603.432712983805686, -4629959.915506371296942 ], [ 4043227.316859289072454, -4702267.773183302953839 ], [ 3950426.307208032347262, -4917817.802483999170363 ], [ 3850457.914352176710963, -5143384.41740080807358 ], [ 3726778.893185267224908, -5175376.359443869441748 ], [ 3689519.610799631569535, -5111676.324603253975511 ], [ 3709783.037229253444821, -5004607.877451031468809 ], [ 3690274.634197857696563, -4943464.913801508024335 ], [ 3621790.557382265105844, -4990478.278563475236297 ], [ 3534178.582667672540992, -4880248.602885789237916 ], [ 3577382.104131865780801, -4805680.80340701341629 ], [ 3537251.554530785419047, -4752755.74349918961525 ], [ 3615287.485239310190082, -4720720.045235593803227 ], [ 3657659.092742088716477, -4649716.761277434416115 ], [ 3795689.881756861228496, -4561350.695659471675754 ], [ 3844365.617871562484652, -4468072.742975513450801 ], [ 3970582.721930738072842, -4354865.683996650390327 ] ] ] ] } },
{ "type": "Feature", "properties": { "ISO3": "TCD", "ISO2": "TD", "ISONUM": 148, "NAMEen": "Chad", "NAMEfr": "Tchad", "NAMEde": "Tschad", "REGION_BLOC": "CEMAC", "REGION_UN": "Africa", "SUBREGION_UN": "Sub-Saharan Africa", "LAST_DEV": "TRUE", "AREA_2021": 1284000.0, "FOREST_AREA_2021": 42013.333, "POP_2023": 18278568, "LIFE_EXP_2022": 52.997, "FERT_2022": 6.215, "HIV_2022": 1.0, "CO2_POP_2020": 0.094228187096902505, "GNI_POP_2023": 1940, "INC_20P_2021": 6.9, "GDP_INDS_2023": 44.371297573233797, "HIG_TEC_EXP_2022": null, "MIL_EXP_2022": 2.9254868415295801, "JamesBond": 0, "ARG_nacion": 23.0, "AUS_sydmor": 111.0, "BRA_oglobo": 16.0, "CAN_tostar": 294.0, "CHN_mopost": 112.0, "DEU_frankf": 26.0, "DZA_alnaha": 103.0, "EGY_alwafd": 115.0, "ESP_abc": 21.0, "FRA_lmonde": 228.0, "GBR_indept": 41.0, "IDN_republ": 23.0, "IND_tindia": 43.0, "IRN_hamsha": 6.0, "ITA_repubb": 39.0, "JPN_asahis": 14.0, "KEN_standa": 203.0, "MEX_inform": 29.0, "NGA_vangua": 774.0, "RUS_isvest": 45.0, "SAU_spa": 190.0, "TUR_sabah": 43.0, "USA_nytime": 132.0, "ZAF_times": 497.0, "mean": 130.33333333333334, "rnk": 107.0, "sd": 178.48192373865001, "min": 6.0, "Q1": 25.25, "Q2": 44.0, "Q3": 146.5, "max": 774.0, "nbsup0": 24, "nbsup10": 23, "nbsup100": 11 }, "geometry": { "type": "MultiPolygon", "coordinates": [ [ [ [ 3188664.56120589422062, -7168151.262254263274372 ], [ 3358882.727720712311566, -7549703.275367475114763 ], [ 3241974.09783843671903, -7602672.064081289805472 ], [ 3234150.923355563543737, -7795816.551092193461955 ], [ 3196788.790746182203293, -7938196.051429707556963 ], [ 3403679.837659338023514, -8051832.793314038775861 ], [ 3416622.077185053844005, -8103635.724562395364046 ], [ 3356429.175391992554069, -8118976.43527539819479 ], [ 3139335.979935679584742, -8425588.176989266648889 ], [ 2946690.731702114455402, -8509261.282893996685743 ], [ 2904747.786109862849116, -8636626.704196009784937 ], [ 2769396.365613474976271, -8688251.330723766237497 ], [ 2644763.605337118729949, -8777250.588849680498242 ], [ 2600978.901160689536482, -8753437.804695636034012 ], [ 2447663.395828561391681, -8837338.444359311833978 ], [ 2374078.971408791840076, -8747895.552225854247808 ], [ 2153926.616044873837382, -8672707.864784356206656 ], [ 2180117.978369922377169, -8627330.180983869358897 ], [ 2404748.671459783334285, -8565928.975166061893106 ], [ 2289559.170761820860207, -8505618.674878939986229 ], [ 2278607.159645449370146, -8424053.233236402273178 ], [ 2185304.876177834812552, -8333736.008799899369478 ], [ 2135942.851857193745673, -8284185.590384442359209 ], [ 2079514.647638077381998, -8299395.331987542100251 ], [ 1995919.957537086447701, -8248117.243805650621653 ], [ 1956385.206016092328355, -8180888.210521279834211 ], [ 2049852.442032986553386, -8001634.619896455667913 ], [ 2167568.501140756066889, -7841279.283587798476219 ], [ 2115479.208383191376925, -7507934.640272138640285 ], [ 2129693.265801936853677, -7449694.961426008492708 ], [ 1996078.733207816258073, -7356737.855916173197329 ], [ 1927722.568589203525335, -7204462.703890495933592 ], [ 2040118.438498870935291, -7121727.223679913207889 ], [ 2488990.003180419560522, -7161838.41275739017874 ], [ 2845166.409910090267658, -7173457.414050098508596 ], [ 3188664.56120589422062, -7168151.262254263274372 ] ] ] ] } },
{ "type": "Feature", "properties": { "ISO3": "TGO", "ISO2": "TG", "ISONUM": 768, "NAMEen": "Togo", "NAMEfr": "Togo", "NAMEde": "Togo", "REGION_BLOC": "CEDEAO", "REGION_UN": "Africa", "SUBREGION_UN": "Sub-Saharan Africa", "LAST_DEV": "TRUE", "AREA_2021": 56790.0, "FOREST_AREA_2021": 12063.1, "POP_2023": 9053799, "LIFE_EXP_2022": 61.588, "FERT_2022": 4.196, "HIV_2022": 1.7, "CO2_POP_2020": 0.28606184365442799, "GNI_POP_2023": 3170, "INC_20P_2021": 6.8, "GDP_INDS_2023": 20.169836113902399, "HIG_TEC_EXP_2022": 0.30107194447200197, "MIL_EXP_2022": 5.4419226231870796, "JamesBond": 0, "ARG_nacion": 0.0, "AUS_sydmor": 3.0, "BRA_oglobo": 0.0, "CAN_tostar": 2.0, "CHN_mopost": 2.0, "DEU_frankf": 21.0, "DZA_alnaha": 6.0, "EGY_alwafd": 0.0, "ESP_abc": 4.0, "FRA_lmonde": 89.0, "GBR_indept": 6.0, "IDN_republ": 30.0, "IND_tindia": 18.0, "IRN_hamsha": 3.0, "ITA_repubb": 7.0, "JPN_asahis": 0.0, "KEN_standa": 84.0, "MEX_inform": 6.0, "NGA_vangua": 340.0, "RUS_isvest": 1.0, "SAU_spa": 51.0, "TUR_sabah": 546.0, "USA_nytime": 10.0, "ZAF_times": 83.0, "mean": 54.666666666666664, "rnk": 146.0, "sd": 126.56418432409379, "min": 0.0, "Q1": 2.0, "Q2": 6.0, "Q3": 35.25, "max": 546.0, "nbsup0": 20, "nbsup10": 9, "nbsup100": 2 }, "geometry": { "type": "MultiPolygon", "coordinates": [ [ [ [ 138235.291021079086931, -8785215.16467259824276 ], [ 118815.669579142544535, -8854709.830794611945748 ], [ 206651.450562658574199, -8894100.810755720362067 ], [ 251513.538217166496906, -8997723.17246032319963 ], [ 263277.278718046087306, -9311120.502789318561554 ], [ 192960.839202396891778, -9325386.697376249358058 ], [ 83800.110245124276844, -9246079.518897421658039 ], [ 103585.39071737685299, -9191537.798628829419613 ], [ 35930.359856609364215, -8942963.763134736567736 ], [ 61360.633523317213985, -8864571.534528575837612 ], [ -25427.1761170245627, -8770531.969817938283086 ], [ 138235.291021079086931, -8785215.16467259824276 ] ] ] ] } },
{ "type": "Feature", "properties": { "ISO3": "THA", "ISO2": "TH", "ISONUM": 764, "NAMEen": "Thailand", "NAMEfr": "Thaïlande", "NAMEde": "Thailand", "REGION_BLOC": "ASEAN", "REGION_UN": "Asia", "SUBREGION_UN": "South-eastern Asia", "LAST_DEV": "FALSE", "AREA_2021": 513120.0, "FOREST_AREA_2021": 198370.0, "POP_2023": 71801279, "LIFE_EXP_2022": 79.68, "FERT_2022": 1.317, "HIV_2022": 1.1, "CO2_POP_2020": 3.71425580600412, "GNI_POP_2023": 22880, "INC_20P_2021": 7.6, "GDP_INDS_2023": 32.886585299778503, "HIG_TEC_EXP_2022": 21.787775360269102, "MIL_EXP_2022": 1.1576408457646901, "JamesBond": 1, "ARG_nacion": 242.0, "AUS_sydmor": 1246.0, "BRA_oglobo": 470.0, "CAN_tostar": 824.0, "CHN_mopost": 2681.0, "DEU_frankf": 527.0, "DZA_alnaha": 100.0, "EGY_alwafd": 434.0, "ESP_abc": 421.0, "FRA_lmonde": 532.0, "GBR_indept": 804.0, "IDN_republ": 1363.0, "IND_tindia": 873.0, "IRN_hamsha": 635.0, "ITA_repubb": 445.0, "JPN_asahis": 5430.0, "KEN_standa": 441.0, "MEX_inform": 327.0, "NGA_vangua": 366.0, "RUS_isvest": 419.0, "SAU_spa": 155.0, "TUR_sabah": 342.0, "USA_nytime": 828.0, "ZAF_times": 1038.0, "mean": 872.625, "rnk": 30.0, "sd": 1107.8198257407871, "min": 100.0, "Q1": 405.75, "Q2": 498.5, "Q3": 839.25, "max": 5430.0, "nbsup0": 24, "nbsup10": 24, "nbsup100": 23 }, "geometry": { "type": "MultiPolygon", "coordinates": [ [ [ [ 7634264.408741002902389, 1359772.733008641982451 ], [ 7640755.081641403026879, 1422845.200556848896667 ], [ 7710494.128318947739899, 1423761.313699632883072 ], [ 7686682.543166097253561, 1528446.540589875541627 ], [ 7816515.647469222545624, 1523666.700476380530745 ], [ 7918708.123836903832853, 1558226.242729447549209 ], [ 7810495.426140256226063, 1671360.201206396799535 ], [ 7832175.457736358977854, 1760405.64294274803251 ], [ 7745790.050045045092702, 1843398.925704772816971 ], [ 7738822.926175811327994, 1929510.874428450828418 ], [ 7811729.012562185525894, 2066343.496551224263385 ], [ 7904268.378981227055192, 2081686.254581851186231 ], [ 7966025.811372693628073, 2231799.397905617952347 ], [ 8121572.003110570833087, 2204193.93315400974825 ], [ 8202243.971561174839735, 1906459.155499756801873 ], [ 8305617.647799849510193, 1815812.884644272504374 ], [ 8493658.272668763995171, 1947427.029480105265975 ], [ 8417773.295342691242695, 1763203.434838602785021 ], [ 8443245.841976834461093, 1616349.886139134410769 ], [ 8356749.631285402923822, 1618846.767944056075066 ], [ 8389261.365170702338219, 1485115.939773536752909 ], [ 8521571.878248453140259, 1505654.92566947476007 ], [ 8768653.881592821329832, 1413918.340690065175295 ], [ 8864088.547696275636554, 1444411.479600924067199 ], [ 8841742.756272975355387, 1535742.01759594050236 ], [ 8936692.349774228408933, 1619479.768666346324608 ], [ 9017688.979557733982801, 1655623.342045178636909 ], [ 9073998.428564382717013, 1763407.746676972601563 ], [ 9058698.820052251219749, 1853924.315010207006708 ], [ 9104095.227119844406843, 1947276.936843273928389 ], [ 9169287.363613773137331, 1915644.675457794219255 ], [ 9202948.097707049921155, 1806453.30244478629902 ], [ 9137624.420717919245362, 1789694.058038184884936 ], [ 9144848.416937930509448, 1633439.761504068272188 ], [ 8971971.701684838160872, 1365765.477549192262813 ], [ 8965617.036276342347264, 1291881.054760290076956 ], [ 8754313.934214621782303, 1347012.129199237329885 ], [ 8572732.434659883379936, 1454589.975189501885325 ], [ 8437696.950622564181685, 1351816.548055259510875 ], [ 8377135.929887272417545, 1349678.526711751008406 ], [ 8244626.77915380243212, 1182927.611017564777285 ], [ 8214943.418590419925749, 1232649.874240072676912 ], [ 8108066.726758460514247, 1238156.724671190138906 ], [ 8032514.198379456065595, 1191323.613988802069798 ], [ 7887472.843030895106494, 1021478.266335642198101 ], [ 7734923.958443636074662, 1090450.959078841842711 ], [ 7738867.15462797973305, 1161086.303007708862424 ], [ 7624203.79992395453155, 1336402.403810888761654 ], [ 7634264.408741002902389, 1359772.733008641982451 ] ] ] ] } },
{ "type": "Feature", "properties": { "ISO3": "TJK", "ISO2": "TJ", "ISONUM": 762, "NAMEen": "Tajikistan", "NAMEfr": "Tadjikistan", "NAMEde": "Tadschikistan", "REGION_BLOC": null, "REGION_UN": "Asia", "SUBREGION_UN": "Central Asia", "LAST_DEV": "FALSE", "AREA_2021": 141379.0, "FOREST_AREA_2021": 4248.0, "POP_2023": 10143543, "LIFE_EXP_2022": 71.288, "FERT_2022": 3.141, "HIV_2022": 0.2, "CO2_POP_2020": 0.97753302427580102, "GNI_POP_2023": 6380, "INC_20P_2021": 7.4, "GDP_INDS_2023": 34.702580856426998, "HIG_TEC_EXP_2022": 1.6271275903337199, "MIL_EXP_2022": 1.01612975491734, "JamesBond": 0, "ARG_nacion": 6.0, "AUS_sydmor": 17.0, "BRA_oglobo": 3.0, "CAN_tostar": 9.0, "CHN_mopost": 13.0, "DEU_frankf": 16.0, "DZA_alnaha": 13.0, "EGY_alwafd": 26.0, "ESP_abc": 13.0, "FRA_lmonde": 0.0, "GBR_indept": 5.0, "IDN_republ": 32.0, "IND_tindia": 30.0, "IRN_hamsha": 127.0, "ITA_repubb": 18.0, "JPN_asahis": 30.0, "KEN_standa": 14.0, "MEX_inform": 0.0, "NGA_vangua": 11.0, "RUS_isvest": 251.0, "SAU_spa": 99.0, "TUR_sabah": 54.0, "USA_nytime": 17.0, "ZAF_times": 11.0, "mean": 33.958333333333336, "rnk": 162.0, "sd": 55.138149948199612, "min": 0.0, "Q1": 10.5, "Q2": 15.0, "Q3": 30.0, "max": 251.0, "nbsup0": 22, "nbsup10": 18, "nbsup100": 2 }, "geometry": { "type": "MultiPolygon", "coordinates": [ [ [ [ 5242521.53431242890656, -1809346.807803300209343 ], [ 5214542.757358592003584, -1968956.506663175998256 ], [ 5263023.02513815369457, -1988694.110949702793732 ], [ 5366991.716612301766872, -1771543.231326202861965 ], [ 5405379.848193530924618, -1587544.106574287870899 ], [ 5500058.45405731536448, -1598186.752995662856847 ], [ 5536432.944902016781271, -1506670.31808891124092 ], [ 5676585.868703846819699, -1532478.146260405890644 ], [ 5606832.100899091921747, -1684682.576955334516242 ], [ 5634986.747128231450915, -1873302.563569528283551 ], [ 5508863.579373800195754, -1832797.682117617456242 ], [ 5424381.250948345288634, -1893101.265241362154484 ], [ 5498334.281511414796114, -1984090.672546402318403 ], [ 5471577.107155281119049, -2042620.457079151412472 ], [ 5482985.13242235314101, -2214031.513103989884257 ], [ 5447524.86426112614572, -2225251.855970347765833 ], [ 5368136.076286205090582, -2129659.759145898744464 ], [ 5273432.03117002826184, -2121441.273090854287148 ], [ 5222602.290945271961391, -2179300.19849943742156 ], [ 5231968.588066125288606, -2059086.717364094918594 ], [ 5133906.218472691252828, -1926043.835502419155091 ], [ 5143692.643546809442341, -1826964.496982441050932 ], [ 5200346.823627652600408, -1856484.047004258260131 ], [ 5242521.53431242890656, -1809346.807803300209343 ] ] ] ] } },
{ "type": "Feature", "properties": { "ISO3": "TKM", "ISO2": "TM", "ISONUM": 795, "NAMEen": "Turkmenistan", "NAMEfr": "Turkménistan", "NAMEde": "Turkmenistan", "REGION_BLOC": null, "REGION_UN": "Asia", "SUBREGION_UN": "Central Asia", "LAST_DEV": "FALSE", "AREA_2021": 488100.0, "FOREST_AREA_2021": 41270.0, "POP_2023": 6516100, "LIFE_EXP_2022": 69.41, "FERT_2022": 2.617, "HIV_2022": null, "CO2_POP_2020": 10.184086299232099, "GNI_POP_2023": 16860, "INC_20P_2021": 6.1, "GDP_INDS_2023": 40.578575037897899, "HIG_TEC_EXP_2022": null, "MIL_EXP_2022": 2.9018747506980498, "JamesBond": 0, "ARG_nacion": 8.0, "AUS_sydmor": 5.0, "BRA_oglobo": 11.0, "CAN_tostar": 6.0, "CHN_mopost": 15.0, "DEU_frankf": 16.0, "DZA_alnaha": 5.0, "EGY_alwafd": 9.0, "ESP_abc": 7.0, "FRA_lmonde": 17.0, "GBR_indept": 14.0, "IDN_republ": 22.0, "IND_tindia": 33.0, "IRN_hamsha": 184.0, "ITA_repubb": 7.0, "JPN_asahis": 5.0, "KEN_standa": 0.0, "MEX_inform": 7.0, "NGA_vangua": 9.0, "RUS_isvest": 27.0, "SAU_spa": 199.0, "TUR_sabah": 52.0, "USA_nytime": 9.0, "ZAF_times": 9.0, "mean": 28.166666666666668, "rnk": 167.0, "sd": 51.564789694440563, "min": 0.0, "Q1": 7.0, "Q2": 9.0, "Q3": 18.25, "max": 199.0, "nbsup0": 23, "nbsup10": 11, "nbsup100": 2 }, "geometry": { "type": "MultiPolygon", "coordinates": [ [ [ [ 5379391.058773714117706, -2336839.364216895774007 ], [ 5326322.251217901706696, -2398053.727114527486265 ], [ 5331433.447922268882394, -2478945.071685825940222 ], [ 5402801.761571344919503, -2583422.941917898599058 ], [ 5391177.992940086871386, -2706420.210208524949849 ], [ 5410746.311604041606188, -2840462.488867992535233 ], [ 5312871.036902932450175, -2912367.699571078643203 ], [ 5203004.638540244661272, -2875119.258248411118984 ], [ 5166814.76622222084552, -2942046.811988345813006 ], [ 4985427.960257060825825, -3019152.560282685328275 ], [ 4913511.718007492832839, -3095366.307021537330002 ], [ 4846903.163679106160998, -3121419.754833768587559 ], [ 4764027.676074930466712, -3283647.635216964874417 ], [ 4777723.711118681356311, -3372353.895034170243889 ], [ 4741641.325935841538012, -3455921.937701884657145 ], [ 4605528.477753104642034, -3348870.262365246191621 ], [ 4487826.936103525571525, -3312694.646296402905136 ], [ 4430252.964968383312225, -3370251.770760583225638 ], [ 4346940.151616981253028, -3293457.34208334935829 ], [ 4436187.916937244124711, -3256196.682909271214157 ], [ 4447691.391637778840959, -3147267.98256826819852 ], [ 4315752.04634062666446, -3147486.159320141654462 ], [ 4290065.103523339144886, -3187437.674954172223806 ], [ 4281420.734363069757819, -3242316.746421664021909 ], [ 4338502.083584582433105, -3292114.443745021242648 ], [ 4263265.726140761747956, -3278693.510796430520713 ], [ 4260535.959132486954331, -3213027.050433435477316 ], [ 4310547.36903624329716, -3109405.168020143639296 ], [ 4470473.542556579224765, -3080575.448243578895926 ], [ 4496936.022513782605529, -3035686.30911342613399 ], [ 4557166.495683830231428, -2958305.89677013643086 ], [ 4497462.373852014541626, -2913125.446446617599577 ], [ 4532083.556532178074121, -2903012.01271538855508 ], [ 4558966.549367753788829, -2888071.704699533525854 ], [ 4553636.755416203290224, -2857807.136494165752083 ], [ 4505384.837110489606857, -2854370.294167195912451 ], [ 4493329.404749913141131, -2741419.707343507092446 ], [ 4615638.953245108015835, -2661812.146518238354474 ], [ 4696691.103255901485682, -2701345.095479631796479 ], [ 4804407.213204918429255, -2567695.725385492667556 ], [ 4939781.198962989263237, -2576660.836985908448696 ], [ 5117322.515539565123618, -2482563.605930468067527 ], [ 5253100.823954795487225, -2382454.571619580499828 ], [ 5313322.153460673987865, -2304328.650670446455479 ], [ 5379391.058773714117706, -2336839.364216895774007 ] ] ] ] } },
{ "type": "Feature", "properties": { "ISO3": "TLS", "ISO2": "TL", "ISONUM": 626, "NAMEen": "Timor-Leste", "NAMEfr": "Timor oriental", "NAMEde": "Osttimor", "REGION_BLOC": "ASEAN", "REGION_UN": "Asia", "SUBREGION_UN": "South-eastern Asia", "LAST_DEV": "TRUE", "AREA_2021": 14870.0, "FOREST_AREA_2021": 9197.0, "POP_2023": 1360596, "LIFE_EXP_2022": 69.056, "FERT_2022": 3.047, "HIV_2022": 0.2, "CO2_POP_2020": 0.34315516598140799, "GNI_POP_2023": 5880, "INC_20P_2021": 9.4, "GDP_INDS_2023": 53.754024101077398, "HIG_TEC_EXP_2022": null, "MIL_EXP_2022": 1.1070851956966301, "JamesBond": 0, "ARG_nacion": 3.0, "AUS_sydmor": 175.0, "BRA_oglobo": 6.0, "CAN_tostar": 7.0, "CHN_mopost": 28.0, "DEU_frankf": 3.0, "DZA_alnaha": 0.0, "EGY_alwafd": 0.0, "ESP_abc": 0.0, "FRA_lmonde": 0.0, "GBR_indept": 1.0, "IDN_republ": 228.0, "IND_tindia": 3.0, "IRN_hamsha": 0.0, "ITA_repubb": 0.0, "JPN_asahis": 28.0, "KEN_standa": 4.0, "MEX_inform": 3.0, "NGA_vangua": 0.0, "RUS_isvest": 0.0, "SAU_spa": 7.0, "TUR_sabah": 3.0, "USA_nytime": 14.0, "ZAF_times": 0.0, "mean": 21.375, "rnk": 178.0, "sd": 56.569935554989385, "min": 0.0, "Q1": 0.0, "Q2": 3.0, "Q3": 7.0, "max": 228.0, "nbsup0": 15, "nbsup10": 5, "nbsup100": 2 }, "geometry": { "type": "MultiPolygon", "coordinates": [ [ [ [ 9045581.581329919397831, 6348292.213005445897579 ], [ 9010480.26931475289166, 6279045.432557886466384 ], [ 8959145.824459517374635, 6306946.854136120527983 ], [ 8715532.339781448245049, 6545578.00451276358217 ], [ 8633169.76492653042078, 6686788.782802503556013 ], [ 8816179.541596295312047, 6530294.113666049204767 ], [ 9045581.581329919397831, 6348292.213005445897579 ] ] ], [ [ [ 9196812.245701625943184, 6118721.425795113667846 ], [ 9140235.772348709404469, 6137197.791686692275107 ], [ 9063161.505356615409255, 6223099.534343110397458 ], [ 9132292.862384418025613, 6221766.321367228403687 ], [ 9196812.245701625943184, 6118721.425795113667846 ] ] ] ] } },
{ "type": "Feature", "properties": { "ISO3": "TON", "ISO2": "TO", "ISONUM": 776, "NAMEen": "Tonga", "NAMEfr": "Tonga", "NAMEde": "Tonga", "REGION_BLOC": null, "REGION_UN": "Oceania", "SUBREGION_UN": "Polynesia", "LAST_DEV": "FALSE", "AREA_2021": 750.0, "FOREST_AREA_2021": 89.5, "POP_2023": 107773, "LIFE_EXP_2022": 71.27, "FERT_2022": 3.193, "HIV_2022": null, "CO2_POP_2020": 1.1220476181427801, "GNI_POP_2023": 7560, "INC_20P_2021": 9.3, "GDP_INDS_2023": 15.9227290333083, "HIG_TEC_EXP_2022": 2.69650608767328, "MIL_EXP_2022": null, "JamesBond": 0, "ARG_nacion": 112.0, "AUS_sydmor": 146.0, "BRA_oglobo": 0.0, "CAN_tostar": 6.0, "CHN_mopost": 27.0, "DEU_frankf": 20.0, "DZA_alnaha": 4.0, "EGY_alwafd": 0.0, "ESP_abc": 10.0, "FRA_lmonde": 49.0, "GBR_indept": 55.0, "IDN_republ": 13.0, "IND_tindia": 21.0, "IRN_hamsha": 3.0, "ITA_repubb": 30.0, "JPN_asahis": 76.0, "KEN_standa": 17.0, "MEX_inform": 19.0, "NGA_vangua": 0.0, "RUS_isvest": 3.0, "SAU_spa": 3.0, "TUR_sabah": 6.0, "USA_nytime": 14.0, "ZAF_times": 43.0, "mean": 28.208333333333332, "rnk": 166.0, "sd": 37.01583581994705, "min": 0.0, "Q1": 3.75, "Q2": 15.5, "Q3": 33.25, "max": 146.0, "nbsup0": 21, "nbsup10": 14, "nbsup100": 2 }, "geometry": { "type": "MultiPolygon", "coordinates": [ [ [ [ -1020630.638271663687192, 12281440.852181049063802 ], [ -1112520.936813486507162, 12284420.45565278083086 ], [ -1047705.675885250093415, 12320799.174545193091035 ], [ -987248.498527292511426, 12297156.0409354288131 ], [ -1020630.638271663687192, 12281440.852181049063802 ] ] ] ] } },
{ "type": "Feature", "properties": { "ISO3": "TTO", "ISO2": "TT", "ISONUM": 780, "NAMEen": "Trinidad and Tobago", "NAMEfr": "Trinité-et-Tobago", "NAMEde": "Trinidad und Tobago", "REGION_BLOC": null, "REGION_UN": "Americas", "SUBREGION_UN": "Latin America and the Caribbean", "LAST_DEV": "FALSE", "AREA_2021": 5130.0, "FOREST_AREA_2021": 2277.7, "POP_2023": 1534937, "LIFE_EXP_2022": 74.708, "FERT_2022": 1.614, "HIV_2022": 1.0, "CO2_POP_2020": 10.157119172254101, "GNI_POP_2023": 30400, "INC_20P_2021": 5.5, "GDP_INDS_2023": 48.941306269436602, "HIG_TEC_EXP_2022": 0.082227899858218698, "MIL_EXP_2022": 0.71646730234387701, "JamesBond": 0, "ARG_nacion": 84.0, "AUS_sydmor": 10.0, "BRA_oglobo": 9.0, "CAN_tostar": 64.0, "CHN_mopost": 11.0, "DEU_frankf": 16.0, "DZA_alnaha": 8.0, "EGY_alwafd": 0.0, "ESP_abc": 10.0, "FRA_lmonde": 0.0, "GBR_indept": 29.0, "IDN_republ": 25.0, "IND_tindia": 26.0, "IRN_hamsha": 9.0, "ITA_repubb": 7.0, "JPN_asahis": 0.0, "KEN_standa": 13.0, "MEX_inform": 46.0, "NGA_vangua": 19.0, "RUS_isvest": 0.0, "SAU_spa": 17.0, "TUR_sabah": 4.0, "USA_nytime": 34.0, "ZAF_times": 15.0, "mean": 19.0, "rnk": 181.5, "sd": 20.65661279527486, "min": 0.0, "Q1": 7.75, "Q2": 12.0, "Q3": 25.25, "max": 84.0, "nbsup0": 20, "nbsup10": 13, "nbsup100": 0 }, "geometry": { "type": "MultiPolygon", "coordinates": [ [ [ [ -7644468.690421962179244, -4374340.773642812855542 ], [ -7757583.243052804842591, -4384703.021185710094869 ], [ -7776886.791338538751006, -4264867.136490920558572 ], [ -7721714.886379359290004, -4211127.923015065491199 ], [ -7644468.690421962179244, -4374340.773642812855542 ] ] ] ] } },
{ "type": "Feature", "properties": { "ISO3": "TUN", "ISO2": "TN", "ISONUM": 788, "NAMEen": "Tunisia", "NAMEfr": "Tunisie", "NAMEde": "Tunesien", "REGION_BLOC": "COMESA, Arab League", "REGION_UN": "Africa", "SUBREGION_UN": "Northern Africa", "LAST_DEV": "FALSE", "AREA_2021": 163610.0, "FOREST_AREA_2021": 7042.6, "POP_2023": 12458223, "LIFE_EXP_2022": 74.263, "FERT_2022": 2.064, "HIV_2022": 0.1, "CO2_POP_2020": 2.4086225282388001, "GNI_POP_2023": 13310, "INC_20P_2021": 7.7, "GDP_INDS_2023": 23.512070175345499, "HIG_TEC_EXP_2022": 7.1898861068557398, "MIL_EXP_2022": 2.4767786677463501, "JamesBond": 0, "ARG_nacion": 40.0, "AUS_sydmor": 52.0, "BRA_oglobo": 141.0, "CAN_tostar": 113.0, "CHN_mopost": 73.0, "DEU_frankf": 286.0, "DZA_alnaha": 5278.0, "EGY_alwafd": 1939.0, "ESP_abc": 305.0, "FRA_lmonde": 984.0, "GBR_indept": 217.0, "IDN_republ": 218.0, "IND_tindia": 82.0, "IRN_hamsha": 264.0, "ITA_repubb": 431.0, "JPN_asahis": 0.0, "KEN_standa": 353.0, "MEX_inform": 161.0, "NGA_vangua": 334.0, "RUS_isvest": 123.0, "SAU_spa": 10136.0, "TUR_sabah": 237.0, "USA_nytime": 170.0, "ZAF_times": 349.0, "mean": 928.58333333333337, "rnk": 28.0, "sd": 2242.7402865141617, "min": 0.0, "Q1": 120.5, "Q2": 227.5, "Q3": 350.0, "max": 10136.0, "nbsup0": 23, "nbsup10": 23, "nbsup100": 19 }, "geometry": { "type": "MultiPolygon", "coordinates": [ [ [ [ 1262376.650674851145595, -6201947.169416817836463 ], [ 1284676.609259928110987, -6278408.578139184042811 ], [ 1145233.561115516349673, -6424046.885526440106332 ], [ 1173207.461872523417696, -6474915.04415471944958 ], [ 1100893.766988248564303, -6564809.310053964145482 ], [ 1014343.865519917220809, -6371915.448428423143923 ], [ 853170.924029103363864, -6268391.669142968021333 ], [ 813617.0188704963075, -6196889.439992537721992 ], [ 883401.491374012897722, -6102855.515836445614696 ], [ 866392.603576370514929, -5903386.523831256665289 ], [ 884334.15312722849194, -5845654.770827782340348 ], [ 1011733.54442915332038, -5778072.885919145308435 ], [ 1157842.687068781582639, -5790891.434324368834496 ], [ 1145162.658161115366966, -5899690.19879931025207 ], [ 1180915.88263496174477, -5985560.915244741365314 ], [ 1090504.08139867708087, -6105561.772390017285943 ], [ 1124574.019443674944341, -6169612.586271898820996 ], [ 1262376.650674851145595, -6201947.169416817836463 ] ] ] ] } },
{ "type": "Feature", "properties": { "ISO3": "TUR", "ISO2": "TR", "ISONUM": 792, "NAMEen": "Turkey", "NAMEfr": "Turquie", "NAMEde": "Türkei", "REGION_BLOC": null, "REGION_UN": "Asia", "SUBREGION_UN": "Western Asia", "LAST_DEV": "FALSE", "AREA_2021": 785350.0, "FOREST_AREA_2021": 223763.6, "POP_2023": 85326000, "LIFE_EXP_2022": 78.475, "FERT_2022": 1.882, "HIV_2022": null, "CO2_POP_2020": 4.8858639260833003, "GNI_POP_2023": 43700, "INC_20P_2021": 5.2, "GDP_INDS_2023": 28.261284914633102, "HIG_TEC_EXP_2022": 3.6154695043177401, "MIL_EXP_2022": 1.2334855484960101, "JamesBond": 3, "ARG_nacion": 744.0, "AUS_sydmor": 685.0, "BRA_oglobo": 1207.0, "CAN_tostar": 1315.0, "CHN_mopost": 593.0, "DEU_frankf": 4581.0, "DZA_alnaha": 4210.0, "EGY_alwafd": 2959.0, "ESP_abc": 1393.0, "FRA_lmonde": 2518.0, "GBR_indept": 1558.0, "IDN_republ": 2457.0, "IND_tindia": 771.0, "IRN_hamsha": 3444.0, "ITA_repubb": 1636.0, "JPN_asahis": 1816.0, "KEN_standa": 605.0, "MEX_inform": 1027.0, "NGA_vangua": 939.0, "RUS_isvest": 3300.0, "SAU_spa": 800.0, "TUR_sabah": null, "USA_nytime": 1740.0, "ZAF_times": 832.0, "mean": 1788.2608695652175, "rnk": 10.0, "sd": 1190.9100881026511, "min": 593.0, "Q1": 816.0, "Q2": 1393.0, "Q3": 2487.5, "max": 4581.0, "nbsup0": 23, "nbsup10": 23, "nbsup100": 23 }, "geometry": { "type": "MultiPolygon", "coordinates": [ [ [ [ 2514641.853705618996173, -4726014.94395019300282 ], [ 2590713.793180232867599, -4758627.222964678891003 ], [ 2647050.078934583347291, -4748582.008228162303567 ], [ 2658083.735744461417198, -4769935.039166193455458 ], [ 2524388.703353640623391, -4844312.870195964351296 ], [ 2484829.886120276525617, -4912957.396781376563013 ], [ 2441698.760784549172968, -4958720.71427714265883 ], [ 2410633.686524108517915, -4932922.919598795473576 ], [ 2429663.109854748472571, -4844194.508010952733457 ], [ 2387507.503398021217436, -4823681.863742235116661 ], [ 2447044.741612873505801, -4746477.335484120063484 ], [ 2514641.853705618996173, -4726014.94395019300282 ] ] ], [ [ [ 3582452.695529390592128, -4046270.664879615884274 ], [ 3668885.9602738940157, -3959270.318472258280963 ], [ 3747114.335269776172936, -3956865.898037150502205 ], [ 3839021.332772250752896, -4022162.558304454665631 ], [ 3948015.186976743396372, -3979206.551809855736792 ], [ 3963278.687707200180739, -3986213.428966824896634 ], [ 3921536.931851508561522, -4052175.142981440760195 ], [ 4043670.403355607297271, -4155081.797778618521988 ], [ 4147616.534803824964911, -4181614.220632706303149 ], [ 3979496.952580210287124, -4309191.664373797364533 ], [ 3970582.721930738072842, -4354865.683996650390327 ], [ 3844365.617871562484652, -4468072.742975513450801 ], [ 3795689.881756861228496, -4561350.695659471675754 ], [ 3657659.092742088716477, -4649716.761277434416115 ], [ 3615287.485239310190082, -4720720.045235593803227 ], [ 3537251.554530785419047, -4752755.74349918961525 ], [ 3577382.104131865780801, -4805680.80340701341629 ], [ 3534178.582667672540992, -4880248.602885789237916 ], [ 3477636.99236266175285, -4782996.613841287791729 ], [ 3445800.008263172581792, -4858044.417350684292614 ], [ 3364156.49605402443558, -4884881.134249733760953 ], [ 3328081.904432250186801, -4993020.459699784405529 ], [ 3257841.133170659188181, -5054458.864247274585068 ], [ 3158559.335035200230777, -5049640.907508144155145 ], [ 3019957.680790206883103, -5088912.507688933052123 ], [ 3030617.72014180989936, -5165479.964656591415405 ], [ 2971592.740716673433781, -5215598.363827617838979 ], [ 2870873.942047265358269, -5192228.029832824133337 ], [ 2760107.411595971789211, -5263667.263904171064496 ], [ 2761120.020049077924341, -5218258.830384225584567 ], [ 2707025.001386801712215, -5253041.702076043002307 ], [ 2652440.444128376897424, -5179471.895759267732501 ], [ 2574689.870966534130275, -5175962.66681872587651 ], [ 2527403.650962889194489, -5143598.619481991045177 ], [ 2555191.143945637624711, -5079735.844162395223975 ], [ 2474926.581746431533247, -5057710.468658830970526 ], [ 2486736.217107019852847, -4936679.42822166159749 ], [ 2690973.518325559794903, -4824507.255801158957183 ], [ 2653982.553741996176541, -4742563.489787708967924 ], [ 2826396.473175320774317, -4661202.919310335069895 ], [ 2938201.291406529955566, -4468823.032998696900904 ], [ 3158779.413637946359813, -4354587.954387007281184 ], [ 3228942.710309142246842, -4371476.255583578720689 ], [ 3392824.167140740901232, -4291299.918982021510601 ], [ 3526455.406411582604051, -4181464.00228169048205 ], [ 3582452.695529390592128, -4046270.664879615884274 ] ] ] ] } },
{ "type": "Feature", "properties": { "ISO3": "TUV", "ISO2": "TV", "ISONUM": 798, "NAMEen": "Tuvalu", "NAMEfr": "Tuvalu", "NAMEde": "Tuvalu", "REGION_BLOC": null, "REGION_UN": "Oceania", "SUBREGION_UN": "Polynesia", "LAST_DEV": "TRUE", "AREA_2021": 30.0, "FOREST_AREA_2021": 10.0, "POP_2023": 11396, "LIFE_EXP_2022": 64.854, "FERT_2022": 3.144, "HIV_2022": null, "CO2_POP_2020": 0.59625982473574801, "GNI_POP_2023": 7790, "INC_20P_2021": 6.6, "GDP_INDS_2023": 7.0155102040816297, "HIG_TEC_EXP_2022": null, "MIL_EXP_2022": null, "JamesBond": 0, "ARG_nacion": 0.0, "AUS_sydmor": 1.0, "BRA_oglobo": 3.0, "CAN_tostar": 1.0, "CHN_mopost": 1.0, "DEU_frankf": 0.0, "DZA_alnaha": 0.0, "EGY_alwafd": 0.0, "ESP_abc": 9.0, "FRA_lmonde": 0.0, "GBR_indept": 0.0, "IDN_republ": 3.0, "IND_tindia": 0.0, "IRN_hamsha": 0.0, "ITA_repubb": 4.0, "JPN_asahis": 5.0, "KEN_standa": 8.0, "MEX_inform": 3.0, "NGA_vangua": 0.0, "RUS_isvest": 0.0, "SAU_spa": 0.0, "TUR_sabah": 0.0, "USA_nytime": 0.0, "ZAF_times": 0.0, "mean": 1.5833333333333333, "rnk": 202.0, "sd": 2.6029526155580665, "min": 0.0, "Q1": 0.0, "Q2": 0.0, "Q3": 3.0, "max": 9.0, "nbsup0": 10, "nbsup10": 0, "nbsup100": 0 }, "geometry": { "type": "MultiPolygon", "coordinates": [ [ [ [ 174703.690331275312928, 10924628.132929611951113 ], [ 158275.981876647594618, 10914417.845535673201084 ], [ 131603.188168059306918, 10934577.81897914595902 ], [ 128008.857459787963307, 10957506.784944934770465 ], [ 150500.175794480950572, 10957126.475124001502991 ], [ 174703.690331275312928, 10924628.132929611951113 ] ] ], [ [ [ 156155.959229300642619, 10885045.824066737666726 ], [ 192491.336126582638826, 10905305.807661559432745 ], [ 224049.625868356262799, 10885864.861637672409415 ], [ 185135.865006251464365, 10862211.327824218198657 ], [ 156155.959229300642619, 10885045.824066737666726 ] ] ] ] } },
{ "type": "Feature", "properties": { "ISO3": "TWN", "ISO2": "TW", "ISONUM": 158, "NAMEen": "Taiwan", "NAMEfr": "Taïwan", "NAMEde": "Taiwan", "REGION_BLOC": null, "REGION_UN": "Asia", "SUBREGION_UN": "Eastern Asia", "LAST_DEV": "FALSE", "AREA_2021": null, "FOREST_AREA_2021": null, "POP_2023": null, "LIFE_EXP_2022": null, "FERT_2022": null, "HIV_2022": null, "CO2_POP_2020": null, "GNI_POP_2023": null, "INC_20P_2021": null, "GDP_INDS_2023": null, "HIG_TEC_EXP_2022": null, "MIL_EXP_2022": null, "JamesBond": 1, "ARG_nacion": 93.0, "AUS_sydmor": 300.0, "BRA_oglobo": 148.0, "CAN_tostar": 219.0, "CHN_mopost": 3121.0, "DEU_frankf": 247.0, "DZA_alnaha": 98.0, "EGY_alwafd": 142.0, "ESP_abc": 123.0, "FRA_lmonde": 228.0, "GBR_indept": 206.0, "IDN_republ": 481.0, "IND_tindia": 410.0, "IRN_hamsha": 153.0, "ITA_repubb": 125.0, "JPN_asahis": 2386.0, "KEN_standa": 174.0, "MEX_inform": 210.0, "NGA_vangua": 158.0, "RUS_isvest": 110.0, "SAU_spa": 37.0, "TUR_sabah": 96.0, "USA_nytime": 477.0, "ZAF_times": 339.0, "mean": 420.04166666666669, "rnk": 60.0, "sd": 736.35432628631963, "min": 37.0, "Q1": 124.5, "Q2": 190.0, "Q3": 309.75, "max": 3121.0, "nbsup0": 24, "nbsup10": 24, "nbsup100": 20 }, "geometry": { "type": "MultiPolygon", "coordinates": [ [ [ [ 6139624.019793667830527, 3782441.166983770672232 ], [ 6167500.479363444261253, 3825331.083658641204238 ], [ 6338153.873271328397095, 3893590.40080294944346 ], [ 6487658.676562695764005, 3909631.889215241651982 ], [ 6524803.85747529566288, 3858079.85016659181565 ], [ 6439975.82396789547056, 3727031.819331229198724 ], [ 6371801.850438822992146, 3706872.424669997300953 ], [ 6193756.707435768097639, 3730320.131111599970609 ], [ 6139624.019793667830527, 3782441.166983770672232 ] ] ] ] } },
{ "type": "Feature", "properties": { "ISO3": "TZA", "ISO2": "TZ", "ISONUM": 834, "NAMEen": "Tanzania", "NAMEfr": "Tanzanie", "NAMEde": "Tansania", "REGION_BLOC": "SADC", "REGION_UN": "Africa", "SUBREGION_UN": "Sub-Saharan Africa", "LAST_DEV": "TRUE", "AREA_2021": 947300.0, "FOREST_AREA_2021": 452760.0, "POP_2023": 67438106, "LIFE_EXP_2022": 66.782, "FERT_2022": 4.661, "HIV_2022": 4.3, "CO2_POP_2020": 0.23394559212017499, "GNI_POP_2023": 3900, "INC_20P_2021": 6.9, "GDP_INDS_2023": 27.7484749965022, "HIG_TEC_EXP_2022": 1.66318035091808, "MIL_EXP_2022": 1.092190045588, "JamesBond": 0, "ARG_nacion": 33.0, "AUS_sydmor": 26.0, "BRA_oglobo": 37.0, "CAN_tostar": 79.0, "CHN_mopost": 38.0, "DEU_frankf": 67.0, "DZA_alnaha": 290.0, "EGY_alwafd": 125.0, "ESP_abc": 62.0, "FRA_lmonde": 89.0, "GBR_indept": 81.0, "IDN_republ": 36.0, "IND_tindia": 56.0, "IRN_hamsha": 36.0, "ITA_repubb": 64.0, "JPN_asahis": 36.0, "KEN_standa": 3304.0, "MEX_inform": 59.0, "NGA_vangua": 467.0, "RUS_isvest": 33.0, "SAU_spa": 79.0, "TUR_sabah": 73.0, "USA_nytime": 39.0, "ZAF_times": 373.0, "mean": 232.58333333333334, "rnk": 87.0, "sd": 663.89803543110099, "min": 26.0, "Q1": 36.75, "Q2": 63.0, "Q3": 83.0, "max": 3304.0, "nbsup0": 24, "nbsup10": 24, "nbsup100": 5 }, "geometry": { "type": "MultiPolygon", "coordinates": [ [ [ [ 5326420.628304829820991, -8596421.696444977074862 ], [ 5360701.944729548878968, -8709938.559768849983811 ], [ 5431800.779586451128125, -8751555.134997874498367 ], [ 5632403.059051901102066, -8600169.588582573458552 ], [ 5668948.107121288776398, -8381159.423791245557368 ], [ 6314565.120330220088363, -8186361.594144887290895 ], [ 6339559.888389684259892, -8232359.971185375936329 ], [ 6647098.573622420430183, -8152877.738270017318428 ], [ 6681937.28094426728785, -8317189.965852474793792 ], [ 6839241.379261848516762, -8307136.103292670100927 ], [ 6914094.283813457004726, -8453379.12844411469996 ], [ 7103526.335953311063349, -8537062.467840418219566 ], [ 7238702.19120813626796, -8494368.603058889508247 ], [ 7010917.333321873098612, -8816377.117020227015018 ], [ 6909160.988468431867659, -8883125.588099401444197 ], [ 6866710.47549472656101, -8972251.146949451416731 ], [ 6671448.984091001562774, -9115485.433752236887813 ], [ 6593265.383623991161585, -9132924.991769975051284 ], [ 6465309.896057818084955, -9245567.03299555927515 ], [ 6447839.63635950256139, -9236894.757585318759084 ], [ 6442694.784706878475845, -9237403.723205598071218 ], [ 6410063.328149056993425, -9242939.065708847716451 ], [ 6404383.645384193398058, -9242288.535740211606026 ], [ 6239468.260191301815212, -9150811.817123334854841 ], [ 6217511.584063280373812, -9152118.663190068677068 ], [ 6196142.84859143011272, -9155340.542067067697644 ], [ 6193667.331161167472601, -9155410.027407852932811 ], [ 6179836.665372742339969, -9192455.447881001979113 ], [ 6001287.631218229420483, -9269175.663027688860893 ], [ 5667855.625215833075345, -9371043.869521360844374 ], [ 5511336.952649067156017, -9325324.64041293412447 ], [ 5477247.943709638901055, -9274606.058829883113503 ], [ 5307311.286010173149407, -9285734.886554565280676 ], [ 5319489.050333929248154, -9233671.78491210564971 ], [ 5192127.235640242695808, -9119642.372622350230813 ], [ 5237646.095246959477663, -9070770.300264492630959 ], [ 5294027.140847949311137, -8871837.738302443176508 ], [ 5219535.014054208062589, -8841734.20774607360363 ], [ 5216427.156696229241788, -8739877.230152115225792 ], [ 5131958.556456326507032, -8722155.450754823163152 ], [ 5326420.628304829820991, -8596421.696444977074862 ] ] ] ] } },
{ "type": "Feature", "properties": { "ISO3": "UGA", "ISO2": "UG", "ISONUM": 800, "NAMEen": "Uganda", "NAMEfr": "Ouganda", "NAMEde": "Uganda", "REGION_BLOC": "COMESA", "REGION_UN": "Africa", "SUBREGION_UN": "Sub-Saharan Africa", "LAST_DEV": "TRUE", "AREA_2021": 241550.0, "FOREST_AREA_2021": 22966.433, "POP_2023": 48582334, "LIFE_EXP_2022": 63.638, "FERT_2022": 4.468, "HIV_2022": 5.1, "CO2_POP_2020": 0.12779303482694601, "GNI_POP_2023": 3040, "INC_20P_2021": 6.1, "GDP_INDS_2023": 25.9553837194523, "HIG_TEC_EXP_2022": 2.34793482910742, "MIL_EXP_2022": 2.06007852417852, "JamesBond": 1, "ARG_nacion": 66.0, "AUS_sydmor": 66.0, "BRA_oglobo": 53.0, "CAN_tostar": 119.0, "CHN_mopost": 29.0, "DEU_frankf": 64.0, "DZA_alnaha": 55.0, "EGY_alwafd": 208.0, "ESP_abc": 63.0, "FRA_lmonde": 170.0, "GBR_indept": 122.0, "IDN_republ": 52.0, "IND_tindia": 64.0, "IRN_hamsha": 35.0, "ITA_repubb": 97.0, "JPN_asahis": 28.0, "KEN_standa": 3527.0, "MEX_inform": 56.0, "NGA_vangua": 401.0, "RUS_isvest": 20.0, "SAU_spa": 91.0, "TUR_sabah": 56.0, "USA_nytime": 102.0, "ZAF_times": 627.0, "mean": 257.125, "rnk": 81.0, "sd": 709.41422942667532, "min": 20.0, "Q1": 54.5, "Q2": 65.0, "Q3": 119.75, "max": 3527.0, "nbsup0": 24, "nbsup10": 24, "nbsup100": 8 }, "geometry": { "type": "MultiPolygon", "coordinates": [ [ [ [ 5577199.888939990662038, -8269882.164108637720346 ], [ 5463591.039579446427524, -8326812.599524959921837 ], [ 5296200.121341697871685, -8502144.266691500321031 ], [ 5326420.628304829820991, -8596421.696444977074862 ], [ 5131958.556456326507032, -8722155.450754823163152 ], [ 5013075.533706457354128, -8832525.805724194273353 ], [ 4973138.965623129159212, -8739734.584885746240616 ], [ 4959260.227449811995029, -8698473.015851587057114 ], [ 4946829.255456889048219, -8592981.766949297860265 ], [ 5003652.958504444919527, -8501850.828285070136189 ], [ 5066512.925758311524987, -8389711.702857632189989 ], [ 5067068.873346149921417, -8343917.788757906295359 ], [ 4968548.247054864652455, -8365439.361694853752851 ], [ 4929521.257451023906469, -8256387.733743214979768 ], [ 5045549.115953674539924, -8143671.198769176378846 ], [ 5118734.645885440520942, -8136424.651009258814156 ], [ 5294654.212952386587858, -7989466.635537103749812 ], [ 5328947.063285129144788, -7907310.798989637754858 ], [ 5569139.451552338898182, -7976175.666940153576434 ], [ 5627604.503171158023179, -8043423.423979404382408 ], [ 5577199.888939990662038, -8269882.164108637720346 ] ] ] ] } },
{ "type": "Feature", "properties": { "ISO3": "UKR", "ISO2": "UA", "ISONUM": 804, "NAMEen": "Ukraine", "NAMEfr": "Ukraine", "NAMEde": "Ukraine", "REGION_BLOC": null, "REGION_UN": "Europe", "SUBREGION_UN": "Eastern Europe", "LAST_DEV": "FALSE", "AREA_2021": 603550.0, "FOREST_AREA_2021": 96960.0, "POP_2023": 37000000, "LIFE_EXP_2022": 68.587926829268298, "FERT_2022": 1.265, "HIV_2022": null, "CO2_POP_2020": 3.7473878451278, "GNI_POP_2023": 18560, "INC_20P_2021": 10.0, "GDP_INDS_2023": 18.835652529702202, "HIG_TEC_EXP_2022": 5.7361289581136399, "MIL_EXP_2022": 33.546572998620903, "JamesBond": 0, "ARG_nacion": 779.0, "AUS_sydmor": 896.0, "BRA_oglobo": 929.0, "CAN_tostar": 1481.0, "CHN_mopost": 652.0, "DEU_frankf": 3052.0, "DZA_alnaha": 914.0, "EGY_alwafd": 1167.0, "ESP_abc": 1336.0, "FRA_lmonde": 1469.0, "GBR_indept": 1694.0, "IDN_republ": 629.0, "IND_tindia": 878.0, "IRN_hamsha": 975.0, "ITA_repubb": 710.0, "JPN_asahis": 1336.0, "KEN_standa": 619.0, "MEX_inform": 1120.0, "NGA_vangua": 640.0, "RUS_isvest": 14521.0, "SAU_spa": 723.0, "TUR_sabah": 1188.0, "USA_nytime": 1937.0, "ZAF_times": 951.0, "mean": 1691.5, "rnk": 12.0, "sd": 2785.4490075951926, "min": 619.0, "Q1": 765.0, "Q2": 963.0, "Q3": 1369.25, "max": 14521.0, "nbsup0": 24, "nbsup10": 24, "nbsup100": 24 }, "geometry": { "type": "MultiPolygon", "coordinates": [ [ [ [ 2959087.261650576256216, -3758082.172234653029591 ], [ 2834237.884991665370762, -3915112.73795951064676 ], [ 2790096.860411165747792, -4012735.839273509103805 ], [ 2877564.76443853834644, -4059290.580849600024521 ], [ 2942445.238065893296152, -4011343.656920286361128 ], [ 2947106.464647118467838, -4047850.57777002081275 ], [ 2840721.45810210518539, -4218232.29013152141124 ], [ 2684774.498636613599956, -4155088.37584475800395 ], [ 2731833.137614907231182, -4084304.925674148369581 ], [ 2504202.204365731682628, -4137070.309412654023618 ], [ 2446651.499271592590958, -4308690.309425666928291 ], [ 2470737.339950395748019, -4338870.20377604290843 ], [ 2346507.69482081476599, -4376310.439518466591835 ], [ 2365594.359348338562995, -4332269.440000124275684 ], [ 2349891.958507035858929, -4248789.53961387090385 ], [ 2422752.862102660816163, -4222198.442879935726523 ], [ 2402704.153753717429936, -4173679.351278808899224 ], [ 2294499.857651323080063, -4099469.607014557346702 ], [ 2157449.561156218871474, -4100329.147491424810141 ], [ 2085502.773574843304232, -4161407.050366644281894 ], [ 1985256.567539895651862, -4277534.051685452461243 ], [ 1823092.335732548031956, -4320575.408993560820818 ], [ 1747589.363079319475219, -4296727.000084918923676 ], [ 1749602.111345927696675, -4215662.082362147979438 ], [ 1737504.967189265647903, -4165698.967451754491776 ], [ 1797585.658037365647033, -4017103.427227590698749 ], [ 1718853.471209917915985, -3933132.822230028454214 ], [ 1755886.29177928972058, -3872484.377883428242058 ], [ 1846100.891710334457457, -3824306.94573136465624 ], [ 1961635.396215136162937, -3808093.107143252156675 ], [ 2157636.747641663532704, -3714848.270143210422248 ], [ 2176197.75286323344335, -3627631.562254759017378 ], [ 2225433.621961719356477, -3594249.297925823833793 ], [ 2336224.426204682793468, -3489274.787594386376441 ], [ 2428553.686038049403578, -3575393.294751669280231 ], [ 2489435.13800676446408, -3542215.657663002144545 ], [ 2580647.459723954088986, -3591765.033047342672944 ], [ 2683024.717015214730054, -3504777.841355851851404 ], [ 2828460.169293070677668, -3470166.732257590163499 ], [ 2930071.907037011347711, -3474441.352096231654286 ], [ 2918060.548517151270062, -3517178.129658642690629 ], [ 3007285.178789240773767, -3614705.810848760418594 ], [ 2947273.790077496785671, -3661618.243359047453851 ], [ 2959087.261650576256216, -3758082.172234653029591 ] ] ] ] } },
{ "type": "Feature", "properties": { "ISO3": "URY", "ISO2": "UY", "ISONUM": 858, "NAMEen": "Uruguay", "NAMEfr": "Uruguay", "NAMEde": "Uruguay", "REGION_BLOC": "MERCOSUR", "REGION_UN": "Americas", "SUBREGION_UN": "Latin America and the Caribbean", "LAST_DEV": "FALSE", "AREA_2021": 176220.0, "FOREST_AREA_2021": 20520.0, "POP_2023": 3423108, "LIFE_EXP_2022": 78.0, "FERT_2022": 1.483, "HIV_2022": 0.6, "CO2_POP_2020": 1.8997190504991699, "GNI_POP_2023": 31690, "INC_20P_2021": 5.6, "GDP_INDS_2023": 16.358282798908299, "HIG_TEC_EXP_2022": 9.5627121971600406, "MIL_EXP_2022": 1.8997965320274799, "JamesBond": 0, "ARG_nacion": 2330.0, "AUS_sydmor": 70.0, "BRA_oglobo": 776.0, "CAN_tostar": 75.0, "CHN_mopost": 75.0, "DEU_frankf": 120.0, "DZA_alnaha": 23.0, "EGY_alwafd": 6.0, "ESP_abc": 235.0, "FRA_lmonde": 127.0, "GBR_indept": 159.0, "IDN_republ": 170.0, "IND_tindia": 53.0, "IRN_hamsha": 28.0, "ITA_repubb": 175.0, "JPN_asahis": 164.0, "KEN_standa": 100.0, "MEX_inform": 499.0, "NGA_vangua": 116.0, "RUS_isvest": 39.0, "SAU_spa": 46.0, "TUR_sabah": 69.0, "USA_nytime": 75.0, "ZAF_times": 101.0, "mean": 234.625, "rnk": 86.0, "sd": 476.59789016847679, "min": 6.0, "Q1": 65.0, "Q2": 100.5, "Q3": 165.5, "max": 2330.0, "nbsup0": 24, "nbsup10": 23, "nbsup100": 12 }, "geometry": { "type": "MultiPolygon", "coordinates": [ [ [ [ -11025204.518613779917359, -8194282.683981999754906 ], [ -11138259.247964246198535, -8162461.999637841247022 ], [ -11355842.599695410579443, -7969382.873682139441371 ], [ -11537514.019936429336667, -7691287.3635243633762 ], [ -11603637.093962179496884, -7500977.941327594220638 ], [ -11699695.376098623499274, -7351915.306119629181921 ], [ -11717676.082432409748435, -7211913.476547639816999 ], [ -11552945.934239024296403, -7163098.739966728724539 ], [ -11266787.670371681451797, -7146894.433372634463012 ], [ -11160889.475684283301234, -7294781.931947466917336 ], [ -11119352.12063679844141, -7496891.399139602668583 ], [ -10990978.275187507271767, -7813329.942110882140696 ], [ -10899574.929530350491405, -8162099.371824202127755 ], [ -11031578.725026173517108, -8151981.514471014030278 ], [ -11025204.518613779917359, -8194282.683981999754906 ] ] ] ] } },
{ "type": "Feature", "properties": { "ISO3": "USA", "ISO2": "US", "ISONUM": 840, "NAMEen": "United States of America", "NAMEfr": "États-Unis d'Amérique", "NAMEde": "Vereinigte Staaten von Amerika", "REGION_BLOC": "ALENA", "REGION_UN": "Americas", "SUBREGION_UN": "Northern America", "LAST_DEV": "FALSE", "AREA_2021": 9831510.0, "FOREST_AREA_2021": 3097950.0, "POP_2023": 334914895, "LIFE_EXP_2022": 77.434146341463403, "FERT_2022": 1.665, "HIV_2022": 0.4, "CO2_POP_2020": 13.032221729026199, "GNI_POP_2023": 82190, "INC_20P_2021": 6.0, "GDP_INDS_2023": 17.673204460060301, "HIG_TEC_EXP_2022": 17.8504545681023, "MIL_EXP_2022": 3.45491979773439, "JamesBond": 8, "ARG_nacion": 8357.0, "AUS_sydmor": 27246.0, "BRA_oglobo": 21296.0, "CAN_tostar": 25324.0, "CHN_mopost": 21331.0, "DEU_frankf": 5022.0, "DZA_alnaha": 2748.0, "EGY_alwafd": 3770.0, "ESP_abc": 8318.0, "FRA_lmonde": 9550.0, "GBR_indept": 19200.0, "IDN_republ": 16063.0, "IND_tindia": 18611.0, "IRN_hamsha": 20349.0, "ITA_repubb": 16939.0, "JPN_asahis": 6958.0, "KEN_standa": 13923.0, "MEX_inform": 23174.0, "NGA_vangua": 13629.0, "RUS_isvest": 19433.0, "SAU_spa": 1705.0, "TUR_sabah": 17246.0, "USA_nytime": null, "ZAF_times": 13233.0, "mean": 14496.739130434782, "rnk": 1.0, "sd": 7471.1418332467838, "min": 1705.0, "Q1": 8337.5, "Q2": 16063.0, "Q3": 19891.0, "max": 27246.0, "nbsup0": 23, "nbsup10": 23, "nbsup100": 23 }, "geometry": { "type": "MultiPolygon", "coordinates": [ [ [ [ -3193267.976282895542681, 7081752.363042083568871 ], [ -3301841.996562922839075, 7078165.392748675309122 ], [ -3452528.906134958378971, 7079093.112383573316038 ], [ -3387886.282475985586643, 7144174.84340600296855 ], [ -3278036.602171117905527, 7145476.06176617462188 ], [ -3179088.007040855940431, 7145431.785930817946792 ], [ -3026168.603332680650055, 7146077.422211443074048 ], [ -3193267.976282895542681, 7081752.363042083568871 ] ] ], [ [ [ -4683821.059193792752922, -34191.529516290931497 ], [ -4739156.292180392891169, 83746.591358583653346 ], [ -4813286.248424338176847, 176103.663303053297568 ], [ -4837285.92311686091125, 133801.152096138801426 ], [ -4797642.463271332904696, 74055.08135334047256 ], [ -4841661.824267302639782, 36783.07060462282243 ], [ -4719545.842857082374394, -141067.667796083085705 ], [ -4741240.070500681176782, -161847.957082236738643 ], [ -4791515.344359866343439, -158692.656294270389481 ], [ -4839991.655261316336691, -240846.095755760383327 ], [ -4799786.42280849814415, -423915.950356224493589 ], [ -4832584.256558108143508, -466086.63564870035043 ], [ -4841647.167445094324648, -499827.95365673355991 ], [ -4901000.353790234774351, -451677.795721875270829 ], [ -4909206.323406835086644, -257326.910833489033394 ], [ -5011953.06929633487016, -206854.880664121243171 ], [ -5033378.623478502035141, -234905.444650793535402 ], [ -5206083.836781102232635, -190236.05991857877234 ], [ -5315460.014640504494309, -202108.662915179156698 ], [ -5385635.315490799024701, -254742.080900047905743 ], [ -5354964.629534197039902, -312842.087914877512958 ], [ -5231816.871589622460306, -345448.054229426663369 ], [ -5160121.003945518285036, -311728.420840487582609 ], [ -5040944.076796517707407, -328670.444713323784526 ], [ -4958694.643211882561445, -412145.369616308191326 ], [ -4925080.578532009385526, -470491.379884178517386 ], [ -4945265.598421691916883, -562548.676858056802303 ], [ -5057300.193293712101877, -589325.456734107807279 ], [ -5095129.210631569847465, -653660.897230625618249 ], [ -5191501.357816318050027, -691184.690640436136164 ], [ -5244882.36003128066659, -677030.999350137310103 ], [ -5346232.637382218614221, -612988.351080272346735 ], [ -5371163.930811017751694, -706667.934587739408016 ], [ -5346418.332370502874255, -782606.979095134884119 ], [ -5215782.210816457867622, -969437.428812182857655 ], [ -5157479.939285954460502, -1014895.318133528577164 ], [ -5147619.02873751707375, -1007406.943237519357353 ], [ -5132588.255700874142349, -991611.200746660353616 ], [ -5113661.485722223296762, -988565.58426731673535 ], [ -5062364.729228387586772, -1195502.02236563549377 ], [ -4917784.673533064313233, -1245167.478155489312485 ], [ -4839584.533363945782185, -1322783.83615247765556 ], [ -4756585.363542234525084, -1590161.839877705555409 ], [ -4649944.640734379179776, -1655098.563873481936753 ], [ -4536698.867070731706917, -1650527.234301477437839 ], [ -4438499.501187713816762, -1680035.642701828153804 ], [ -4435785.266128437593579, -1809742.206085953395814 ], [ -4567011.410278552211821, -1862757.212927832501009 ], [ -4571090.773871351964772, -1898930.531369371339679 ], [ -4605892.742355839349329, -1938408.253190839663148 ], [ -4696228.297784837894142, -1904741.505404484458268 ], [ -4745447.941172503866255, -1797009.467671814607456 ], [ -4912416.244825504720211, -1731703.008223660290241 ], [ -4971059.947698952630162, -1733630.109551701927558 ], [ -5029379.482879992574453, -1767834.320780497742817 ], [ -5051423.425309582613409, -1844616.222929726354778 ], [ -5071829.192328919656575, -1845322.240855303127319 ], [ -5127850.411699562333524, -1717663.107127822702751 ], [ -5193746.208903528749943, -1598556.466900886967778 ], [ -5240906.359249734319746, -1537488.544637413229793 ], [ -5282274.453021466732025, -1528325.419413620140404 ], [ -5188506.889979938976467, -1694058.211746770655736 ], [ -5212518.189870479516685, -1729244.765638164477423 ], [ -5348938.818025192245841, -1539006.38123633665964 ], [ -5386389.546905500814319, -1566572.39912479929626 ], [ -5498353.037951961159706, -1509635.855133287375793 ], [ -5476615.419896802864969, -1439827.188189947744831 ], [ -5546356.670054087415338, -1498419.9574864434544 ], [ -5629736.049901440739632, -1521791.943023992236704 ], [ -5688313.857330899685621, -1480194.251777047058567 ], [ -5630568.280121680349112, -1432393.72044649370946 ], [ -5556371.141963771544397, -1346345.541934170061722 ], [ -5655711.08011734392494, -1398594.669966848799959 ], [ -5719751.249532076530159, -1430934.497915473300964 ], [ -5749062.741390527226031, -1464541.179156666388735 ], [ -5905675.583063033409417, -1465325.800494749331847 ], [ -5900863.501921304501593, -1407422.002620696788654 ], [ -5987562.526973740197718, -1434969.492340691620484 ], [ -6007958.335866875946522, -1371937.704096040455624 ], [ -6114402.266936775296926, -1296049.832493252120912 ], [ -6142812.525496523827314, -1220395.118748040404171 ], [ -6216391.356636147014797, -1187699.882355797337368 ], [ -6315177.227577711455524, -1075933.197900402359664 ], [ -6436292.237406433559954, -981055.550112391007133 ], [ -6515154.658346465788782, -971100.856784684467129 ], [ -6772675.323956844396889, -1104423.507736597210169 ], [ -6929189.049612539820373, -1217035.353107778821141 ], [ -7114897.232073242776096, -1189837.289820436155424 ], [ -7135240.859877088107169, -1119066.6334946337156 ], [ -7060907.014717827551067, -1027747.24697647918947 ], [ -6961768.880776609294116, -971346.587832967634313 ], [ -6862138.670663360506296, -862563.082591907121241 ], [ -6750555.525435758754611, -873019.198908604565077 ], [ -6633788.777857184410095, -694425.60279333149083 ], [ -6685065.642806050367653, -598199.010290597681887 ], [ -6626283.409387904219329, -420975.619759316556156 ], [ -6635296.103242593817413, -132111.906531470129266 ], [ -6672710.190429444424808, -60669.025900163411279 ], [ -6721692.589048625901341, -32585.996537024257123 ], [ -6783042.747052471153438, -62624.120797161878727 ], [ -6789108.853158325888216, 31054.9386905516767 ], [ -6758198.151599640026689, 156668.486908522696467 ], [ -6697075.887965325266123, 216024.568263958120951 ], [ -6728211.617441669106483, 267468.094452029152308 ], [ -6696581.142326143570244, 374349.293919412652031 ], [ -6726464.487348288297653, 575339.764476768672466 ], [ -6786302.539032788015902, 665632.159311444382183 ], [ -6794113.329868207685649, 767463.234545029932633 ], [ -6952513.389889360405505, 921513.657494765007868 ], [ -7073648.778196207247674, 885993.584951749071479 ], [ -7043614.150424279272556, 1017843.527400133083574 ], [ -6972152.002841462381184, 1125689.39051473303698 ], [ -6912699.382972338236868, 1152031.36942676641047 ], [ -6855287.338610318489373, 1148067.6570319540333 ], [ -6760278.493719893507659, 1226642.07865851582028 ], [ -6616919.056489079259336, 1290876.696780377766117 ], [ -6592303.834750922396779, 1317711.270847299136221 ], [ -6539438.091119724325836, 1428340.340795105788857 ], [ -6616238.835504709742963, 1545489.729913973249495 ], [ -6503753.562018889002502, 1685718.479720730800182 ], [ -6381427.335612044669688, 1710912.447293686214834 ], [ -6217577.983338675461709, 1843759.615686380770057 ], [ -6159803.44891703594476, 2027041.879848503740504 ], [ -6207242.25672516040504, 2042615.6123306164518 ], [ -6097266.87976854853332, 2348720.101888481993228 ], [ -5796118.758528989739716, 2668893.729563353117555 ], [ -5697111.66949275508523, 2918512.065201255492866 ], [ -5529786.052986192516983, 2951457.099606606643647 ], [ -5413724.217039364390075, 3037588.452568192500621 ], [ -5333565.869303285144269, 3138285.956373179797083 ], [ -5258337.586319767870009, 3115335.073727430775762 ], [ -5173203.801686533726752, 3143912.07530825631693 ], [ -4967667.418875444680452, 3153119.701836708001792 ], [ -4883963.655161213129759, 3132254.970124744810164 ], [ -4734452.558207958936691, 3160621.235867703799158 ], [ -4643035.060893865302205, 3114584.329552054405212 ], [ -4556729.088677610270679, 3121132.588059533387423 ], [ -4484281.564248283393681, 3031769.132616691291332 ], [ -4329468.58489731233567, 2980873.391689267475158 ], [ -4254723.82904243376106, 2886194.554412845987827 ], [ -4002982.706130621023476, 2689892.374146293848753 ], [ -3832591.492361836135387, 2659075.944886423647404 ], [ -3963861.927074247505516, 2497413.82890433492139 ], [ -3846084.740826179273427, 2474170.717071569059044 ], [ -3985930.50442665675655, 2241929.288949391804636 ], [ -4160737.030625469051301, 1897934.741962964646518 ], [ -4281767.365271350368857, 1606316.290762460790575 ], [ -4367064.403733080253005, 1357399.090142274042591 ], [ -4465950.072116104885936, 984415.435493465862237 ], [ -4528262.4627237142995, 639195.041673961328343 ], [ -4554497.29100254829973, 412656.829415993241128 ], [ -4616159.653212583623827, 303107.602886547218077 ], [ -4618968.4631691807881, 213672.611037707218202 ], [ -4678032.201504109427333, 116610.345568284174078 ], [ -4683821.059193792752922, -34191.529516290931497 ] ] ], [ [ [ -1090350.424575944896787, 3742412.998457570094615 ], [ -1125030.872509660664946, 3766515.567271675448865 ], [ -1025353.535447718808427, 3815545.847201880067587 ], [ -1090350.424575944896787, 3742412.998457570094615 ] ] ], [ [ [ -2702460.321072638500482, 2567194.043433818500489 ], [ -2788820.908892870880663, 2546744.959359932225198 ], [ -2876892.569094653241336, 2550636.544028941076249 ], [ -2900222.623480679001659, 2581577.629559316672385 ], [ -2789809.324535376392305, 2596371.209027809090912 ], [ -2702460.321072638500482, 2567194.043433818500489 ] ] ], [ [ [ -2545178.299718718975782, 2605112.436640526168048 ], [ -2614912.167073921300471, 2574017.405918836593628 ], [ -2746094.516466961242259, 2611076.639799437951297 ], [ -2545178.299718718975782, 2605112.436640526168048 ] ] ], [ [ [ -1623930.504259459441528, 3188899.373115519061685 ], [ -1646933.173395967809483, 3228578.952606776729226 ], [ -1619596.762934528291225, 3338783.270054062828422 ], [ -1551617.433755948673934, 3286461.368849319405854 ], [ -1623930.504259459441528, 3188899.373115519061685 ] ] ], [ [ [ -2475285.550333663355559, 2537847.856365311890841 ], [ -2573393.32098255539313, 2557236.369804427959025 ], [ -2474302.311316503211856, 2599838.074385104235262 ], [ -2475285.550333663355559, 2537847.856365311890841 ] ] ], [ [ [ -2479495.803850308991969, 2517403.830720337573439 ], [ -2553364.362813569139689, 2497202.540777384769171 ], [ -2686083.809429882094264, 2522699.808858846779913 ], [ -2648849.039741305634379, 2554647.709370109718293 ], [ -2479495.803850308991969, 2517403.830720337573439 ] ] ], [ [ [ -792354.330015701125376, 3200222.905635513365269 ], [ -852903.279153727809899, 3253741.772733577527106 ], [ -805918.923013594350778, 3282908.314866591710597 ], [ -700538.309507397934794, 3227721.700053517706692 ], [ -792354.330015701125376, 3200222.905635513365269 ] ] ], [ [ [ -423599.445410119253211, 2893978.261628015432507 ], [ -592768.962652180925943, 2921909.721986913122237 ], [ -608475.633985381573439, 2996389.339153615757823 ], [ -478866.153700163646135, 2954126.958396477624774 ], [ -423599.445410119253211, 2893978.261628015432507 ] ] ], [ [ [ -1429597.493866452714428, 1765756.456490277778357 ], [ -1624044.397711229976267, 2005830.645308743463829 ], [ -1920711.305136632407084, 2372075.034335310105234 ], [ -2084333.014764497056603, 2574043.118552007712424 ], [ -2183027.261517760809511, 2527468.721233404707164 ], [ -2347442.32080238359049, 2554891.472284937277436 ], [ -2363497.862849923316389, 2403665.681701669935137 ], [ -2562011.361562964506447, 2422116.565400782041252 ], [ -2787761.768364461138844, 2473863.385825919453055 ], [ -2912928.722863420378417, 2445937.576359078288078 ], [ -2969704.550267508253455, 2488163.208530171308666 ], [ -2924968.387922195252031, 2539035.829243442509323 ], [ -2857834.073558716103435, 2515261.935823443811387 ], [ -2770173.289964593481272, 2517699.159358796663582 ], [ -2540952.50191304506734, 2474561.029284635093063 ], [ -2436541.274736842140555, 2505058.389493589289486 ], [ -2413341.615878225304186, 2575822.661806502379477 ], [ -2295788.228993551805615, 2575642.025180163327605 ], [ -2158754.724829954095185, 2602333.780849034897983 ], [ -2016633.587830977048725, 2656671.442076396197081 ], [ -1971883.435920395189896, 2705972.848523470573127 ], [ -1759874.983688431093469, 2714866.68173666857183 ], [ -1709959.731054336763918, 2776752.268494460731745 ], [ -1754861.747209305875003, 2856437.045638480223715 ], [ -1704915.718493805499747, 2881581.414337438996881 ], [ -1657399.134799775667489, 3010018.826083753723651 ], [ -1588988.00235969433561, 2973771.572743282653391 ], [ -1541285.847667465917766, 2846600.303993507288396 ], [ -1531664.973549748072401, 3013246.261651202570647 ], [ -1490051.479129595216364, 3074818.152093117590994 ], [ -1562717.603503891732544, 3105650.589989220257849 ], [ -1545473.665774195455015, 3192090.541969040874392 ], [ -1470318.025946323061362, 3305564.07948014093563 ], [ -1466039.402059709187597, 3379688.962509212549776 ], [ -1376603.99761274876073, 3482411.980970879085362 ], [ -1379073.947611241135746, 3539336.540662108454853 ], [ -1313620.249650140758604, 3576168.03531343024224 ], [ -1192166.793283832026646, 3713631.800180538091809 ], [ -1115995.503901931224391, 3727971.153183033224195 ], [ -1187330.711023720214143, 3616877.949532717932016 ], [ -1261655.892959285760298, 3578659.447532904800028 ], [ -1369964.583297677570954, 3341079.385856252163649 ], [ -1351875.133733467431739, 3197917.012438527308404 ], [ -1303268.008832236751914, 3250777.610169768799096 ], [ -1192010.037735325051472, 3264414.534509318880737 ], [ -1117556.318537056213245, 3313840.751956605818123 ], [ -1005374.910415917867795, 3193660.962614596821368 ], [ -950670.455306585412472, 3233213.279711340554059 ], [ -826635.891620063805021, 3180608.632255925331265 ], [ -860832.657066228683107, 3140028.02699631312862 ], [ -756206.514111391385086, 3078707.651771825738251 ], [ -707565.486229942878708, 2918417.802239406388253 ], [ -815319.833877776633017, 2870829.534952644258738 ], [ -862453.505591622320935, 2883946.287224360276014 ], [ -964107.089573109988123, 2767228.158803886268288 ], [ -902301.995022763614543, 2647853.427698259241879 ], [ -828611.200315307709388, 2733282.148099852260202 ], [ -677185.120372377918102, 2754863.193474740721285 ], [ -562723.592794458614662, 2665933.843346407637 ], [ -689782.036030976567417, 2524549.583539107814431 ], [ -750354.412169829243794, 2562772.322859260253608 ], [ -817321.430861919885501, 2542522.139977459795773 ], [ -804895.762205709470436, 2467474.923318114131689 ], [ -717913.25427768798545, 2453212.642655866686255 ], [ -654308.059155756607652, 2391662.929921495728195 ], [ -562042.742387548671104, 2349777.013400044292212 ], [ -561112.265747025841847, 2290784.479289955459535 ], [ -634729.962924831314012, 2265167.681654121726751 ], [ -682414.722316214814782, 2088555.338971248827875 ], [ -800024.911520493333228, 1984421.619544235989451 ], [ -821673.576409803121351, 1918699.504087660461664 ], [ -1025504.0721736617852, 1927044.020260043907911 ], [ -1104086.005245515378192, 1873507.208972107153386 ], [ -1294949.663096292410046, 1821508.517782157054171 ], [ -1326702.208975480636582, 1779925.868772842222825 ], [ -1429597.493866452714428, 1765756.456490277778357 ] ] ] ] } },
{ "type": "Feature", "properties": { "ISO3": "UZB", "ISO2": "UZ", "ISONUM": 860, "NAMEen": "Uzbekistan", "NAMEfr": "Ouzbékistan", "NAMEde": "Usbekistan", "REGION_BLOC": null, "REGION_UN": "Asia", "SUBREGION_UN": "Central Asia", "LAST_DEV": "FALSE", "AREA_2021": 448924.0, "FOREST_AREA_2021": 37155.0, "POP_2023": 36412350, "LIFE_EXP_2022": 71.674, "FERT_2022": 3.308, "HIV_2022": null, "CO2_POP_2020": 3.3763037854875799, "GNI_POP_2023": 9640, "INC_20P_2021": 7.2, "GDP_INDS_2023": 30.5070180386003, "HIG_TEC_EXP_2022": 1.41210242417002, "MIL_EXP_2022": 3.5554825523167, "JamesBond": 0, "ARG_nacion": 6.0, "AUS_sydmor": 54.0, "BRA_oglobo": 16.0, "CAN_tostar": 40.0, "CHN_mopost": 26.0, "DEU_frankf": 44.0, "DZA_alnaha": 5.0, "EGY_alwafd": 49.0, "ESP_abc": 14.0, "FRA_lmonde": 36.0, "GBR_indept": 13.0, "IDN_republ": 88.0, "IND_tindia": 54.0, "IRN_hamsha": 191.0, "ITA_repubb": 39.0, "JPN_asahis": 27.0, "KEN_standa": 4.0, "MEX_inform": 22.0, "NGA_vangua": 20.0, "RUS_isvest": 270.0, "SAU_spa": 110.0, "TUR_sabah": 132.0, "USA_nytime": 38.0, "ZAF_times": 12.0, "mean": 54.583333333333336, "rnk": 147.0, "sd": 64.033222808073674, "min": 4.0, "Q1": 15.5, "Q2": 37.0, "Q3": 54.0, "max": 270.0, "nbsup0": 24, "nbsup10": 21, "nbsup100": 4 }, "geometry": { "type": "MultiPolygon", "coordinates": [ [ [ [ 4362041.78934196382761, -2512592.809434089809656 ], [ 4449532.388794380240142, -2462731.676981510594487 ], [ 4579942.310496564023197, -2432521.461884468793869 ], [ 4628413.444350808858871, -2270762.586981301661581 ], [ 4676495.521622257307172, -2185006.650915949605405 ], [ 4791085.466227559372783, -2153677.697608083486557 ], [ 4888664.926664755679667, -2174811.40368855651468 ], [ 4907390.694190829992294, -2133372.931168929673731 ], [ 4995235.894084626808763, -2152507.29906791774556 ], [ 5040853.932842529378831, -2043043.074168776860461 ], [ 5126026.336043467745185, -2009590.095287903677672 ], [ 5061669.575158908963203, -1939792.70576738147065 ], [ 5031192.909567581489682, -1737508.125704209785908 ], [ 5077105.297356106340885, -1830945.221053662477061 ], [ 5158045.231917162425816, -1757938.138660296797752 ], [ 5139596.824149791151285, -1694469.572053635958582 ], [ 5199003.137082664296031, -1672707.761831307783723 ], [ 5244390.826354252174497, -1589040.37314215162769 ], [ 5274202.619839974679053, -1747026.098820256767794 ], [ 5242521.53431242890656, -1809346.807803300209343 ], [ 5200346.823627652600408, -1856484.047004258260131 ], [ 5143692.643546809442341, -1826964.496982441050932 ], [ 5133906.218472691252828, -1926043.835502419155091 ], [ 5231968.588066125288606, -2059086.717364094918594 ], [ 5222602.290945271961391, -2179300.19849943742156 ], [ 5273432.03117002826184, -2121441.273090854287148 ], [ 5368136.076286205090582, -2129659.759145898744464 ], [ 5447524.86426112614572, -2225251.855970347765833 ], [ 5379391.058773714117706, -2336839.364216895774007 ], [ 5313322.153460673987865, -2304328.650670446455479 ], [ 5253100.823954795487225, -2382454.571619580499828 ], [ 5117322.515539565123618, -2482563.605930468067527 ], [ 4939781.198962989263237, -2576660.836985908448696 ], [ 4804407.213204918429255, -2567695.725385492667556 ], [ 4696691.103255901485682, -2701345.095479631796479 ], [ 4615638.953245108015835, -2661812.146518238354474 ], [ 4493329.404749913141131, -2741419.707343507092446 ], [ 4505384.837110489606857, -2854370.294167195912451 ], [ 4489383.917702310718596, -2873464.068274435587227 ], [ 4497462.373852014541626, -2913125.446446617599577 ], [ 4557166.495683830231428, -2958305.89677013643086 ], [ 4496936.022513782605529, -3035686.30911342613399 ], [ 4158590.445686248131096, -2807283.896852671634406 ], [ 4230214.401545711793005, -2583056.390821303240955 ], [ 4243882.440907726064324, -2576003.625299834646285 ], [ 4280291.445066338405013, -2556942.401632782071829 ], [ 4306988.476325301453471, -2542688.019938778597862 ], [ 4334025.025427860207856, -2584290.055340769700706 ], [ 4386459.64290636125952, -2597799.773503288626671 ], [ 4415546.673969226889312, -2558237.841737820301205 ], [ 4362041.78934196382761, -2512592.809434089809656 ] ] ] ] } },
{ "type": "Feature", "properties": { "ISO3": "VAT", "ISO2": "VA", "ISONUM": 336, "NAMEen": "Vatican City", "NAMEfr": "Vatican", "NAMEde": "Vatikanstaat", "REGION_BLOC": null, "REGION_UN": "Europe", "SUBREGION_UN": "Southern Europe", "LAST_DEV": "FALSE", "AREA_2021": null, "FOREST_AREA_2021": null, "POP_2023": null, "LIFE_EXP_2022": null, "FERT_2022": null, "HIV_2022": null, "CO2_POP_2020": null, "GNI_POP_2023": null, "INC_20P_2021": null, "GDP_INDS_2023": null, "HIG_TEC_EXP_2022": null, "MIL_EXP_2022": null, "JamesBond": 1, "ARG_nacion": 1120.0, "AUS_sydmor": 257.0, "BRA_oglobo": 1231.0, "CAN_tostar": 353.0, "CHN_mopost": 238.0, "DEU_frankf": 404.0, "DZA_alnaha": 72.0, "EGY_alwafd": 689.0, "ESP_abc": 817.0, "FRA_lmonde": 318.0, "GBR_indept": 285.0, "IDN_republ": 144.0, "IND_tindia": 173.0, "IRN_hamsha": 77.0, "ITA_repubb": 866.0, "JPN_asahis": 159.0, "KEN_standa": 201.0, "MEX_inform": 706.0, "NGA_vangua": 274.0, "RUS_isvest": 78.0, "SAU_spa": 39.0, "TUR_sabah": 132.0, "USA_nytime": 382.0, "ZAF_times": 321.0, "mean": 389.0, "rnk": 62.0, "sd": 336.09367224293163, "min": 39.0, "Q1": 155.25, "Q2": 279.5, "Q3": 475.25, "max": 1231.0, "nbsup0": 24, "nbsup10": 24, "nbsup100": 20 }, "geometry": { "type": "MultiPolygon", "coordinates": [ [ [ [ 1151437.024699995294213, -5239770.907144543714821 ], [ 1151113.865916050504893, -5231137.149688493460417 ], [ 1161448.301135376561433, -5229441.36752172280103 ], [ 1161815.060715731000528, -5238119.095534455031157 ], [ 1151437.024699995294213, -5239770.907144543714821 ] ] ] ] } },
{ "type": "Feature", "properties": { "ISO3": "VCT", "ISO2": "VC", "ISONUM": 670, "NAMEen": "Saint Vincent and the Grenadines", "NAMEfr": "Saint-Vincent-et-les-Grenadines", "NAMEde": "Saint Vincent", "REGION_BLOC": null, "REGION_UN": "Americas", "SUBREGION_UN": "Latin America and the Caribbean", "LAST_DEV": "FALSE", "AREA_2021": 390.0, "FOREST_AREA_2021": 285.4, "POP_2023": 103698, "LIFE_EXP_2022": 68.972, "FERT_2022": 1.778, "HIV_2022": null, "CO2_POP_2020": 2.1006957718480002, "GNI_POP_2023": 19740, "INC_20P_2021": null, "GDP_INDS_2023": 14.168374969598, "HIG_TEC_EXP_2022": 0.00345024871330536, "MIL_EXP_2022": null, "JamesBond": 0, "ARG_nacion": 6.0, "AUS_sydmor": 0.0, "BRA_oglobo": 0.0, "CAN_tostar": 0.0, "CHN_mopost": 0.0, "DEU_frankf": 0.0, "DZA_alnaha": 0.0, "EGY_alwafd": 0.0, "ESP_abc": 3.0, "FRA_lmonde": 0.0, "GBR_indept": 6.0, "IDN_republ": 6.0, "IND_tindia": 0.0, "IRN_hamsha": 0.0, "ITA_repubb": 0.0, "JPN_asahis": 0.0, "KEN_standa": 0.0, "MEX_inform": 0.0, "NGA_vangua": 0.0, "RUS_isvest": 0.0, "SAU_spa": 0.0, "TUR_sabah": 0.0, "USA_nytime": 0.0, "ZAF_times": 0.0, "mean": 0.875, "rnk": 204.0, "sd": 2.0707591550590498, "min": 0.0, "Q1": 0.0, "Q2": 0.0, "Q3": 0.0, "max": 6.0, "nbsup0": 4, "nbsup10": 0, "nbsup100": 0 }, "geometry": { "type": "MultiPolygon", "coordinates": [ [ [ [ -7495509.976264659315348, -4120367.437486982438713 ], [ -7478598.266142517328262, -4111250.646029465366155 ], [ -7467641.549314417876303, -4107888.934559130109847 ], [ -7458231.608443710952997, -4120775.343068059533834 ], [ -7455273.016173462383449, -4135296.826955107506365 ], [ -7482576.153125162236392, -4142144.688884330447763 ], [ -7509913.811375317163765, -4136449.238793699070811 ], [ -7495509.976264659315348, -4120367.437486982438713 ] ] ] ] } },
{ "type": "Feature", "properties": { "ISO3": "VEN", "ISO2": "VE", "ISONUM": 862, "NAMEen": "Venezuela", "NAMEfr": "Venezuela", "NAMEde": "Venezuela", "REGION_BLOC": "MERCOSUR", "REGION_UN": "Americas", "SUBREGION_UN": "Latin America and the Caribbean", "LAST_DEV": "FALSE", "AREA_2021": 912050.0, "FOREST_AREA_2021": 461733.6, "POP_2023": 28838499, "LIFE_EXP_2022": 71.105, "FERT_2022": 2.188, "HIV_2022": 0.5, "CO2_POP_2020": 2.5450279783196099, "GNI_POP_2023": 16960, "INC_20P_2021": 4.2, "GDP_INDS_2023": 37.2446888923877, "HIG_TEC_EXP_2022": null, "MIL_EXP_2022": 0.64988678893936502, "JamesBond": 0, "ARG_nacion": 4367.0, "AUS_sydmor": 297.0, "BRA_oglobo": 4717.0, "CAN_tostar": 605.0, "CHN_mopost": 262.0, "DEU_frankf": 954.0, "DZA_alnaha": 277.0, "EGY_alwafd": 467.0, "ESP_abc": 4372.0, "FRA_lmonde": 1325.0, "GBR_indept": 379.0, "IDN_republ": 441.0, "IND_tindia": 243.0, "IRN_hamsha": 507.0, "ITA_repubb": 640.0, "JPN_asahis": 507.0, "KEN_standa": 188.0, "MEX_inform": 3420.0, "NGA_vangua": 179.0, "RUS_isvest": 840.0, "SAU_spa": 154.0, "TUR_sabah": 339.0, "USA_nytime": 1146.0, "ZAF_times": 199.0, "mean": 1117.7083333333333, "rnk": 25.0, "sd": 1462.8423933403158, "min": 154.0, "Q1": 273.25, "Q2": 487.0, "Q3": 1002.0, "max": 4717.0, "nbsup0": 24, "nbsup10": 24, "nbsup100": 24 }, "geometry": { "type": "MultiPolygon", "coordinates": [ [ [ [ -7844037.14755345787853, -4524927.098965925164521 ], [ -7853602.238104661926627, -4568044.409355135634542 ], [ -7952806.477389484643936, -4498880.617933563888073 ], [ -8004929.333424967713654, -4567350.34975887555629 ], [ -8108545.394181419163942, -4470651.112199115566909 ], [ -8206641.725202772766352, -4478196.124198468402028 ], [ -8223966.033897651359439, -4607555.575046536512673 ], [ -8242770.61205384414643, -4642169.649017204530537 ], [ -8382376.704966406337917, -4538524.235130169428885 ], [ -8497904.919186607003212, -4373666.039705567993224 ], [ -8555443.468591403216124, -4372199.891687458381057 ], [ -8552837.272477393969893, -4278200.472136506810784 ], [ -8622967.044402694329619, -4096391.06604834087193 ], [ -8647308.246251367032528, -4179718.107125100679696 ], [ -8747664.692373948171735, -4257458.367953253909945 ], [ -8702821.069273071363568, -4360929.739564594812691 ], [ -8832049.662708329036832, -4292258.730027365498245 ], [ -9074180.648448111489415, -4010452.113659576047212 ], [ -9073997.224401224404573, -3875056.934121759608388 ], [ -8975436.934602150693536, -3773364.09379380568862 ], [ -8967512.644578523933887, -3652525.01253751013428 ], [ -8878038.209706535562873, -3712917.84681520331651 ], [ -8802653.880712438374758, -3580638.579072252381593 ], [ -8605037.157499695196748, -3551312.199038744904101 ], [ -8731230.827022153884172, -3274266.682477123104036 ], [ -8682484.269424464553595, -3143594.576998976524919 ], [ -8773275.780779544264078, -2836904.71767685841769 ], [ -8752031.375977635383606, -2767684.061252732295543 ], [ -8654207.682248586788774, -2747476.698365504853427 ], [ -8582368.151510618627071, -2622300.489094496704638 ], [ -8455349.519456839188933, -2599983.869653394445777 ], [ -8284510.192734130658209, -2696424.312199441250414 ], [ -8233991.072050838731229, -2782647.06857477966696 ], [ -8291446.362885902635753, -2700372.088106673210859 ], [ -8366619.357839317061007, -2782105.582039346918464 ], [ -8484960.50854754075408, -2736581.176258065737784 ], [ -8536881.830129979178309, -2853948.791807259432971 ], [ -8438564.376567890867591, -2898736.42272771615535 ], [ -8352312.922165655530989, -2791970.268382232636213 ], [ -8212705.299093117937446, -2974783.86498786509037 ], [ -8183716.499425498768687, -2993858.717692783102393 ], [ -8189063.272184078581631, -2934020.74446776881814 ], [ -8167758.349714666604996, -2915578.25463887071237 ], [ -8141533.779269858263433, -2945462.32373752631247 ], [ -8136340.699098573997617, -3003585.279161002486944 ], [ -8187879.464356391690671, -3027374.782439210917801 ], [ -8147705.103591024875641, -3149953.287959716282785 ], [ -8197090.152107425965369, -3321623.475972244050354 ], [ -8077158.27013779245317, -3553735.22966199554503 ], [ -8092413.730263792909682, -3632206.683577809482813 ], [ -8035316.58243593107909, -3790024.043894097208977 ], [ -7943005.525732239708304, -3851569.966928768437356 ], [ -7831921.819651520811021, -4038957.989632854238153 ], [ -7833562.848907458595932, -4110571.949618919286877 ], [ -7924420.27306392788887, -4104943.812422876711935 ], [ -7838015.028600587509573, -4231506.728682024404407 ], [ -7828231.643822298385203, -4377955.458256935700774 ], [ -7922596.141196483746171, -4382586.80549977067858 ], [ -7844037.14755345787853, -4524927.098965925164521 ] ] ] ] } },
{ "type": "Feature", "properties": { "ISO3": "VNM", "ISO2": "VN", "ISONUM": 704, "NAMEen": "Vietnam", "NAMEfr": "Vietnam", "NAMEde": "Vietnam", "REGION_BLOC": "ASEAN", "REGION_UN": "Asia", "SUBREGION_UN": "South-eastern Asia", "LAST_DEV": "FALSE", "AREA_2021": 331340.0, "FOREST_AREA_2021": 147189.9, "POP_2023": 98858950, "LIFE_EXP_2022": 74.58, "FERT_2022": 1.941, "HIV_2022": 0.3, "CO2_POP_2020": 3.6764400881398398, "GNI_POP_2023": 14400, "INC_20P_2021": 6.8, "GDP_INDS_2023": 37.120096691818297, "HIG_TEC_EXP_2022": 38.632807087907302, "MIL_EXP_2022": 2.2845698600506199, "JamesBond": 1, "ARG_nacion": 97.0, "AUS_sydmor": 480.0, "BRA_oglobo": 124.0, "CAN_tostar": 291.0, "CHN_mopost": 1089.0, "DEU_frankf": 214.0, "DZA_alnaha": 0.0, "EGY_alwafd": 0.0, "ESP_abc": 178.0, "FRA_lmonde": 147.0, "GBR_indept": 281.0, "IDN_republ": 558.0, "IND_tindia": 316.0, "IRN_hamsha": 166.0, "ITA_repubb": 163.0, "JPN_asahis": 1189.0, "KEN_standa": 151.0, "MEX_inform": 131.0, "NGA_vangua": 160.0, "RUS_isvest": 152.0, "SAU_spa": 0.0, "TUR_sabah": 80.0, "USA_nytime": 887.0, "ZAF_times": 277.0, "mean": 297.125, "rnk": 77.0, "sd": 324.55110303041778, "min": 0.0, "Q1": 129.25, "Q2": 164.5, "Q3": 297.25, "max": 1189.0, "nbsup0": 21, "nbsup10": 21, "nbsup100": 19 }, "geometry": { "type": "MultiPolygon", "coordinates": [ [ [ [ 7252277.318843732587993, 2355179.356064162217081 ], [ 7350297.367518772371113, 2217143.590872606728226 ], [ 7441511.60671838093549, 2214114.534370158798993 ], [ 7486988.214884703047574, 2150417.410148434340954 ], [ 7608890.582894492894411, 2126483.128305142279714 ], [ 7670559.636693368665874, 2262635.490407258272171 ], [ 7731883.84525397233665, 2310061.695340636186302 ], [ 7858618.880886886268854, 2671154.141438381746411 ], [ 7961146.895214028656483, 2809225.498822058551013 ], [ 8083807.755574564449489, 2857073.025009130593389 ], [ 8155414.758090849034488, 2854932.485254920553416 ], [ 8268730.719946295954287, 2850070.749220464378595 ], [ 8375059.298508604057133, 2757704.626332561951131 ], [ 8454974.433892944827676, 2628896.548952138051391 ], [ 8475331.991959748789668, 2573197.551032952964306 ], [ 8578467.3464072085917, 2538594.556354808155447 ], [ 8753588.652555359527469, 2304988.264540940523148 ], [ 8613193.292957864701748, 2290632.84381196834147 ], [ 8569687.173592047765851, 2208509.518199993297458 ], [ 8494164.108486492186785, 2280624.423737443517894 ], [ 8453867.722398912534118, 2384699.799731675069779 ], [ 8362589.806494243443012, 2400369.896611959207803 ], [ 8354677.424086710438132, 2464467.113361986819655 ], [ 8236455.944930950179696, 2599203.986009532120079 ], [ 7987115.209484511986375, 2521453.484639663714916 ], [ 7920128.915930095128715, 2521178.110876447055489 ], [ 7853161.534595382399857, 2445830.942852741107345 ], [ 7746561.800191742368042, 2182608.343927504029125 ], [ 7700881.181531998328865, 2128613.901209350675344 ], [ 7638421.492421004921198, 1883022.340772784082219 ], [ 7515872.284627540037036, 2007810.672527011949569 ], [ 7453374.022893931716681, 1866167.93174865655601 ], [ 7492779.695888166315854, 1745731.968026365153491 ], [ 7420785.03396222088486, 1709691.23749323701486 ], [ 7356467.467574489302933, 1579595.462258924497291 ], [ 7307661.661216783337295, 1612406.322777365567163 ], [ 7255116.238684377633035, 1805244.653950667474419 ], [ 7153625.925218468531966, 1958641.92864788766019 ], [ 7183916.703806239180267, 2040141.968775762245059 ], [ 7168256.189487199299037, 2156942.003544988110662 ], [ 7251398.980799219571054, 2168379.664834997151047 ], [ 7252277.318843732587993, 2355179.356064162217081 ] ] ] ] } },
{ "type": "Feature", "properties": { "ISO3": "VUT", "ISO2": "VU", "ISONUM": 548, "NAMEen": "Vanuatu", "NAMEfr": "Vanuatu", "NAMEde": "Vanuatu", "REGION_BLOC": null, "REGION_UN": "Oceania", "SUBREGION_UN": "Melanesia", "LAST_DEV": "FALSE", "AREA_2021": 12190.0, "FOREST_AREA_2021": 4423.0, "POP_2023": 334506, "LIFE_EXP_2022": 70.492, "FERT_2022": 3.697, "HIV_2022": null, "CO2_POP_2020": 0.38917496831737203, "GNI_POP_2023": 3770, "INC_20P_2021": 7.5, "GDP_INDS_2023": 10.029571706426401, "HIG_TEC_EXP_2022": null, "MIL_EXP_2022": null, "JamesBond": 0, "ARG_nacion": 0.0, "AUS_sydmor": 74.0, "BRA_oglobo": 12.0, "CAN_tostar": 23.0, "CHN_mopost": 19.0, "DEU_frankf": 14.0, "DZA_alnaha": 11.0, "EGY_alwafd": 11.0, "ESP_abc": 3.0, "FRA_lmonde": 22.0, "GBR_indept": 12.0, "IDN_republ": 36.0, "IND_tindia": 17.0, "IRN_hamsha": 0.0, "ITA_repubb": 1.0, "JPN_asahis": 27.0, "KEN_standa": 0.0, "MEX_inform": 22.0, "NGA_vangua": 4.0, "RUS_isvest": 10.0, "SAU_spa": 20.0, "TUR_sabah": 16.0, "USA_nytime": 4.0, "ZAF_times": 35.0, "mean": 16.375, "rnk": 184.0, "sd": 16.099723195027973, "min": 0.0, "Q1": 4.0, "Q2": 13.0, "Q3": 22.0, "max": 74.0, "nbsup0": 21, "nbsup10": 16, "nbsup100": 0 }, "geometry": { "type": "MultiPolygon", "coordinates": [ [ [ [ 2633507.064048126339912, 11362361.367519503459334 ], [ 2557185.943224560469389, 11462395.949066961184144 ], [ 2492723.546916086226702, 11527766.052408155053854 ], [ 2604409.381328193005174, 11497025.453190607950091 ], [ 2646470.877732641529292, 11435471.685940722003579 ], [ 2716393.828045236878097, 11396630.108982900157571 ], [ 2734925.76469756430015, 11321164.507034085690975 ], [ 2633507.064048126339912, 11362361.367519503459334 ] ] ] ] } },
{ "type": "Feature", "properties": { "ISO3": "WSM", "ISO2": "WS", "ISONUM": 882, "NAMEen": "Samoa", "NAMEfr": "Samoa", "NAMEde": "Samoa", "REGION_BLOC": null, "REGION_UN": "Oceania", "SUBREGION_UN": "Polynesia", "LAST_DEV": "FALSE", "AREA_2021": 2840.0, "FOREST_AREA_2021": 1611.9, "POP_2023": 225681, "LIFE_EXP_2022": 72.598, "FERT_2022": 3.875, "HIV_2022": null, "CO2_POP_2020": 0.96078239790814601, "GNI_POP_2023": 6600, "INC_20P_2021": 6.8, "GDP_INDS_2023": 10.955586169322601, "HIG_TEC_EXP_2022": 1.0752843011372, "MIL_EXP_2022": null, "JamesBond": 0, "ARG_nacion": 21.0, "AUS_sydmor": 146.0, "BRA_oglobo": 3.0, "CAN_tostar": 10.0, "CHN_mopost": 28.0, "DEU_frankf": 0.0, "DZA_alnaha": 0.0, "EGY_alwafd": 4.0, "ESP_abc": 1.0, "FRA_lmonde": 15.0, "GBR_indept": 84.0, "IDN_republ": 9.0, "IND_tindia": 0.0, "IRN_hamsha": 0.0, "ITA_repubb": 25.0, "JPN_asahis": 101.0, "KEN_standa": 21.0, "MEX_inform": 3.0, "NGA_vangua": 6.0, "RUS_isvest": 1.0, "SAU_spa": 4.0, "TUR_sabah": 0.0, "USA_nytime": 10.0, "ZAF_times": 52.0, "mean": 22.666666666666668, "rnk": 175.0, "sd": 37.201760905805969, "min": 0.0, "Q1": 1.0, "Q2": 7.5, "Q3": 22.0, "max": 146.0, "nbsup0": 19, "nbsup10": 9, "nbsup100": 2 }, "geometry": { "type": "MultiPolygon", "coordinates": [ [ [ [ -1546053.753804261796176, 11384201.442765204235911 ], [ -1734104.49169615469873, 11417149.382265206426382 ], [ -1672583.828349379589781, 11434849.32234376296401 ], [ -1494904.35766402608715, 11433890.25560980848968 ], [ -1444453.315411725779995, 11406138.538063682615757 ], [ -1546053.753804261796176, 11384201.442765204235911 ] ] ] ] } },
{ "type": "Feature", "properties": { "ISO3": "YEM", "ISO2": "YE", "ISONUM": 887, "NAMEen": "Yemen", "NAMEfr": "Yémen", "NAMEde": "Jemen", "REGION_BLOC": "Arab League", "REGION_UN": "Asia", "SUBREGION_UN": "Western Asia", "LAST_DEV": "TRUE", "AREA_2021": 527970.0, "FOREST_AREA_2021": 5490.0, "POP_2023": 34449825, "LIFE_EXP_2022": 63.72, "FERT_2022": 3.716, "HIV_2022": 0.1, "CO2_POP_2020": 0.308514614308256, "GNI_POP_2023": 3280, "INC_20P_2021": 7.3, "GDP_INDS_2023": 25.442997843317301, "HIG_TEC_EXP_2022": 4.8292841538347799, "MIL_EXP_2022": 3.9668910882450299, "JamesBond": 0, "ARG_nacion": 165.0, "AUS_sydmor": 224.0, "BRA_oglobo": 399.0, "CAN_tostar": 518.0, "CHN_mopost": 210.0, "DEU_frankf": 420.0, "DZA_alnaha": 2152.0, "EGY_alwafd": 2326.0, "ESP_abc": 245.0, "FRA_lmonde": 1097.0, "GBR_indept": 557.0, "IDN_republ": 846.0, "IND_tindia": 571.0, "IRN_hamsha": 1598.0, "ITA_repubb": 546.0, "JPN_asahis": 274.0, "KEN_standa": 369.0, "MEX_inform": 583.0, "NGA_vangua": 185.0, "RUS_isvest": 276.0, "SAU_spa": 4304.0, "TUR_sabah": 436.0, "USA_nytime": 797.0, "ZAF_times": 413.0, "mean": 812.95833333333337, "rnk": 33.0, "sd": 945.33529727571386, "min": 165.0, "Q1": 275.5, "Q2": 477.0, "Q3": 809.25, "max": 4304.0, "nbsup0": 24, "nbsup10": 24, "nbsup100": 24 }, "geometry": { "type": "MultiPolygon", "coordinates": [ [ [ [ 6525586.834166713058949, -4901269.360719875432551 ], [ 6489871.875917812809348, -5017257.556054057553411 ], [ 6540886.051379942335188, -5068447.089675372466445 ], [ 6373561.313189034350216, -5428521.06744250562042 ], [ 6345475.135784145444632, -5578269.589763659052551 ], [ 6279217.2127256533131, -5650488.439862451516092 ], [ 6198254.519484102725983, -5840797.792266552336514 ], [ 6098739.560347708873451, -5958625.589417955838144 ], [ 6064376.401398353278637, -6089543.423465951345861 ], [ 5974314.3505315836519, -6198198.678997181355953 ], [ 5851834.947423687204719, -6220929.308138276450336 ], [ 5603952.102862600237131, -6073108.62097171228379 ], [ 5564384.975963438861072, -6011202.726614028215408 ], [ 5531369.309783883392811, -5897516.180439841933548 ], [ 5725811.681201725266874, -5692850.993380984291434 ], [ 5973490.453096421435475, -5487602.613362829200923 ], [ 5956168.657232025638223, -5332551.447583921253681 ], [ 6006536.285212974064052, -5197739.862240140326321 ], [ 6224084.050486203283072, -4866529.593764278106391 ], [ 6525586.834166713058949, -4901269.360719875432551 ] ] ] ] } },
{ "type": "Feature", "properties": { "ISO3": "ZAF", "ISO2": "ZA", "ISONUM": 710, "NAMEen": "South Africa", "NAMEfr": "Afrique du Sud", "NAMEde": "Südafrika", "REGION_BLOC": "SADC", "REGION_UN": "Africa", "SUBREGION_UN": "Sub-Saharan Africa", "LAST_DEV": "FALSE", "AREA_2021": 1219090.0, "FOREST_AREA_2021": 170136.9, "POP_2023": 60414495, "LIFE_EXP_2022": 61.48, "FERT_2022": 2.341, "HIV_2022": 17.8, "CO2_POP_2020": 6.6875631473778103, "GNI_POP_2023": 15630, "INC_20P_2021": 2.4, "GDP_INDS_2023": 24.5707727847951, "HIG_TEC_EXP_2022": 5.47917460489787, "MIL_EXP_2022": 0.73989364816657499, "JamesBond": 1, "ARG_nacion": 558.0, "AUS_sydmor": 2571.0, "BRA_oglobo": 423.0, "CAN_tostar": 1267.0, "CHN_mopost": 792.0, "DEU_frankf": 528.0, "DZA_alnaha": 68.0, "EGY_alwafd": 228.0, "ESP_abc": 364.0, "FRA_lmonde": 907.0, "GBR_indept": 1574.0, "IDN_republ": 225.0, "IND_tindia": 2811.0, "IRN_hamsha": 420.0, "ITA_repubb": 402.0, "JPN_asahis": 101.0, "KEN_standa": 3804.0, "MEX_inform": 214.0, "NGA_vangua": 5419.0, "RUS_isvest": 10.0, "SAU_spa": 183.0, "TUR_sabah": 226.0, "USA_nytime": 1042.0, "ZAF_times": null, "mean": 1049.4347826086957, "rnk": 27.0, "sd": 1367.2042750241344, "min": 10.0, "Q1": 225.5, "Q2": 423.0, "Q3": 1154.5, "max": 5419.0, "nbsup0": 23, "nbsup10": 22, "nbsup100": 21 }, "geometry": { "type": "MultiPolygon", "coordinates": [ [ [ [ 6481414.417344709858298, -10664698.641498241573572 ], [ 6729628.433545998297632, -10775282.993882661685348 ], [ 6812590.192561996169388, -10923945.220069479197264 ], [ 6700330.638031435199082, -10965324.8546541929245 ], [ 6604246.921416594646871, -11078687.769712503999472 ], [ 6621980.706326487474144, -11137466.085387459024787 ], [ 6732414.851799932308495, -11135370.825322886928916 ], [ 6895887.760810278356075, -11049342.945265324786305 ], [ 6895895.563970896415412, -10987084.064363844692707 ], [ 7045039.528311530128121, -10892858.808596096932888 ], [ 7048382.802478763274848, -11115303.347194852307439 ], [ 6873344.983976830728352, -11355117.973296063020825 ], [ 6787396.946115827187896, -11572380.335927531123161 ], [ 6502450.579298472031951, -11951839.568453239277005 ], [ 6247073.253058075904846, -12207367.106026398018003 ], [ 5955208.100373880937696, -12385597.617647493258119 ], [ 5795367.510072708129883, -12509098.369657544419169 ], [ 5281957.443447774276137, -12711609.256642835214734 ], [ 4928006.85047094617039, -12896108.530732681974769 ], [ 4728226.658372183330357, -13023600.717453401535749 ], [ 4360521.114856138825417, -13040709.912640109658241 ], [ 4177847.858340553939342, -12978281.430022833868861 ], [ 4269139.725752255879343, -12929027.518327888101339 ], [ 4212467.450279757380486, -12832774.61544045060873 ], [ 3969106.216507903300226, -12757453.116711426526308 ], [ 3735901.94431232707575, -12622652.345824951305985 ], [ 3809436.233516064006835, -12543877.629541151225567 ], [ 3941691.77964382711798, -12575169.880109090358019 ], [ 4317483.328019058331847, -12481069.565106960013509 ], [ 4492655.503846533596516, -12355778.409651726484299 ], [ 4353665.906639340333641, -11973661.338644027709961 ], [ 4587235.730607382021844, -12049719.10157785564661 ], [ 4585299.033149817027152, -12140564.397119214758277 ], [ 4794232.24117205478251, -12055223.153321469202638 ], [ 4973348.884766943752766, -11877893.919076401740313 ], [ 5003754.906201718375087, -11784105.742723880335689 ], [ 5393822.538869292475283, -11674039.806890459731221 ], [ 5543957.634426658041775, -11577741.013821786269546 ], [ 5558581.519833334721625, -11463546.235461305826902 ], [ 5729084.144048132002354, -11317250.450529336929321 ], [ 5729283.788765297271311, -11242329.548924310132861 ], [ 5933746.946542991325259, -11002419.079506378620863 ], [ 6105454.693983213976026, -10857547.302350768819451 ], [ 6481414.417344709858298, -10664698.641498241573572 ] ], [ [ 6340229.368207051418722, -11552582.077306089922786 ], [ 6146103.649992885999382, -11683092.067906206473708 ], [ 6032325.191460091620684, -11831514.086167581379414 ], [ 6232617.360151406377554, -11849464.791016817092896 ], [ 6484489.151796713471413, -11626127.953597851097584 ], [ 6511307.738661698065698, -11538794.923166306689382 ], [ 6340229.368207051418722, -11552582.077306089922786 ] ] ] ] } },
{ "type": "Feature", "properties": { "ISO3": "ZMB", "ISO2": "ZM", "ISONUM": 894, "NAMEen": "Zambia", "NAMEfr": "Zambie", "NAMEde": "Sambia", "REGION_BLOC": "COMESA, SADC", "REGION_UN": "Africa", "SUBREGION_UN": "Sub-Saharan Africa", "LAST_DEV": "TRUE", "AREA_2021": 752610.0, "FOREST_AREA_2021": 446258.133, "POP_2023": 20569737, "LIFE_EXP_2022": 61.803, "FERT_2022": 4.242, "HIV_2022": 10.8, "CO2_POP_2020": 0.40190271250386, "GNI_POP_2023": 3960, "INC_20P_2021": 3.8, "GDP_INDS_2023": 36.0681812911482, "HIG_TEC_EXP_2022": 0.920610400188835, "MIL_EXP_2022": 1.1863043287207899, "JamesBond": 0, "ARG_nacion": 18.0, "AUS_sydmor": 9.0, "BRA_oglobo": 13.0, "CAN_tostar": 13.0, "CHN_mopost": 6.0, "DEU_frankf": 32.0, "DZA_alnaha": 216.0, "EGY_alwafd": 127.0, "ESP_abc": 12.0, "FRA_lmonde": 37.0, "GBR_indept": 35.0, "IDN_republ": 9.0, "IND_tindia": 18.0, "IRN_hamsha": 14.0, "ITA_repubb": 31.0, "JPN_asahis": 20.0, "KEN_standa": 455.0, "MEX_inform": 23.0, "NGA_vangua": 476.0, "RUS_isvest": 17.0, "SAU_spa": 52.0, "TUR_sabah": 19.0, "USA_nytime": 14.0, "ZAF_times": 464.0, "mean": 88.75, "rnk": 126.0, "sd": 152.2621452284356, "min": 6.0, "Q1": 13.75, "Q2": 19.5, "Q3": 40.75, "max": 476.0, "nbsup0": 24, "nbsup10": 21, "nbsup100": 5 }, "geometry": { "type": "MultiPolygon", "coordinates": [ [ [ [ 5667855.625215833075345, -9371043.869521360844374 ], [ 6001287.631218229420483, -9269175.663027688860893 ], [ 6194339.817323940806091, -9297086.416751245036721 ], [ 6151248.161072622984648, -9357587.304402371868491 ], [ 6220555.666785269975662, -9486938.488491728901863 ], [ 6240185.357437262311578, -9679979.641767248511314 ], [ 6325822.771811308339238, -9665873.808540161699057 ], [ 5867205.118427561596036, -10075016.052608363330364 ], [ 5935788.801031265407801, -10118819.10049338079989 ], [ 5764447.697246989235282, -10227337.562116334214807 ], [ 5692366.282926885411143, -10370973.672432256862521 ], [ 5555493.340675134211779, -10486495.304184636101127 ], [ 5446721.557987433858216, -10679542.625995693728328 ], [ 5107943.937529616057873, -10825600.588058292865753 ], [ 4896458.826814157888293, -10884715.627894695848227 ], [ 4743686.970680030994117, -10971651.83166453614831 ], [ 4452968.590817529708147, -10961872.133312227204442 ], [ 4413508.889813968911767, -10932713.859664905816317 ], [ 4281714.144491398707032, -10608339.516897190362215 ], [ 4653117.609761407598853, -10450762.643492985516787 ], [ 4551627.868933098390698, -10238698.009323203936219 ], [ 4631296.548425973393023, -10264122.663341414183378 ], [ 4799975.517881873063743, -10164159.948383228853345 ], [ 4834085.140715949237347, -10202623.197260877117515 ], [ 5090705.259753544814885, -10123035.949816331267357 ], [ 5153243.590331345796585, -10035687.309312870725989 ], [ 5270461.969098855741322, -10065118.786740753799677 ], [ 5401545.189390273764729, -10015107.433158315718174 ], [ 5598937.679856327362359, -10030881.044066075235605 ], [ 5708136.881617944687605, -9967919.554688185453415 ], [ 5638593.440567400306463, -9845819.311790104955435 ], [ 5517875.833117745816708, -9942087.160999277606606 ], [ 5351833.638349205255508, -9915785.744018726050854 ], [ 5350701.764284482225776, -9799664.225326249375939 ], [ 5270148.872946214862168, -9699921.703661862760782 ], [ 5283889.634377942420542, -9611306.585979910567403 ], [ 5285952.490265457890928, -9578060.144596502184868 ], [ 5549284.154264609329402, -9394600.443215714767575 ], [ 5667855.625215833075345, -9371043.869521360844374 ] ] ] ] } },
{ "type": "Feature", "properties": { "ISO3": "ZWE", "ISO2": "ZW", "ISONUM": 716, "NAMEen": "Zimbabwe", "NAMEfr": "Zimbabwe", "NAMEde": "Simbabwe", "REGION_BLOC": "COMESA, SADC", "REGION_UN": "Africa", "SUBREGION_UN": "Sub-Saharan Africa", "LAST_DEV": "FALSE", "AREA_2021": 390760.0, "FOREST_AREA_2021": 173985.1, "POP_2023": 16665409, "LIFE_EXP_2022": 59.391, "FERT_2022": 3.437, "HIV_2022": 11.0, "CO2_POP_2020": 0.53048354700093803, "GNI_POP_2023": 3850, "INC_20P_2021": 6.0, "GDP_INDS_2023": 46.924137777013399, "HIG_TEC_EXP_2022": 1.47693113776014, "MIL_EXP_2022": 0.42705656262948, "JamesBond": 0, "ARG_nacion": 70.0, "AUS_sydmor": 245.0, "BRA_oglobo": 189.0, "CAN_tostar": 320.0, "CHN_mopost": 178.0, "DEU_frankf": 48.0, "DZA_alnaha": 201.0, "EGY_alwafd": 243.0, "ESP_abc": 128.0, "FRA_lmonde": 312.0, "GBR_indept": 255.0, "IDN_republ": 91.0, "IND_tindia": 280.0, "IRN_hamsha": 100.0, "ITA_repubb": 106.0, "JPN_asahis": 87.0, "KEN_standa": 1629.0, "MEX_inform": 108.0, "NGA_vangua": 911.0, "RUS_isvest": 48.0, "SAU_spa": 70.0, "TUR_sabah": 58.0, "USA_nytime": 245.0, "ZAF_times": 4773.0, "mean": 445.625, "rnk": 57.0, "sd": 982.72273999111883, "min": 48.0, "Q1": 90.0, "Q2": 183.5, "Q3": 261.25, "max": 4773.0, "nbsup0": 24, "nbsup10": 24, "nbsup100": 16 }, "geometry": { "type": "MultiPolygon", "coordinates": [ [ [ [ 5935788.801031265407801, -10118819.10049338079989 ], [ 5957356.268047266639769, -10153025.454673444852233 ], [ 6109896.746601862832904, -10064843.729188008233905 ], [ 6446897.567971998825669, -9939307.050509039312601 ], [ 6558050.048992898315191, -10085032.40385190397501 ], [ 6577923.825742283836007, -10221291.270112404599786 ], [ 6655631.244760523550212, -10245928.325925465673208 ], [ 6598712.835405669175088, -10352665.650242788717151 ], [ 6622867.737014276906848, -10432530.918195944279432 ], [ 6481414.417344709858298, -10664698.641498241573572 ], [ 6105454.693983213976026, -10857547.302350768819451 ], [ 6025465.796177034266293, -10852923.208063408732414 ], [ 5822573.029093259945512, -10935517.283531410619617 ], [ 5703579.247354400344193, -10864577.681448701769114 ], [ 5355032.929937234148383, -10916380.566463844850659 ], [ 5107943.937529616057873, -10825600.588058292865753 ], [ 5446721.557987433858216, -10679542.625995693728328 ], [ 5555493.340675134211779, -10486495.304184636101127 ], [ 5692366.282926885411143, -10370973.672432256862521 ], [ 5764447.697246989235282, -10227337.562116334214807 ], [ 5935788.801031265407801, -10118819.10049338079989 ] ] ] ] } }
]
}
